ID,Warehouse_block,Mode_of_Shipment,Customer_care_calls,Customer_rating,Cost_of_the_Product,Prior_purchases,Product_importance,Gender,Discount_offered,Weight_in_gms,on_time,high_care_calls,discount_tier,weight_category,is_high_value,is_repeat_customer,low_satisfaction,failure_risk_score,predicted_outcome,predicted_label,risk_tier
1,3,0,4,2,177,3,1,0,44,1233,1,1,0,1,0,1,1,0.0005818967,0,On Time,Low Risk
2,4,0,4,5,216,2,1,1,59,3088,1,1,0,0,1,0,0,0.00043098535,0,On Time,Low Risk
3,0,0,2,2,183,4,1,1,48,3374,1,0,0,0,0,1,1,0.0005512273,0,On Time,Low Risk
4,1,0,3,3,176,4,2,1,10,1177,1,0,1,1,0,1,0,0.41236064,0,On Time,Medium Risk
5,2,0,2,2,184,3,2,0,46,2484,1,0,0,1,0,1,1,0.00043712786,0,On Time,Low Risk
6,4,0,3,1,162,3,2,0,12,1417,1,0,2,1,0,1,1,0.00053054164,0,On Time,Low Risk
7,3,0,3,4,250,3,1,0,3,2371,1,0,1,1,1,1,0,0.02074076,0,On Time,Low Risk
8,4,0,4,1,233,2,1,0,48,2804,1,1,0,1,1,0,1,0.00046356017,0,On Time,Low Risk
9,0,0,3,4,150,3,1,0,11,1861,1,0,2,1,0,1,0,0.0009864564,0,On Time,Low Risk
10,1,0,3,2,164,3,2,0,29,1187,1,0,2,1,0,1,1,0.00079142104,0,On Time,Low Risk
11,2,0,3,4,189,2,2,1,12,2888,1,0,2,1,0,0,0,0.00053965166,0,On Time,Low Risk
12,4,0,4,5,232,3,2,0,32,3253,1,1,0,0,1,1,0,0.00040819682,0,On Time,Low Risk
13,3,0,3,5,198,3,2,0,1,3667,1,0,1,0,0,1,0,0.02270203,0,On Time,Low Risk
14,4,0,4,4,275,3,0,1,29,2602,1,1,2,1,1,1,0,0.00036749511,0,On Time,Low Risk
15,0,0,4,3,152,3,1,1,43,1009,1,1,0,1,0,1,0,0.0009618075,0,On Time,Low Risk
16,1,0,4,3,227,3,1,0,45,2707,1,1,0,1,1,1,0,0.00043299104,0,On Time,Low Risk
17,2,0,3,4,143,2,2,0,6,1194,1,0,1,1,0,0,0,0.105499975,0,On Time,Low Risk
18,4,2,5,5,227,3,2,1,36,3952,1,1,0,0,1,1,0,0.00050722325,0,On Time,Low Risk
19,3,2,5,5,239,3,0,1,18,2495,1,1,2,1,1,1,0,0.00061947166,0,On Time,Low Risk
20,4,2,4,5,145,3,2,1,45,1059,1,1,0,1,0,1,0,0.00069876056,0,On Time,Low Risk
21,0,2,3,3,161,2,2,0,38,1521,1,0,0,1,0,0,0,0.00059629924,0,On Time,Low Risk
22,1,2,3,1,232,4,2,0,51,2899,1,0,0,1,1,1,1,0.00054542086,0,On Time,Low Risk
23,2,2,2,5,156,2,1,1,2,1750,1,0,1,1,0,0,0,0.101556726,0,On Time,Low Risk
24,4,2,4,3,211,3,0,1,12,3922,1,1,2,0,0,1,0,0.00047310328,0,On Time,Low Risk
25,3,2,4,5,251,2,2,0,28,3561,1,1,2,0,1,0,0,0.0005500629,0,On Time,Low Risk
26,4,2,3,1,225,4,1,1,29,3496,1,0,2,0,1,1,1,0.00065405393,0,On Time,Low Risk
27,0,2,4,1,172,3,0,0,24,1066,1,1,2,1,0,1,1,0.00056166394,0,On Time,Low Risk
28,1,2,5,1,162,3,2,1,31,1435,1,1,0,1,0,1,1,0.0005793276,0,On Time,Low Risk
29,2,2,2,3,234,4,1,1,44,3134,1,0,0,0,1,1,0,0.00057128904,0,On Time,Low Risk
30,4,2,5,4,183,2,1,0,36,3819,1,1,0,0,0,0,0,0.00044220773,0,On Time,Low Risk
31,3,2,3,4,266,2,2,0,38,2741,1,0,0,1,1,0,0,0.00054674037,0,On Time,Low Risk
32,4,2,5,3,257,2,1,0,61,3341,1,1,0,0,1,0,0,0.0005870893,0,On Time,Low Risk
33,0,2,3,1,223,3,1,0,22,3795,1,0,2,0,1,1,1,0.0005021155,0,On Time,Low Risk
34,1,2,4,2,234,3,2,1,4,3261,1,1,1,0,1,1,1,0.038848076,0,On Time,Low Risk
35,2,2,4,2,227,4,2,0,22,2460,1,1,2,1,1,1,1,0.00069691474,0,On Time,Low Risk
36,4,2,5,4,149,3,2,0,44,1811,1,1,0,1,0,1,0,0.0008638304,0,On Time,Low Risk
37,3,2,3,5,137,4,0,0,62,1477,1,0,0,1,0,1,0,0.000515166,0,On Time,Low Risk
38,4,2,2,4,181,6,2,0,16,3605,1,0,2,0,0,1,0,0.0006039908,0,On Time,Low Risk
39,0,2,5,1,215,4,1,0,56,3905,1,1,0,0,1,1,1,0.0008435646,0,On Time,Low Risk
40,1,2,4,2,269,5,1,0,45,2383,1,1,0,1,1,1,1,0.0006083249,0,On Time,Low Risk
41,2,2,5,1,227,2,1,1,15,3798,1,1,2,0,1,0,1,0.0006480526,0,On Time,Low Risk
42,4,2,5,5,139,4,2,1,61,1265,1,1,0,1,0,1,0,0.00060559413,0,On Time,Low Risk
43,3,2,3,5,137,2,2,1,38,1647,1,0,0,1,0,0,0,0.00046573265,0,On Time,Low Risk
44,4,2,3,1,174,2,1,1,44,1556,1,0,0,1,0,0,1,0.00075549923,0,On Time,Low Risk
45,0,2,3,1,151,2,1,1,29,1328,1,0,2,1,0,0,1,0.00080915657,0,On Time,Low Risk
46,1,2,5,1,210,3,1,0,9,2944,1,1,1,1,0,1,1,0.044518266,0,On Time,Low Risk
47,2,2,3,4,169,4,2,0,32,1245,1,0,0,1,0,1,0,0.0011357032,0,On Time,Low Risk
48,4,2,5,1,160,2,1,1,32,1576,1,1,0,1,0,0,1,0.0011487013,0,On Time,Low Risk
49,3,2,5,4,190,2,2,1,9,3753,1,1,1,0,0,0,0,0.04387429,0,On Time,Low Risk
50,4,2,5,3,216,3,1,0,40,2146,1,1,0,1,1,1,0,0.0005633869,0,On Time,Low Risk
51,0,2,4,1,183,3,1,1,37,2042,1,1,0,1,0,1,1,0.00043154616,0,On Time,Low Risk
52,1,2,4,4,141,3,1,1,22,1735,1,1,2,1,0,1,0,0.00071619893,0,On Time,Low Risk
53,2,2,4,3,165,3,1,0,44,1320,1,1,0,1,0,1,0,0.0009292583,0,On Time,Low Risk
54,4,2,2,1,170,3,1,1,41,1128,1,0,0,1,0,1,1,0.00049708836,0,On Time,Low Risk
55,3,2,4,3,203,3,0,1,12,3539,1,1,2,0,0,1,0,0.0004916227,0,On Time,Low Risk
56,4,2,2,5,246,5,1,1,46,2437,1,0,0,1,1,1,0,0.000531123,0,On Time,Low Risk
57,0,2,3,3,238,3,1,0,61,3096,1,0,0,0,1,1,0,0.0004419614,0,On Time,Low Risk
58,1,2,3,3,193,3,2,0,29,3453,1,0,2,0,0,1,0,0.00048573216,0,On Time,Low Risk
59,2,2,5,5,141,3,0,1,41,1367,1,1,0,1,0,1,0,0.001141929,0,On Time,Low Risk
60,4,2,4,1,150,3,0,0,17,1923,1,1,2,1,0,1,1,0.00078458484,0,On Time,Low Risk
61,3,2,3,1,221,3,1,0,64,2794,1,0,0,1,1,1,1,0.0004690706,0,On Time,Low Risk
62,4,2,3,3,179,3,2,1,52,1158,1,0,0,1,0,1,0,0.00075578113,0,On Time,Low Risk
63,0,2,5,1,105,6,2,1,62,1292,1,1,0,1,0,1,1,0.00037184864,0,On Time,Low Risk
64,1,2,3,1,177,3,2,1,61,1880,1,0,0,1,0,1,1,0.00096783304,0,On Time,Low Risk
65,2,2,4,5,261,2,0,1,49,3045,1,1,0,0,1,0,0,0.00035810022,0,On Time,Low Risk
66,4,2,3,2,202,3,1,1,49,2881,1,0,0,1,0,1,1,0.00053098786,0,On Time,Low Risk
67,3,2,3,2,109,3,2,0,15,1710,1,0,2,1,0,1,1,0.00064141455,0,On Time,Low Risk
68,4,2,3,3,158,3,1,0,6,1878,1,0,1,1,0,1,0,0.15342443,0,On Time,Low Risk
69,0,2,4,2,231,4,2,0,6,2512,1,1,1,1,1,1,1,0.13831796,0,On Time,Low Risk
70,1,2,3,5,206,3,2,1,39,2929,1,0,0,1,0,1,0,0.0004050188,0,On Time,Low Risk
71,2,2,5,1,187,4,0,1,14,3849,1,1,2,0,0,1,1,0.0006359096,0,On Time,Low Risk
72,4,2,5,5,230,2,1,0,2,2229,1,1,1,1,1,0,0,0.040590134,0,On Time,Low Risk
73,3,2,5,5,232,3,2,0,33,2998,1,1,0,1,1,1,0,0.0005345461,0,On Time,Low Risk
74,4,2,4,5,215,3,2,0,21,3984,1,1,2,0,1,1,0,0.0012179462,0,On Time,Low Risk
75,0,2,6,1,238,6,1,0,13,2442,1,1,2,1,1,1,1,0.0008930082,0,On Time,Low Risk
76,1,2,4,1,266,3,1,0,23,3775,1,1,2,0,1,1,1,0.0005464973,0,On Time,Low Risk
77,2,2,2,3,158,2,2,0,36,1788,1,0,0,1,0,0,0,0.00051133585,0,On Time,Low Risk
78,4,2,3,3,113,3,1,0,43,1518,1,0,0,1,0,1,0,0.0004930877,0,On Time,Low Risk
79,3,2,3,4,223,3,1,1,18,3959,1,0,2,0,1,1,0,0.00053842115,0,On Time,Low Risk
80,4,2,3,5,257,2,2,0,56,3711,1,0,0,0,1,0,0,0.0005044309,0,On Time,Low Risk
81,0,2,3,4,180,2,2,0,49,1942,1,0,0,1,0,0,0,0.00075016887,0,On Time,Low Risk
82,1,2,2,5,132,3,1,1,18,1759,1,0,2,1,0,1,0,0.00079498417,0,On Time,Low Risk
83,2,2,4,4,217,3,0,0,26,2875,1,1,2,1,1,1,0,0.00044746423,0,On Time,Low Risk
84,4,2,5,5,162,3,0,0,31,1364,1,1,0,1,0,1,0,0.0010215738,0,On Time,Low Risk
85,3,2,4,5,197,2,2,0,40,2710,1,1,0,1,0,0,0,0.0004230104,0,On Time,Low Risk
86,4,2,3,4,197,3,2,1,13,2148,1,0,2,1,0,1,0,0.0006369787,0,On Time,Low Risk
87,0,2,4,1,185,2,1,1,44,2910,1,1,0,1,0,0,1,0.00044590264,0,On Time,Low Risk
88,1,2,6,2,278,3,2,0,3,2974,1,1,1,1,1,1,1,0.041579247,0,On Time,Low Risk
89,2,2,3,3,229,3,1,1,49,2339,1,0,0,1,1,1,0,0.00041263955,0,On Time,Low Risk
90,4,2,4,1,186,4,2,0,57,3880,1,1,0,0,0,1,1,0.0006535106,0,On Time,Low Risk
91,3,2,5,3,174,6,0,0,41,1085,1,1,0,1,0,1,0,0.00086813566,0,On Time,Low Risk
92,4,2,5,5,286,3,1,0,18,3163,1,1,2,0,1,1,0,0.00040590798,0,On Time,Low Risk
93,0,2,4,4,175,2,2,0,7,1188,1,1,1,1,0,0,0,0.17973924,0,On Time,Low Risk
94,1,2,3,3,219,3,2,0,17,3387,1,0,2,0,1,1,0,0.0004915674,0,On Time,Low Risk
95,2,2,4,1,213,4,0,0,35,2343,1,1,0,1,0,1,1,0.0005073954,0,On Time,Low Risk
96,4,2,2,3,235,3,1,1,57,2034,1,0,0,1,1,1,0,0.0004911141,0,On Time,Low Risk
97,3,2,3,3,149,2,2,1,18,1225,1,0,2,1,0,0,0,0.00074566825,0,On Time,Low Risk
98,4,2,4,1,271,2,2,0,8,2401,1,1,1,1,1,0,1,0.03404055,0,On Time,Low Risk
99,0,2,3,5,144,4,2,1,5,1104,1,0,1,1,0,1,0,0.20065725,0,On Time,Low Risk
100,1,2,4,2,145,2,2,1,21,1617,1,1,2,1,0,0,1,0.00063645747,0,On Time,Low Risk
101,2,2,5,3,143,2,2,1,59,1837,1,1,0,1,0,0,0,0.0011958987,0,On Time,Low Risk
102,4,2,5,5,227,4,1,1,53,2624,1,1,0,1,1,1,0,0.0006173186,0,On Time,Low Risk
103,3,2,2,1,213,3,1,1,29,2732,1,0,2,1,0,1,1,0.0006681478,0,On Time,Low Risk
104,4,2,5,1,144,4,1,1,37,1658,1,1,0,1,0,1,1,0.00077251653,0,On Time,Low Risk
105,0,2,3,3,218,3,1,1,3,2255,1,0,1,1,1,1,0,0.022751413,0,On Time,Low Risk
106,1,2,4,2,144,3,2,1,59,1588,1,1,0,1,0,1,1,0.0005436184,0,On Time,Low Risk
107,2,2,3,1,238,3,1,1,17,2624,1,0,2,1,1,1,1,0.0005830551,0,On Time,Low Risk
108,4,2,4,5,216,3,0,1,26,2053,1,1,2,1,1,1,0,0.00052526506,0,On Time,Low Risk
109,3,2,4,5,238,3,0,0,55,3257,1,1,0,0,1,1,0,0.00048185978,0,On Time,Low Risk
110,4,2,4,1,141,3,2,1,47,1250,1,1,0,1,0,1,1,0.00061846315,0,On Time,Low Risk
111,0,1,3,1,158,2,1,1,2,1284,1,0,1,1,0,0,1,0.10474061,0,On Time,Low Risk
112,1,1,4,2,239,3,1,0,65,3679,1,1,0,0,1,1,1,0.00055391283,0,On Time,Low Risk
113,2,1,4,3,175,2,1,1,25,1816,1,1,2,1,0,0,0,0.00084699615,0,On Time,Low Risk
114,4,1,3,2,263,3,1,1,41,2817,1,0,0,1,1,1,1,0.0005801932,0,On Time,Low Risk
115,3,1,3,5,168,2,0,1,50,1616,1,0,0,1,0,0,0,0.0006988515,0,On Time,Low Risk
116,4,1,3,4,176,3,0,1,36,1779,1,0,0,1,0,1,0,0.000496505,0,On Time,Low Risk
117,0,1,4,1,150,4,0,1,60,1024,1,1,0,1,0,1,1,0.0010550417,0,On Time,Low Risk
118,1,1,4,3,265,2,2,0,31,2326,1,1,0,1,1,0,0,0.0004421268,0,On Time,Low Risk
119,2,1,2,5,263,3,1,0,5,2947,1,0,1,1,1,1,0,0.022253823,0,On Time,Low Risk
120,4,1,5,1,145,3,1,1,20,1387,1,1,2,1,0,1,1,0.0010522517,0,On Time,Low Risk
121,3,1,4,2,183,3,1,0,33,2741,1,1,0,1,0,1,1,0.00042858598,0,On Time,Low Risk
122,4,1,3,3,205,3,2,0,19,2167,1,0,2,1,0,1,0,0.00059277436,0,On Time,Low Risk
123,0,1,4,2,160,3,1,1,64,1714,1,1,0,1,0,1,1,0.00067835825,0,On Time,Low Risk
124,1,1,3,3,252,2,2,0,48,2102,1,0,0,1,1,0,0,0.0005010766,0,On Time,Low Risk
125,2,1,5,5,222,3,1,1,10,2280,1,1,1,1,1,1,0,0.028329525,0,On Time,Low Risk
126,4,1,3,3,203,2,1,1,25,3607,1,0,2,0,0,0,0,0.00065954484,0,On Time,Low Risk
127,3,1,4,5,220,3,2,1,40,3516,1,1,0,0,1,1,0,0.0004744887,0,On Time,Low Risk
128,4,1,3,3,147,4,1,0,60,1722,1,0,0,1,0,1,0,0.000719377,0,On Time,Low Risk
129,0,1,4,4,200,4,2,1,16,2060,1,1,2,1,0,1,0,0.0005847396,0,On Time,Low Risk
130,1,1,4,5,224,4,2,1,21,2026,1,1,2,1,1,1,0,0.000613597,0,On Time,Low Risk
131,2,1,3,5,179,2,1,0,17,1364,1,0,2,1,0,0,0,0.0013163666,0,On Time,Low Risk
132,4,1,3,4,144,3,1,1,50,1865,1,0,0,1,0,1,0,0.0011267719,0,On Time,Low Risk
133,3,0,5,2,247,3,1,1,17,3889,1,1,2,0,1,1,1,0.0007282267,0,On Time,Low Risk
134,4,0,5,4,280,6,2,0,51,3582,1,1,0,0,1,1,0,0.00042515728,0,On Time,Low Risk
135,0,0,3,3,168,2,2,0,1,1829,1,0,1,1,0,0,0,0.117471136,0,On Time,Low Risk
136,1,0,3,5,157,3,2,0,4,1889,1,0,1,1,0,1,0,0.108229354,0,On Time,Low Risk
137,2,0,3,3,189,4,2,0,51,2208,1,0,0,1,0,1,0,0.00055883697,0,On Time,Low Risk
138,4,0,3,5,162,2,2,1,7,1739,1,0,1,1,0,0,0,0.17394572,0,On Time,Low Risk
139,3,0,4,1,207,5,1,1,48,2399,1,1,0,1,0,1,1,0.0006915962,0,On Time,Low Risk
140,4,0,5,1,237,2,1,0,10,3860,1,1,1,0,1,0,1,0.050566785,0,On Time,Low Risk
141,0,0,4,4,264,3,0,1,59,2020,1,1,0,1,1,1,0,0.0006982523,0,On Time,Low Risk
142,1,0,5,4,149,3,1,1,51,1645,1,1,0,1,0,1,0,0.00073894137,0,On Time,Low Risk
143,2,0,5,5,162,3,1,1,41,1462,1,1,0,1,0,1,0,0.00063907844,0,On Time,Low Risk
144,4,0,2,1,205,4,2,0,63,2156,1,0,0,1,0,1,1,0.0005548603,0,On Time,Low Risk
145,3,0,2,1,158,3,2,0,51,1540,1,0,0,1,0,1,1,0.00047818833,0,On Time,Low Risk
146,4,0,2,2,248,2,1,1,46,3707,1,0,0,0,1,0,1,0.000426407,0,On Time,Low Risk
147,0,0,3,5,191,3,1,1,23,3750,1,0,2,0,0,1,0,0.0003637714,0,On Time,Low Risk
148,1,0,4,3,146,4,2,0,24,1844,1,1,2,1,0,1,0,0.0011013682,0,On Time,Low Risk
149,2,0,3,3,135,3,1,1,56,1490,1,0,0,1,0,1,0,0.00085251627,0,On Time,Low Risk
150,4,0,5,1,149,3,1,1,40,1062,1,1,0,1,0,1,1,0.0006023079,0,On Time,Low Risk
151,3,0,4,4,220,2,2,0,7,2551,1,1,1,1,1,0,0,0.025631616,0,On Time,Low Risk
152,4,0,5,3,98,5,2,1,44,1269,1,1,0,1,0,1,0,0.0005790733,0,On Time,Low Risk
153,0,0,3,4,97,4,1,1,32,1238,1,0,0,1,0,1,0,0.0006750955,0,On Time,Low Risk
154,1,0,3,3,183,2,1,1,53,3932,1,0,0,0,0,0,0,0.00036786194,0,On Time,Low Risk
155,2,2,3,3,162,3,2,0,8,1869,1,0,1,1,0,1,0,0.1614639,0,On Time,Low Risk
156,4,2,5,1,114,4,1,0,47,1443,1,1,0,1,0,1,1,0.0003399226,0,On Time,Low Risk
157,3,2,6,3,275,5,1,1,41,2491,1,1,0,1,1,1,0,0.0008546073,0,On Time,Low Risk
158,4,2,3,2,203,2,2,0,39,3845,1,0,0,0,0,0,1,0.0006710824,0,On Time,Low Risk
159,0,2,5,5,205,2,0,1,65,3671,1,1,0,0,0,0,0,0.00048213068,0,On Time,Low Risk
160,1,2,3,3,149,3,1,0,63,1946,1,0,0,1,0,1,0,0.0007802969,0,On Time,Low Risk
161,2,2,2,2,112,4,2,1,56,1138,1,0,0,1,0,1,1,0.00063574786,0,On Time,Low Risk
162,4,2,3,1,207,3,2,0,56,3482,1,0,0,0,0,1,1,0.00064819655,0,On Time,Low Risk
163,3,2,4,1,261,4,1,0,58,3427,1,1,0,0,1,1,1,0.00041288097,0,On Time,Low Risk
164,4,2,5,2,274,3,2,1,6,3375,1,1,1,0,1,1,1,0.04017028,0,On Time,Low Risk
165,0,2,3,5,141,2,1,1,52,1692,1,0,0,1,0,0,0,0.00083533814,0,On Time,Low Risk
166,1,2,3,3,166,4,2,0,17,1498,1,0,2,1,0,1,0,0.0011125406,0,On Time,Low Risk
167,2,2,5,2,141,3,0,0,34,1020,1,1,0,1,0,1,1,0.0010921713,0,On Time,Low Risk
168,4,2,4,5,152,3,1,1,43,1709,1,1,0,1,0,1,0,0.00050587277,0,On Time,Low Risk
169,3,2,4,2,250,3,1,0,53,2478,1,1,0,1,1,1,1,0.00048290566,0,On Time,Low Risk
170,4,2,4,3,161,3,2,0,28,1809,1,1,2,1,0,1,0,0.0007467951,0,On Time,Low Risk
171,0,2,4,3,185,3,2,0,10,2263,1,1,1,1,0,1,0,0.018237343,0,On Time,Low Risk
172,1,2,4,4,176,4,0,0,52,1096,1,1,0,1,0,1,0,0.0006810475,0,On Time,Low Risk
173,2,2,3,4,148,3,1,1,56,1550,1,0,0,1,0,1,0,0.00066722446,0,On Time,Low Risk
174,4,2,3,2,270,3,1,0,63,2751,1,0,0,1,1,1,1,0.00047037558,0,On Time,Low Risk
175,3,2,3,3,242,3,1,0,51,3935,1,0,0,0,1,1,0,0.00048872305,0,On Time,Low Risk
176,4,2,4,4,150,2,2,1,3,1285,1,1,1,1,0,0,0,0.13330166,0,On Time,Low Risk
177,0,2,4,5,192,3,0,1,20,3872,1,1,2,0,0,1,0,0.00026354217,0,On Time,Low Risk
178,1,2,4,5,116,3,2,1,54,1314,1,1,0,1,0,1,0,0.00046991085,0,On Time,Low Risk
179,2,2,3,3,192,3,2,0,2,3995,1,0,1,0,0,1,0,0.22912918,0,On Time,Low Risk
180,4,2,5,5,255,4,2,1,3,3440,1,1,1,0,1,1,0,0.093269564,0,On Time,Low Risk
181,3,2,4,1,161,7,2,0,18,1294,1,1,2,1,0,1,1,0.0007918771,0,On Time,Low Risk
182,4,2,4,5,157,3,1,1,20,1487,1,1,2,1,0,1,0,0.0005412885,0,On Time,Low Risk
183,0,2,3,2,164,10,0,0,28,1940,1,0,2,1,0,1,1,0.0009237961,0,On Time,Low Risk
184,1,2,3,5,162,7,2,0,16,1052,1,0,2,1,0,1,0,0.0013007574,0,On Time,Low Risk
185,2,2,3,3,146,2,1,1,50,1486,1,0,0,1,0,0,0,0.00086524687,0,On Time,Low Risk
186,4,2,3,2,209,3,2,1,54,3001,1,0,0,0,0,1,1,0.0006277326,0,On Time,Low Risk
187,3,2,5,4,134,2,2,0,55,1386,1,1,0,1,0,0,0,0.0012483799,0,On Time,Low Risk
188,4,2,2,1,222,2,2,1,5,3778,1,0,1,0,1,0,1,0.040338505,0,On Time,Low Risk
189,0,2,2,5,139,3,1,0,27,1233,1,0,2,1,0,1,0,0.00097643875,0,On Time,Low Risk
190,1,2,2,4,134,3,1,0,42,1415,1,0,0,1,0,1,0,0.0008536417,0,On Time,Low Risk
191,2,2,2,5,130,3,1,1,16,1092,1,0,2,1,0,1,0,0.0011106102,0,On Time,Low Risk
192,4,2,2,5,133,3,1,0,62,1596,1,0,0,1,0,1,0,0.000850541,0,On Time,Low Risk
193,3,2,2,4,140,3,1,0,7,1411,1,0,1,1,0,1,0,0.07827017,0,On Time,Low Risk
194,4,2,2,2,158,3,1,1,28,1968,1,0,2,1,0,1,1,0.0006690526,0,On Time,Low Risk
195,0,2,4,2,270,4,1,0,46,1736,1,1,0,1,1,1,1,0.0009637181,0,On Time,Low Risk
196,1,2,2,5,140,3,1,0,30,1030,1,0,2,1,0,1,0,0.0018420867,0,On Time,Low Risk
197,2,2,2,2,135,3,1,1,15,1339,1,0,2,1,0,1,1,0.0007905848,0,On Time,Low Risk
198,4,2,2,3,136,3,1,0,19,1568,1,0,2,1,0,1,0,0.0009017358,0,On Time,Low Risk
199,3,2,2,3,142,3,2,0,38,7640,1,0,0,2,0,1,0,0.0009087204,0,On Time,Low Risk
200,4,2,2,2,154,3,2,1,38,7846,1,0,0,2,0,1,1,0.00046743717,0,On Time,Low Risk
201,0,2,2,3,139,3,1,1,9,1471,1,0,1,1,0,1,0,0.07495682,0,On Time,Low Risk
202,1,2,2,3,160,3,1,0,43,1251,1,0,0,1,0,1,0,0.0008370612,0,On Time,Low Risk
203,2,2,2,4,134,3,1,1,58,1067,1,0,0,1,0,1,0,0.0009704558,0,On Time,Low Risk
204,4,2,5,3,161,5,0,1,48,1883,1,1,0,1,0,1,0,0.0008402458,0,On Time,Low Risk
205,3,2,2,5,155,3,1,1,23,1602,1,0,2,1,0,1,0,0.0006021337,0,On Time,Low Risk
206,4,2,2,3,145,3,2,0,24,7588,1,0,2,2,0,1,0,0.0011575834,0,On Time,Low Risk
207,0,2,2,2,157,3,1,1,1,1477,1,0,1,1,0,1,1,0.07214238,0,On Time,Low Risk
208,1,2,2,2,160,3,1,1,48,1691,1,0,0,1,0,1,1,0.0007785203,0,On Time,Low Risk
209,2,2,2,4,152,3,1,1,55,1498,1,0,0,1,0,1,0,0.00074339606,0,On Time,Low Risk
210,4,2,2,5,148,3,0,0,11,1502,1,0,2,1,0,1,0,0.0007763666,0,On Time,Low Risk
211,3,2,2,1,127,3,1,0,15,1522,1,0,2,1,0,1,1,0.00028666735,0,On Time,Low Risk
212,4,2,2,5,154,3,1,0,21,1113,1,0,2,1,0,1,0,0.00074948213,0,On Time,Low Risk
213,0,2,2,5,127,3,1,1,44,1341,1,0,0,1,0,1,0,0.0007013916,0,On Time,Low Risk
214,1,2,2,5,160,3,2,0,31,7401,1,0,0,2,0,1,0,0.0011131406,0,On Time,Low Risk
215,2,2,2,4,129,3,1,0,48,1219,1,0,0,1,0,1,0,0.0005554397,0,On Time,Low Risk
216,4,2,2,5,158,3,1,0,40,1722,1,0,0,1,0,1,0,0.00060833566,0,On Time,Low Risk
217,3,2,4,3,185,3,2,1,3,3131,1,1,1,0,0,1,0,0.03074578,0,On Time,Low Risk
218,4,2,4,4,176,4,0,0,63,1293,1,1,0,1,0,1,0,0.0006717412,0,On Time,Low Risk
219,0,2,3,4,148,3,1,1,37,1523,1,0,0,1,0,1,0,0.0006324062,0,On Time,Low Risk
220,1,2,3,5,270,3,1,1,60,3885,1,0,0,0,1,1,0,0.00039849925,0,On Time,Low Risk
221,2,2,3,4,242,3,1,1,29,2381,1,0,2,1,1,1,0,0.0005258219,0,On Time,Low Risk
222,4,2,4,3,150,2,2,1,31,1588,1,1,0,1,0,0,0,0.00057299697,0,On Time,Low Risk
223,3,2,4,2,192,3,0,1,4,2061,1,1,1,1,0,1,1,0.012184264,0,On Time,Low Risk
224,4,2,4,5,116,3,2,0,9,1314,1,1,1,1,0,1,0,0.028173694,0,On Time,Low Risk
225,0,2,3,4,192,3,2,0,31,3331,1,0,0,0,0,1,0,0.00028355172,0,On Time,Low Risk
226,1,2,5,4,255,4,2,0,38,2771,1,1,0,1,1,1,0,0.00067357684,0,On Time,Low Risk
227,2,2,4,3,161,7,2,1,63,1496,1,1,0,1,0,1,0,0.0006251706,0,On Time,Low Risk
228,4,2,4,2,157,3,1,0,48,1393,1,1,0,1,0,1,1,0.0009944253,0,On Time,Low Risk
229,3,2,3,2,164,10,0,1,14,1375,1,0,2,1,0,1,1,0.0016244736,0,On Time,Low Risk
230,4,2,3,3,162,7,2,0,42,1278,1,0,0,1,0,1,0,0.00075361383,0,On Time,Low Risk
231,0,2,3,1,146,2,1,0,54,1528,1,0,0,1,0,0,1,0.0007368374,0,On Time,Low Risk
232,1,2,3,4,209,3,2,0,60,2240,1,0,0,1,0,1,0,0.0005019129,0,On Time,Low Risk
233,2,2,5,5,134,2,2,1,53,1088,1,1,0,1,0,0,0,0.0008438986,0,On Time,Low Risk
234,4,2,2,1,222,2,2,1,58,3626,1,0,0,0,1,0,1,0.00048269352,0,On Time,Low Risk
235,3,2,2,1,139,3,1,0,39,1582,1,0,0,1,0,1,1,0.00036648437,0,On Time,Low Risk
236,4,2,2,2,134,3,1,1,38,1352,1,0,0,1,0,1,1,0.000717581,0,On Time,Low Risk
237,0,2,2,3,130,3,1,0,48,1801,1,0,0,1,0,1,0,0.00065015623,0,On Time,Low Risk
238,1,2,2,2,133,3,1,1,5,1268,1,0,1,1,0,1,1,0.032443784,0,On Time,Low Risk
239,2,2,2,3,140,3,1,0,23,1372,1,0,2,1,0,1,0,0.0012153735,0,On Time,Low Risk
240,4,2,2,3,158,3,1,1,10,1515,1,0,1,1,0,1,0,0.11861789,0,On Time,Low Risk
241,3,2,4,5,270,4,1,1,65,1818,1,1,0,1,1,1,0,0.0009573865,0,On Time,Low Risk
242,4,2,2,4,140,3,1,0,33,1278,1,0,0,1,0,1,0,0.0007455784,0,On Time,Low Risk
243,0,2,2,2,135,3,1,1,58,1734,1,0,0,1,0,1,1,0.00064151024,0,On Time,Low Risk
244,1,2,2,4,136,3,1,1,43,1958,1,0,0,1,0,1,0,0.001073584,0,On Time,Low Risk
245,2,2,2,1,142,3,2,0,8,6064,1,0,1,2,0,1,1,0.22443803,0,On Time,Low Risk
246,4,2,2,4,154,3,2,0,48,7684,1,0,0,2,0,1,0,0.0005656753,0,On Time,Low Risk
247,3,2,2,3,139,3,1,0,3,1788,1,0,1,1,0,1,0,0.084755875,0,On Time,Low Risk
248,4,1,2,4,160,3,1,0,50,1030,1,0,0,1,0,1,0,0.0008758661,0,On Time,Low Risk
249,0,1,2,2,134,3,1,0,38,1530,1,0,0,1,0,1,1,0.00078610255,0,On Time,Low Risk
250,1,1,5,5,161,5,0,0,54,1511,1,1,0,1,0,1,0,0.0008753101,0,On Time,Low Risk
251,2,1,2,3,155,3,1,0,45,1639,1,0,0,1,0,1,0,0.00046380746,0,On Time,Low Risk
252,4,1,2,2,145,3,2,0,5,6102,1,0,1,2,0,1,1,0.3574201,0,On Time,Medium Risk
253,3,1,2,1,157,3,1,1,58,1930,1,0,0,1,0,1,1,0.0006842669,0,On Time,Low Risk
254,4,1,2,5,160,3,1,0,19,1399,1,0,2,1,0,1,0,0.0012828986,0,On Time,Low Risk
255,0,1,2,2,152,3,1,0,61,1800,1,0,0,1,0,1,1,0.0006204696,0,On Time,Low Risk
256,1,1,2,2,148,3,0,0,35,1349,1,0,0,1,0,1,1,0.0006690673,0,On Time,Low Risk
257,2,1,2,2,127,3,1,1,13,1128,1,0,2,1,0,1,1,0.00042076028,0,On Time,Low Risk
258,4,1,2,2,129,3,2,0,22,6614,1,0,2,2,0,1,1,0.0008846784,0,On Time,Low Risk
259,3,1,2,3,158,3,1,0,13,1245,1,0,2,1,0,1,0,0.00065086584,0,On Time,Low Risk
260,4,1,2,4,147,3,1,1,5,1920,1,0,1,1,0,1,0,0.15150122,0,On Time,Low Risk
261,0,1,2,5,159,3,1,0,49,1621,1,0,0,1,0,1,0,0.00070882717,0,On Time,Low Risk
262,1,1,2,3,151,3,1,0,23,1930,1,0,2,1,0,1,0,0.0008822427,0,On Time,Low Risk
263,2,1,3,1,294,4,1,0,52,1089,1,0,0,1,1,1,1,0.0009022137,0,On Time,Low Risk
264,4,1,3,2,226,2,2,1,45,1446,1,0,0,1,1,0,1,0.0013477287,0,On Time,Low Risk
265,3,1,5,3,271,5,0,1,9,1813,1,1,1,1,1,1,0,0.5206866,1,Late,Medium Risk
266,4,1,7,2,203,5,2,0,61,1856,1,1,0,1,0,1,1,0.0011754956,0,On Time,Low Risk
267,0,1,2,3,264,4,1,0,10,1648,1,0,1,1,1,1,0,0.49603474,0,On Time,Medium Risk
268,1,1,4,1,258,3,2,1,36,2211,1,1,0,1,1,1,1,0.00039649504,0,On Time,Low Risk
269,2,1,3,5,241,3,1,0,21,3078,1,0,2,0,1,1,0,0.0005574721,0,On Time,Low Risk
270,4,0,4,5,208,3,2,1,23,2056,1,1,2,1,0,1,0,0.00038732728,0,On Time,Low Risk
271,3,0,3,2,209,5,2,0,12,3054,1,0,2,0,0,1,1,0.00084994955,0,On Time,Low Risk
272,4,0,5,1,182,2,2,0,23,2707,1,1,2,1,0,0,1,0.0003998667,0,On Time,Low Risk
273,0,0,4,5,148,2,2,0,43,1087,1,1,0,1,0,0,0,0.00063056883,0,On Time,Low Risk
274,1,0,2,3,183,2,2,0,52,3199,1,0,0,0,0,0,0,0.00037623668,0,On Time,Low Risk
275,2,0,3,5,229,6,2,1,22,2717,1,0,2,1,1,1,0,0.0005198781,0,On Time,Low Risk
276,4,0,5,5,115,5,1,0,26,1692,1,1,2,1,0,1,0,0.000819884,0,On Time,Low Risk
277,3,0,4,2,136,3,1,0,65,1962,1,1,0,1,0,1,1,0.0010952611,0,On Time,Low Risk
278,4,0,4,4,212,3,1,1,21,3307,1,1,2,0,0,1,0,0.0006311653,0,On Time,Low Risk
279,0,0,4,3,171,3,1,0,24,1304,1,1,2,1,0,1,0,0.00079169037,0,On Time,Low Risk
280,1,0,3,1,151,2,1,1,60,1925,1,0,0,1,0,0,1,0.0007906586,0,On Time,Low Risk
281,2,0,3,1,205,3,2,1,39,3062,1,0,0,0,0,1,1,0.00044765306,0,On Time,Low Risk
282,4,0,5,4,147,3,2,1,23,1132,1,1,2,1,0,1,0,0.00057662546,0,On Time,Low Risk
283,3,0,3,3,155,3,1,0,29,1712,1,0,2,1,0,1,0,0.00044159207,0,On Time,Low Risk
284,4,0,5,4,165,3,1,0,20,1150,1,1,2,1,0,1,0,0.0008991795,0,On Time,Low Risk
285,0,0,5,5,230,3,1,0,32,3249,1,1,0,0,1,1,0,0.0006320176,0,On Time,Low Risk
286,1,0,2,4,181,4,2,1,13,2309,1,0,2,1,0,1,0,0.0007631574,0,On Time,Low Risk
287,2,0,5,3,234,2,1,0,55,3308,1,1,0,0,1,0,0,0.00050149707,0,On Time,Low Risk
288,4,0,4,4,149,3,1,1,34,1977,1,1,0,1,0,1,0,0.00070388895,0,On Time,Low Risk
289,3,0,5,5,156,2,1,1,44,1561,1,1,0,1,0,0,0,0.00064579665,0,On Time,Low Risk
290,4,0,4,2,172,3,2,0,59,1858,1,1,0,1,0,1,1,0.00093043223,0,On Time,Low Risk
291,0,0,4,4,270,3,1,1,12,3279,1,1,2,0,1,1,0,0.00056277885,0,On Time,Low Risk
292,1,2,4,1,206,3,2,1,23,3807,1,1,2,0,0,1,1,0.0005802474,0,On Time,Low Risk
293,2,2,4,3,211,4,2,1,40,3106,1,1,0,0,0,1,0,0.0006171436,0,On Time,Low Risk
294,4,2,3,2,136,4,1,1,62,1090,1,0,0,1,0,1,1,0.0009676269,0,On Time,Low Risk
295,3,2,5,1,186,2,0,0,52,3981,1,1,0,0,0,0,1,0.0010643364,0,On Time,Low Risk
296,4,2,3,1,202,2,2,1,62,3398,1,0,0,0,0,0,1,0.00065034465,0,On Time,Low Risk
297,0,2,4,2,183,3,2,0,12,3646,1,1,2,0,0,1,1,0.00044561244,0,On Time,Low Risk
298,1,2,4,4,232,2,1,1,36,2861,1,1,0,1,1,0,0,0.00042842035,0,On Time,Low Risk
299,2,2,4,2,147,4,2,1,52,1129,1,1,0,1,0,1,1,0.0007687166,0,On Time,Low Risk
300,4,2,4,3,136,3,2,1,20,1531,1,1,2,1,0,1,0,0.0005702619,0,On Time,Low Risk
301,3,2,5,3,127,3,1,0,43,1446,1,1,0,1,0,1,0,0.00043477656,0,On Time,Low Risk
302,4,2,4,5,202,2,2,1,35,3695,1,1,0,0,0,0,0,0.0005070664,0,On Time,Low Risk
303,0,2,3,4,241,2,1,1,57,3671,1,0,0,0,1,0,0,0.00044722523,0,On Time,Low Risk
304,1,2,4,3,222,2,2,1,55,3833,1,1,0,0,1,0,0,0.0003730877,0,On Time,Low Risk
305,2,2,3,2,183,4,2,0,12,2777,1,0,2,1,0,1,1,0.0007293518,0,On Time,Low Risk
306,4,2,4,4,249,3,2,0,36,3769,1,1,0,0,1,1,0,0.0004740337,0,On Time,Low Risk
307,3,2,3,1,243,4,0,1,59,3838,1,0,0,0,1,1,1,0.00047734738,0,On Time,Low Risk
308,4,2,3,3,163,3,2,1,9,1257,1,0,1,1,0,1,0,0.11212812,0,On Time,Low Risk
309,0,2,4,2,165,2,0,1,11,1596,1,1,2,1,0,0,1,0.00074636104,0,On Time,Low Risk
310,1,2,5,5,266,3,2,0,53,3089,1,1,0,0,1,1,0,0.000474912,0,On Time,Low Risk
311,2,2,3,4,193,2,2,1,48,3909,1,0,0,0,0,0,0,0.0004559522,0,On Time,Low Risk
312,4,2,3,2,154,3,1,0,56,1136,1,0,0,1,0,1,1,0.0005711679,0,On Time,Low Risk
313,3,2,3,3,140,3,2,1,51,1046,1,0,0,1,0,1,0,0.0008529794,0,On Time,Low Risk
314,4,2,4,3,272,3,2,1,38,3705,1,1,0,0,1,1,0,0.0004180739,0,On Time,Low Risk
315,0,2,4,2,143,6,2,1,20,1654,1,1,2,1,0,1,1,0.0004969015,0,On Time,Low Risk
316,1,2,4,2,138,3,1,0,30,1805,1,1,2,1,0,1,1,0.00072263286,0,On Time,Low Risk
317,2,2,4,2,238,2,0,1,17,3358,1,1,2,0,1,0,1,0.00053434924,0,On Time,Low Risk
318,4,2,4,5,273,4,2,0,31,2373,1,1,0,1,1,1,0,0.0005563969,0,On Time,Low Risk
319,3,2,3,1,200,2,2,1,27,2551,1,0,2,1,0,0,1,0.00059805915,0,On Time,Low Risk
320,4,2,4,5,213,4,1,1,39,2381,1,1,0,1,0,1,0,0.0006496143,0,On Time,Low Risk
321,0,2,3,4,224,2,2,0,15,2701,1,0,2,1,1,0,0,0.00043771748,0,On Time,Low Risk
322,1,2,4,5,141,3,2,1,12,1672,1,1,2,1,0,1,0,0.0007366889,0,On Time,Low Risk
323,2,2,3,3,150,3,1,1,46,1040,1,0,0,1,0,1,0,0.0011731879,0,On Time,Low Risk
324,4,2,3,1,192,2,1,1,33,2818,1,0,0,1,0,0,1,0.00054753566,0,On Time,Low Risk
325,3,2,5,1,279,4,2,0,24,3440,1,1,2,0,1,1,1,0.00066603866,0,On Time,Low Risk
326,4,2,3,4,246,3,2,1,30,3748,1,0,2,0,1,1,0,0.00059537246,0,On Time,Low Risk
327,0,2,3,4,173,3,2,1,52,1587,1,0,0,1,0,1,0,0.00079680514,0,On Time,Low Risk
328,1,2,4,4,233,4,2,0,59,2358,1,1,0,1,1,1,0,0.0005849648,0,On Time,Low Risk
329,2,2,5,1,274,2,2,1,24,2423,1,1,2,1,1,0,1,0.0003898288,0,On Time,Low Risk
330,4,2,4,5,243,4,2,0,41,2782,1,1,0,1,1,1,0,0.0005693383,0,On Time,Low Risk
331,3,2,3,4,197,3,2,0,56,3427,1,0,0,0,0,1,0,0.00048689687,0,On Time,Low Risk
332,4,2,4,3,140,3,0,0,46,1072,1,1,0,1,0,1,0,0.0006543236,0,On Time,Low Risk
333,0,2,3,5,215,3,2,0,22,2585,1,0,2,1,1,1,0,0.0005416705,0,On Time,Low Risk
334,1,2,3,4,211,3,2,1,8,3710,1,0,1,0,0,1,0,0.044828318,0,On Time,Low Risk
335,2,2,4,2,220,5,1,1,33,2854,1,1,0,1,1,1,1,0.00063414057,0,On Time,Low Risk
336,4,2,3,1,194,4,1,1,64,2026,1,0,0,1,0,1,1,0.0007491665,0,On Time,Low Risk
337,3,2,5,1,262,3,2,0,58,3599,1,1,0,0,1,1,1,0.00055872195,0,On Time,Low Risk
338,4,2,4,4,201,2,1,0,1,3147,1,1,1,0,0,0,0,0.03534111,0,On Time,Low Risk
339,0,2,3,5,261,3,2,1,15,2989,1,0,2,1,1,1,0,0.00033630582,0,On Time,Low Risk
340,1,2,4,4,191,6,1,0,60,3425,1,1,0,0,0,1,0,0.0002674295,0,On Time,Low Risk
341,2,2,2,5,255,5,2,0,53,3775,1,0,0,0,1,1,0,0.0005498629,0,On Time,Low Risk
342,4,2,3,2,169,2,0,1,30,1698,1,0,2,1,0,0,1,0.0007912627,0,On Time,Low Risk
343,3,2,4,5,162,2,2,1,64,1918,1,1,0,1,0,0,0,0.0006974882,0,On Time,Low Risk
344,4,2,2,5,248,6,1,0,62,2750,1,0,0,1,1,1,0,0.0004805113,0,On Time,Low Risk
345,0,2,5,3,197,4,1,0,2,2222,1,1,1,1,0,1,0,0.07057258,0,On Time,Low Risk
346,1,2,5,1,264,3,1,1,6,2882,1,1,1,1,1,1,1,0.028521603,0,On Time,Low Risk
347,2,2,5,5,260,2,2,0,55,2791,1,1,0,1,1,0,0,0.00048851746,0,On Time,Low Risk
348,4,2,5,3,186,2,2,0,58,2259,1,1,0,1,0,0,0,0.0005574867,0,On Time,Low Risk
349,3,2,4,5,233,4,1,0,44,2551,1,1,0,1,1,1,0,0.00055036164,0,On Time,Low Risk
350,4,2,5,1,161,3,1,1,47,1954,1,1,0,1,0,1,1,0.0008922822,0,On Time,Low Risk
351,0,2,4,5,188,3,1,0,13,2409,1,1,2,1,0,1,0,0.00045295164,0,On Time,Low Risk
352,1,2,5,5,171,2,2,0,22,1695,1,1,2,1,0,0,0,0.0017307254,0,On Time,Low Risk
353,2,2,2,2,267,3,2,1,15,2481,1,0,2,1,1,1,1,0.00044010064,0,On Time,Low Risk
354,4,2,4,3,255,2,0,1,47,2956,1,1,0,1,1,0,0,0.00037272507,0,On Time,Low Risk
355,3,2,3,2,132,3,1,0,56,1303,1,0,0,1,0,1,1,0.00055037683,0,On Time,Low Risk
356,4,2,5,1,266,3,1,0,31,3157,1,1,0,0,1,1,1,0.0005079919,0,On Time,Low Risk
357,0,2,3,4,198,2,1,1,25,2774,1,0,2,1,0,0,0,0.0005040577,0,On Time,Low Risk
358,1,2,2,3,247,2,2,0,62,3127,1,0,0,0,1,0,0,0.00037411432,0,On Time,Low Risk
359,2,2,3,1,140,3,2,0,65,1291,1,0,0,1,0,1,1,0.00039308643,0,On Time,Low Risk
360,4,2,4,3,131,5,1,1,6,1659,1,1,1,1,0,1,0,0.047862343,0,On Time,Low Risk
361,3,2,5,2,246,3,2,1,49,3236,1,1,0,0,1,1,1,0.00062924233,0,On Time,Low Risk
362,4,2,3,2,159,3,2,0,4,1681,1,0,1,1,0,1,1,0.14207347,0,On Time,Low Risk
363,0,2,3,5,203,2,2,1,61,3642,1,0,0,0,0,0,0,0.0004347971,0,On Time,Low Risk
364,1,2,4,3,187,4,0,0,29,3141,1,1,2,0,0,1,0,0.00046466995,0,On Time,Low Risk
365,2,2,6,2,146,3,1,0,62,1936,1,1,0,1,0,1,1,0.0020385191,0,On Time,Low Risk
366,4,2,3,2,234,3,2,1,39,2099,1,0,0,1,1,1,1,0.00058664574,0,On Time,Low Risk
367,3,2,3,4,122,3,0,0,15,1354,1,0,2,1,0,1,0,0.00083457155,0,On Time,Low Risk
368,4,2,3,3,135,3,1,1,8,1074,1,0,1,1,0,1,0,0.118009314,0,On Time,Low Risk
369,0,2,3,5,103,3,1,1,3,1403,1,0,1,1,0,1,0,0.030206254,0,On Time,Low Risk
370,1,2,3,5,257,3,2,0,19,2173,1,0,2,1,1,1,0,0.0004022175,0,On Time,Low Risk
371,2,2,4,3,169,2,1,1,2,1399,1,1,1,1,0,0,0,0.14237948,0,On Time,Low Risk
372,4,2,4,5,159,3,2,1,18,1808,1,1,2,1,0,1,0,0.0006811026,0,On Time,Low Risk
373,3,2,4,5,188,3,1,1,38,3031,1,1,0,0,0,1,0,0.0004214696,0,On Time,Low Risk
374,4,2,5,1,136,3,2,1,19,1420,1,1,2,1,0,1,1,0.0006505458,0,On Time,Low Risk
375,0,2,5,1,227,3,1,0,19,3007,1,1,2,0,1,1,1,0.0006541272,0,On Time,Low Risk
376,1,2,3,5,262,2,1,0,53,3275,1,0,0,0,1,0,0,0.00039417844,0,On Time,Low Risk
377,2,2,2,3,157,2,1,1,45,1965,1,0,0,1,0,0,0,0.00059291394,0,On Time,Low Risk
378,4,2,5,3,238,2,2,0,21,2053,1,1,2,1,1,0,0,0.0007167206,0,On Time,Low Risk
379,3,2,3,5,152,3,1,1,43,1282,1,0,0,1,0,1,0,0.00057417044,0,On Time,Low Risk
380,4,2,3,2,201,3,2,1,5,2040,1,0,1,1,0,1,1,0.028683016,0,On Time,Low Risk
381,0,2,3,4,148,2,1,1,54,1778,1,0,0,1,0,0,0,0.0006707045,0,On Time,Low Risk
382,1,2,5,2,199,4,1,0,59,2885,1,1,0,1,0,1,1,0.00069596793,0,On Time,Low Risk
383,2,2,5,4,215,2,1,0,45,3501,1,1,0,0,1,0,0,0.00058927364,0,On Time,Low Risk
384,4,2,4,5,175,2,1,1,40,1270,1,1,0,1,0,0,0,0.000890169,0,On Time,Low Risk
385,3,1,4,3,236,2,0,1,23,3123,1,1,2,0,1,0,0,0.0004876472,0,On Time,Low Risk
386,4,1,2,5,182,2,2,0,57,2896,1,0,0,1,0,0,0,0.00033929726,0,On Time,Low Risk
387,0,1,3,1,251,3,2,1,42,3698,1,0,0,0,1,1,1,0.00048262152,0,On Time,Low Risk
388,1,1,5,2,173,3,1,0,7,1855,1,1,1,1,0,1,1,0.27502182,0,On Time,Low Risk
389,2,1,4,3,225,3,1,0,62,2587,1,1,0,1,1,1,0,0.0004482393,0,On Time,Low Risk
390,4,1,4,2,167,4,1,0,20,1705,1,1,2,1,0,1,1,0.0009184189,0,On Time,Low Risk
391,3,1,4,1,259,3,1,1,20,2154,1,1,2,1,1,1,1,0.00047364752,0,On Time,Low Risk
392,4,1,4,1,178,3,2,0,63,1573,1,1,0,1,0,1,1,0.00054797996,0,On Time,Low Risk
393,0,1,4,4,178,4,2,0,13,1614,1,1,2,1,0,1,0,0.00089678203,0,On Time,Low Risk
394,1,1,5,4,169,2,1,0,20,1765,1,1,2,1,0,0,0,0.0016092154,0,On Time,Low Risk
395,2,1,3,2,272,2,1,1,33,2321,1,0,0,1,1,0,1,0.00062815176,0,On Time,Low Risk
396,4,1,4,4,183,3,1,1,29,3251,1,1,2,0,0,1,0,0.00042370576,0,On Time,Low Risk
397,3,1,3,4,205,3,1,0,10,2728,1,0,1,1,0,1,0,0.031227464,0,On Time,Low Risk
398,4,1,2,1,123,4,1,0,53,1036,1,0,0,1,0,1,1,0.00058076775,0,On Time,Low Risk
399,0,1,4,3,152,3,1,1,58,1453,1,1,0,1,0,1,0,0.00050644524,0,On Time,Low Risk
400,1,1,3,1,220,2,0,0,40,3773,1,0,0,0,1,0,1,0.0004355228,0,On Time,Low Risk
401,2,1,4,3,134,3,1,1,51,1965,1,1,0,1,0,1,0,0.0010235484,0,On Time,Low Risk
402,4,1,3,2,217,2,0,1,19,2992,1,0,2,1,1,0,1,0.00069366425,0,On Time,Low Risk
403,3,1,3,2,265,3,1,0,49,2791,1,0,0,1,1,1,1,0.0005953066,0,On Time,Low Risk
404,4,1,4,2,249,5,2,1,36,3836,1,1,0,0,1,1,1,0.0006677528,0,On Time,Low Risk
405,0,1,5,3,213,4,2,0,50,2003,1,1,0,1,0,1,0,0.0011732689,0,On Time,Low Risk
406,1,1,2,2,124,3,1,0,56,1494,1,0,0,1,0,1,1,0.00069757923,0,On Time,Low Risk
407,2,0,4,1,180,2,1,1,23,1193,1,1,2,1,0,0,1,0.0007478822,0,On Time,Low Risk
408,4,0,4,5,193,3,2,1,65,2267,1,1,0,1,0,1,0,0.00035677876,0,On Time,Low Risk
409,3,0,3,2,192,3,2,1,43,3339,1,0,0,0,0,1,1,0.00039204047,0,On Time,Low Risk
410,4,0,2,5,166,3,2,1,3,1832,1,0,1,1,0,1,0,0.18182854,0,On Time,Low Risk
411,0,0,3,2,264,3,2,1,5,3861,1,0,1,0,1,1,1,0.0318637,0,On Time,Low Risk
412,1,0,3,4,200,2,2,1,14,3528,1,0,2,0,0,0,0,0.0003921442,0,On Time,Low Risk
413,2,0,4,3,142,4,2,1,12,1396,1,1,2,1,0,1,0,0.00067542755,0,On Time,Low Risk
414,4,0,4,1,215,2,1,1,32,3066,1,1,0,0,1,0,1,0.0005087114,0,On Time,Low Risk
415,3,0,2,1,218,2,1,1,15,2745,1,0,2,1,1,0,1,0.00052097766,0,On Time,Low Risk
416,4,0,3,2,115,3,1,0,27,1814,1,0,2,1,0,1,1,0.0008729941,0,On Time,Low Risk
417,0,0,4,3,159,3,1,1,33,1330,1,1,0,1,0,1,0,0.00060343527,0,On Time,Low Risk
418,1,0,5,5,133,3,1,1,63,1218,1,1,0,1,0,1,0,0.0006644454,0,On Time,Low Risk
419,2,0,5,2,178,3,1,1,48,1517,1,1,0,1,0,1,1,0.0008668829,0,On Time,Low Risk
420,4,0,4,2,134,2,1,0,43,1714,1,1,0,1,0,0,1,0.0007583766,0,On Time,Low Risk
421,3,0,3,1,184,5,2,0,58,2544,1,0,0,1,0,1,1,0.0006168863,0,On Time,Low Risk
422,4,0,4,2,251,2,2,1,24,2405,1,1,2,1,1,0,1,0.0005586631,0,On Time,Low Risk
423,0,0,3,2,141,3,1,1,7,1933,1,0,1,1,0,1,1,0.11974493,0,On Time,Low Risk
424,1,0,4,4,229,2,2,1,45,3776,1,1,0,0,1,0,0,0.00039994295,0,On Time,Low Risk
425,2,0,4,1,203,4,1,1,34,3813,1,1,0,0,0,1,1,0.00066540454,0,On Time,Low Risk
426,4,0,4,3,158,3,2,0,57,1911,1,1,0,1,0,1,0,0.00065987336,0,On Time,Low Risk
427,3,0,3,4,167,3,2,1,52,1755,1,0,0,1,0,1,0,0.00057011,0,On Time,Low Risk
428,4,0,5,4,197,4,1,0,40,3303,1,1,0,0,0,1,0,0.0005047878,0,On Time,Low Risk
429,0,2,2,2,140,3,1,0,19,1806,1,0,2,1,0,1,1,0.000741966,0,On Time,Low Risk
430,1,2,5,1,205,2,2,1,27,3569,1,1,2,0,0,0,1,0.0007088681,0,On Time,Low Risk
431,2,2,5,5,208,3,1,0,45,2018,1,1,0,1,0,1,0,0.0010064936,0,On Time,Low Risk
432,4,2,4,2,96,3,1,1,22,1294,1,1,2,1,0,1,1,0.00065081776,0,On Time,Low Risk
433,3,2,6,4,205,3,1,0,44,2064,1,1,0,1,0,1,0,0.00085282093,0,On Time,Low Risk
434,4,2,4,2,215,3,2,0,48,2953,1,1,0,1,1,1,1,0.0005869172,0,On Time,Low Risk
435,0,2,4,1,216,3,1,0,43,2643,1,1,0,1,1,1,1,0.0005166383,0,On Time,Low Risk
436,1,2,3,1,112,2,0,1,22,1846,1,0,2,1,0,0,1,0.00049157726,0,On Time,Low Risk
437,2,2,5,4,222,3,1,0,20,3632,1,1,2,0,1,1,0,0.0006372158,0,On Time,Low Risk
438,4,2,5,2,186,3,2,0,15,2153,1,1,2,1,0,1,1,0.00069350796,0,On Time,Low Risk
439,3,2,3,5,241,3,2,1,48,2841,1,0,0,1,1,1,0,0.000431799,0,On Time,Low Risk
440,4,2,3,3,172,3,1,0,58,1269,1,0,0,1,0,1,0,0.00082058983,0,On Time,Low Risk
441,0,2,3,5,251,2,0,1,23,2426,1,0,2,1,1,0,0,0.0005016804,0,On Time,Low Risk
442,1,2,5,3,190,3,0,1,45,2628,1,1,0,1,0,1,0,0.00026596058,0,On Time,Low Risk
443,2,2,4,3,186,2,2,0,48,2805,1,1,0,1,0,0,0,0.00039668713,0,On Time,Low Risk
444,4,2,4,4,207,2,2,1,35,2596,1,1,0,1,0,0,0,0.0005832971,0,On Time,Low Risk
445,3,2,3,3,135,3,1,0,19,1366,1,0,2,1,0,1,0,0.0014676823,0,On Time,Low Risk
446,4,2,4,4,189,2,2,0,18,2955,1,1,2,1,0,0,0,0.0005425564,0,On Time,Low Risk
447,0,2,4,4,173,5,2,0,51,1691,1,1,0,1,0,1,0,0.00087830937,0,On Time,Low Risk
448,1,2,3,4,194,3,2,1,3,2169,1,0,1,1,0,1,0,0.026623074,0,On Time,Low Risk
449,2,2,3,1,183,3,1,1,19,3018,1,0,2,0,0,1,1,0.00051836425,0,On Time,Low Risk
450,4,2,4,3,140,2,1,0,22,1248,1,1,2,1,0,0,0,0.0009539048,0,On Time,Low Risk
451,3,2,4,4,244,3,2,0,55,2782,1,1,0,1,1,1,0,0.0004715635,0,On Time,Low Risk
452,4,2,2,3,189,4,1,1,34,3355,1,0,0,0,0,1,0,0.00049332913,0,On Time,Low Risk
453,0,2,3,2,157,2,2,1,53,1390,1,0,0,1,0,0,1,0.0007162682,0,On Time,Low Risk
454,1,2,4,1,275,10,2,0,23,2726,1,1,2,1,1,1,1,0.0009499477,0,On Time,Low Risk
455,2,2,4,5,133,3,1,0,53,1467,1,1,0,1,0,1,0,0.0005374213,0,On Time,Low Risk
456,4,2,4,1,149,3,2,1,54,1178,1,1,0,1,0,1,1,0.00062884967,0,On Time,Low Risk
457,3,2,3,3,254,2,0,1,17,3153,1,0,2,0,1,0,0,0.00055122864,0,On Time,Low Risk
458,4,2,3,4,145,8,1,0,15,1429,1,0,2,1,0,1,0,0.000908086,0,On Time,Low Risk
459,0,2,3,2,179,5,1,0,52,1991,1,0,0,1,0,1,1,0.0007132174,0,On Time,Low Risk
460,1,2,5,2,168,3,1,1,26,1526,1,1,2,1,0,1,1,0.0011622754,0,On Time,Low Risk
461,2,2,4,1,202,3,2,0,18,3940,1,1,2,0,0,1,1,0.00060696446,0,On Time,Low Risk
462,4,2,3,4,220,7,1,1,43,2620,1,0,0,1,1,1,0,0.0007370843,0,On Time,Low Risk
463,3,2,3,4,244,8,1,1,1,2703,1,0,1,1,1,1,0,0.054505944,0,On Time,Low Risk
464,4,2,4,2,186,7,2,0,40,3111,1,1,0,0,0,1,1,0.00080172636,0,On Time,Low Risk
465,0,2,5,2,263,8,2,1,24,3139,1,1,2,0,1,1,1,0.0007348158,0,On Time,Low Risk
466,1,2,3,2,294,4,1,0,15,1318,1,0,2,1,1,1,1,0.0011125925,0,On Time,Low Risk
467,2,2,3,5,226,2,2,0,2,1043,1,0,1,1,1,0,0,0.32829386,0,On Time,Medium Risk
468,4,2,4,4,173,5,2,0,2,1175,1,1,1,1,0,1,0,0.46775275,0,On Time,Medium Risk
469,3,2,3,5,194,3,2,0,10,2277,1,0,1,1,0,1,0,0.022408817,0,On Time,Low Risk
470,4,2,3,5,183,3,1,0,2,3459,1,0,1,0,0,1,0,0.03209681,0,On Time,Low Risk
471,0,2,4,1,140,2,1,1,61,1770,1,1,0,1,0,0,1,0.00065191626,0,On Time,Low Risk
472,1,2,4,3,244,3,2,1,8,3318,1,1,1,0,1,1,0,0.034874216,0,On Time,Low Risk
473,2,2,2,2,189,4,1,1,9,3413,1,0,1,0,0,1,1,0.110082954,0,On Time,Low Risk
474,4,2,3,1,157,2,2,0,39,1525,1,0,0,1,0,0,1,0.00048825884,0,On Time,Low Risk
475,3,2,4,3,275,10,2,1,10,2093,1,1,1,1,1,1,0,0.11247212,0,On Time,Low Risk
476,4,2,4,5,133,3,1,1,59,1092,1,1,0,1,0,1,0,0.0008910371,0,On Time,Low Risk
477,0,2,4,2,149,3,2,1,26,1863,1,1,2,1,0,1,1,0.0009901809,0,On Time,Low Risk
478,1,2,3,4,254,2,0,0,41,3973,1,0,0,0,1,0,0,0.0008176281,0,On Time,Low Risk
479,2,2,3,4,145,8,1,0,24,1594,1,0,2,1,0,1,0,0.0008824125,0,On Time,Low Risk
480,4,2,3,5,179,5,1,1,56,1113,1,0,0,1,0,1,0,0.00081121206,0,On Time,Low Risk
481,3,2,5,4,168,3,1,0,13,1317,1,1,2,1,0,1,0,0.000902491,0,On Time,Low Risk
482,4,2,4,5,202,3,2,0,46,3181,1,1,0,0,0,1,0,0.00048627745,0,On Time,Low Risk
483,0,2,3,3,220,7,1,1,25,2141,1,0,2,1,1,1,0,0.000656784,0,On Time,Low Risk
484,1,2,3,2,244,8,1,0,50,3562,1,0,0,0,1,1,1,0.0005707303,0,On Time,Low Risk
485,2,2,4,3,186,7,2,0,30,2062,1,1,2,1,0,1,0,0.0007008026,0,On Time,Low Risk
486,4,2,5,5,263,8,2,0,9,2236,1,1,1,1,1,1,0,0.08323734,0,On Time,Low Risk
487,3,2,3,1,294,4,1,0,25,1498,1,0,2,1,1,1,1,0.0013017383,0,On Time,Low Risk
488,4,2,4,1,139,3,1,0,56,1811,1,1,0,1,0,1,1,0.0006858037,0,On Time,Low Risk
489,0,2,7,5,192,3,1,1,46,1550,1,1,0,1,0,1,0,0.00050438545,0,On Time,Low Risk
490,1,2,3,3,235,3,1,1,5,3065,1,0,1,0,1,1,0,0.0276768,0,On Time,Low Risk
491,2,2,2,1,176,3,1,0,15,1996,1,0,2,1,0,1,1,0.0009433995,0,On Time,Low Risk
492,4,2,5,4,224,3,1,0,34,2627,1,1,0,1,1,1,0,0.00052781287,0,On Time,Low Risk
493,3,2,3,4,128,3,2,0,51,1524,1,0,0,1,0,1,0,0.0004362795,0,On Time,Low Risk
494,4,2,5,4,226,5,1,1,47,2240,1,1,0,1,1,1,0,0.0006709884,0,On Time,Low Risk
495,0,2,5,1,160,5,2,0,16,1526,1,1,2,1,0,1,1,0.0009898423,0,On Time,Low Risk
496,1,2,3,1,197,5,1,1,45,2224,1,0,0,1,0,1,1,0.00061266933,0,On Time,Low Risk
497,2,2,4,2,216,3,1,0,12,2273,1,1,2,1,1,1,1,0.00058934983,0,On Time,Low Risk
498,4,2,4,4,199,2,1,1,9,3075,1,1,1,0,0,0,0,0.036361314,0,On Time,Low Risk
499,3,2,5,5,271,2,1,1,27,3957,1,1,2,0,1,0,0,0.0005301362,0,On Time,Low Risk
500,4,2,5,1,201,3,1,0,47,2657,1,1,0,1,0,1,1,0.00063365453,0,On Time,Low Risk
501,0,2,3,4,212,2,1,1,33,2021,1,0,0,1,0,0,0,0.0011461901,0,On Time,Low Risk
502,1,2,3,2,177,3,1,1,10,1641,1,0,1,1,0,1,1,0.1295637,0,On Time,Low Risk
503,2,2,3,4,191,4,2,0,43,2903,1,0,0,1,0,1,0,0.000356512,0,On Time,Low Risk
504,4,2,3,2,174,3,1,1,30,1986,1,0,2,1,0,1,1,0.00095472304,0,On Time,Low Risk
505,3,2,5,3,162,2,1,0,14,1045,1,1,2,1,0,0,0,0.0011550467,0,On Time,Low Risk
506,4,2,3,1,219,2,1,0,39,2696,1,0,0,1,1,0,1,0.0005583219,0,On Time,Low Risk
507,0,2,4,4,155,3,2,0,35,1421,1,1,0,1,0,1,0,0.000383372,0,On Time,Low Risk
508,1,2,5,3,230,3,2,0,3,2923,1,1,1,1,1,1,0,0.025838425,0,On Time,Low Risk
509,2,2,4,5,192,2,2,0,36,2497,1,1,0,1,0,0,0,0.0002983621,0,On Time,Low Risk
510,4,2,5,2,235,3,1,1,14,2984,1,1,2,1,1,1,1,0.0008487178,0,On Time,Low Risk
511,3,2,3,2,200,3,1,1,46,3642,1,0,0,0,0,1,1,0.00046535718,0,On Time,Low Risk
512,4,2,5,2,172,3,2,1,65,1667,1,1,0,1,0,1,1,0.0010245299,0,On Time,Low Risk
513,0,2,5,4,160,4,1,0,6,1603,1,1,1,1,0,1,0,0.47581086,0,On Time,Medium Risk
514,1,2,5,3,250,5,1,1,12,2722,1,1,2,1,1,1,0,0.00084183813,0,On Time,Low Risk
515,2,2,4,2,174,3,1,1,9,1682,1,1,1,1,0,1,1,0.19714037,0,On Time,Low Risk
516,4,2,3,2,204,3,0,0,54,3608,1,0,0,0,0,1,1,0.00049963954,0,On Time,Low Risk
517,3,2,3,5,274,3,2,0,51,3476,1,0,0,0,1,1,0,0.0004773378,0,On Time,Low Risk
518,4,2,5,5,262,2,2,0,62,3744,1,1,0,0,1,0,0,0.0005792075,0,On Time,Low Risk
519,0,2,4,5,138,3,2,1,23,1785,1,1,2,1,0,1,0,0.0005477784,0,On Time,Low Risk
520,1,2,3,1,215,3,2,0,2,3873,1,0,1,0,1,1,1,0.03769117,0,On Time,Low Risk
521,2,2,3,1,145,2,1,0,34,1773,1,0,0,1,0,0,1,0.00071724877,0,On Time,Low Risk
522,4,1,4,5,149,2,2,1,56,1141,1,1,0,1,0,0,0,0.0009182767,0,On Time,Low Risk
523,3,1,6,5,212,2,2,1,38,2359,1,1,0,1,0,0,0,0.0010810322,0,On Time,Low Risk
524,4,1,3,1,155,3,2,0,47,1193,1,0,0,1,0,1,1,0.0004313187,0,On Time,Low Risk
525,0,1,5,2,154,3,1,1,40,1238,1,1,0,1,0,1,1,0.0003855511,0,On Time,Low Risk
526,1,1,3,3,249,3,2,1,51,2173,1,0,0,1,1,1,0,0.00050906354,0,On Time,Low Risk
527,2,1,5,1,206,2,1,1,2,3490,1,1,1,0,0,0,1,0.049656935,0,On Time,Low Risk
528,4,1,4,5,235,3,2,0,22,2015,1,1,2,1,1,1,0,0.0009822475,0,On Time,Low Risk
529,3,1,5,5,261,3,2,0,8,3257,1,1,1,0,1,1,0,0.026105994,0,On Time,Low Risk
530,4,1,6,1,243,4,0,0,22,3537,1,1,2,0,1,1,1,0.00063483114,0,On Time,Low Risk
531,0,1,3,2,237,2,0,1,26,3103,1,0,2,0,1,0,1,0.0005852565,0,On Time,Low Risk
532,1,1,2,4,179,2,1,0,19,1900,1,0,2,1,0,0,0,0.00090292876,0,On Time,Low Risk
533,2,1,4,3,192,3,1,0,43,3498,1,1,0,0,0,1,0,0.00028474536,0,On Time,Low Risk
534,4,1,3,1,141,3,2,0,39,1838,1,0,0,1,0,1,1,0.0008220251,0,On Time,Low Risk
535,3,1,3,2,245,3,1,0,61,2188,1,0,0,1,1,1,1,0.0005431773,0,On Time,Low Risk
536,4,1,4,4,177,4,2,0,32,1774,1,1,0,1,0,1,0,0.0007240277,0,On Time,Low Risk
537,0,1,2,3,154,4,0,0,17,1897,1,0,2,1,0,1,0,0.00069239154,0,On Time,Low Risk
538,1,1,4,4,228,3,2,0,12,3359,1,1,2,0,1,1,0,0.0005214613,0,On Time,Low Risk
539,2,1,3,3,207,6,0,0,24,3702,1,0,2,0,0,1,0,0.00051065034,0,On Time,Low Risk
540,4,1,4,4,266,4,2,0,33,2701,1,1,0,1,1,1,0,0.00062853715,0,On Time,Low Risk
541,3,1,3,3,172,3,2,0,42,1707,1,0,0,1,0,1,0,0.00069125387,0,On Time,Low Risk
542,4,1,4,3,142,3,1,0,35,1512,1,1,0,1,0,1,0,0.0006512105,0,On Time,Low Risk
543,0,1,4,5,218,3,1,0,40,3200,1,1,0,0,1,1,0,0.0005177238,0,On Time,Low Risk
544,1,0,3,3,231,2,1,1,46,2962,1,0,0,1,1,0,0,0.00043687917,0,On Time,Low Risk
545,2,0,4,2,180,3,1,0,47,1434,1,1,0,1,0,1,1,0.0008091948,0,On Time,Low Risk
546,4,0,3,1,168,3,1,1,46,1886,1,0,0,1,0,1,1,0.0006507095,0,On Time,Low Risk
547,3,0,5,5,147,4,0,0,42,1642,1,1,0,1,0,1,0,0.0008310608,0,On Time,Low Risk
548,4,0,5,4,245,5,1,1,6,3592,1,1,1,0,1,1,0,0.13504082,0,On Time,Low Risk
549,0,0,2,4,182,3,2,1,47,3792,1,0,0,0,0,1,0,0.00046220425,0,On Time,Low Risk
550,1,0,3,4,176,3,2,0,8,1567,1,0,1,1,0,1,0,0.13480926,0,On Time,Low Risk
551,2,0,5,3,197,4,2,0,51,2917,1,1,0,1,0,1,0,0.0004512803,0,On Time,Low Risk
552,4,0,3,5,233,3,2,1,52,3519,1,0,0,0,1,1,0,0.0004599048,0,On Time,Low Risk
553,3,0,3,4,156,2,1,1,8,1145,1,0,1,1,0,0,0,0.14058387,0,On Time,Low Risk
554,4,0,2,3,257,4,2,0,52,2073,1,0,0,1,1,1,0,0.0005298998,0,On Time,Low Risk
555,0,0,5,4,250,3,1,0,11,3373,1,1,2,0,1,1,0,0.0007060381,0,On Time,Low Risk
556,1,0,5,4,189,5,1,1,3,3301,1,1,1,0,0,1,0,0.12156794,0,On Time,Low Risk
557,2,0,3,3,255,2,0,1,7,3311,1,0,1,0,1,0,0,0.020372499,0,On Time,Low Risk
558,4,0,2,3,198,2,2,1,28,3514,1,0,2,0,0,0,0,0.0003952339,0,On Time,Low Risk
559,3,0,4,2,164,3,2,1,15,1489,1,1,2,1,0,1,1,0.0007604097,0,On Time,Low Risk
560,4,0,5,2,271,3,2,1,32,3785,1,1,0,0,1,1,1,0.00045999885,0,On Time,Low Risk
561,0,0,3,1,185,2,2,0,34,3299,1,0,0,0,0,0,1,0.00037135693,0,On Time,Low Risk
562,1,0,2,5,157,6,0,0,17,1764,1,0,2,1,0,1,0,0.00088522397,0,On Time,Low Risk
563,2,0,3,2,137,2,2,1,17,1673,1,0,2,1,0,0,1,0.00075639866,0,On Time,Low Risk
564,4,0,3,3,229,3,1,1,14,2164,1,0,2,1,1,1,0,0.0005706754,0,On Time,Low Risk
565,3,0,3,3,234,2,2,0,39,2449,1,0,0,1,1,0,0,0.0004970126,0,On Time,Low Risk
566,4,2,4,3,216,2,1,1,52,3578,1,1,0,0,1,0,0,0.00047427614,0,On Time,Low Risk
567,0,2,3,1,163,4,1,0,20,1940,1,0,2,1,0,1,1,0.0011335167,0,On Time,Low Risk
568,1,2,5,2,268,3,1,1,19,2526,1,1,2,1,1,1,1,0.00055266276,0,On Time,Low Risk
569,2,2,3,3,205,5,2,1,35,2988,1,0,0,1,0,1,0,0.0006099307,0,On Time,Low Risk
570,4,2,4,5,265,2,2,0,18,2969,1,1,2,1,1,0,0,0.0005225719,0,On Time,Low Risk
571,3,2,2,2,236,3,2,1,3,3416,1,0,1,0,1,1,1,0.03931857,0,On Time,Low Risk
572,4,2,4,1,132,3,1,1,63,1901,1,1,0,1,0,1,1,0.00071737554,0,On Time,Low Risk
573,0,2,3,4,234,2,2,1,46,3108,1,0,0,0,1,0,0,0.0004093733,0,On Time,Low Risk
574,1,2,4,3,108,6,1,0,22,1745,1,1,2,1,0,1,0,0.00045858233,0,On Time,Low Risk
575,2,2,4,2,276,2,1,1,54,3706,1,1,0,0,1,0,1,0.00043181176,0,On Time,Low Risk
576,4,2,4,2,179,4,1,1,1,1063,1,1,1,1,0,1,1,0.35135838,0,On Time,Medium Risk
577,3,2,4,1,230,3,2,1,40,2225,1,1,0,1,1,1,1,0.0004974142,0,On Time,Low Risk
578,4,2,3,2,210,3,2,0,43,2096,1,0,0,1,0,1,1,0.00054247834,0,On Time,Low Risk
579,0,2,3,2,173,3,1,0,15,1992,1,0,2,1,0,1,1,0.0008937666,0,On Time,Low Risk
580,1,2,2,5,201,3,2,0,29,3894,1,0,2,0,0,1,0,0.00053174456,0,On Time,Low Risk
581,2,2,3,3,214,2,1,1,21,3342,1,0,2,0,0,0,0,0.000630606,0,On Time,Low Risk
582,4,2,4,2,216,2,2,0,22,3024,1,1,2,0,1,0,1,0.0006857769,0,On Time,Low Risk
583,3,2,2,5,144,3,2,1,61,1313,1,0,0,1,0,1,0,0.00072151364,0,On Time,Low Risk
584,4,2,5,5,182,3,2,0,27,3039,1,1,2,0,0,1,0,0.00045938493,0,On Time,Low Risk
585,0,2,3,3,163,2,2,0,48,1369,1,0,0,1,0,0,0,0.0008999204,0,On Time,Low Risk
586,1,2,3,3,234,3,2,0,8,2334,1,0,1,1,1,1,0,0.02621922,0,On Time,Low Risk
587,2,2,3,2,158,3,0,0,59,1307,1,0,0,1,0,1,1,0.0006472925,0,On Time,Low Risk
588,4,2,3,5,194,2,2,1,4,3496,1,0,1,0,0,0,0,0.04320916,0,On Time,Low Risk
589,3,2,3,1,201,6,2,0,3,2497,1,0,1,1,0,1,1,0.0961921,0,On Time,Low Risk
590,4,2,3,2,178,2,2,0,59,1933,1,0,0,1,0,0,1,0.0010849981,0,On Time,Low Risk
591,0,2,4,1,214,5,2,1,51,2669,1,1,0,1,0,1,1,0.00070836564,0,On Time,Low Risk
592,1,2,3,3,281,2,2,1,55,3047,1,0,0,0,1,0,0,0.00057433,0,On Time,Low Risk
593,2,2,3,2,260,3,2,0,2,2176,1,0,1,1,1,1,1,0.025943477,0,On Time,Low Risk
594,4,2,3,2,200,2,2,0,46,3174,1,0,0,0,0,0,1,0.00054879533,0,On Time,Low Risk
595,3,2,5,3,209,2,0,0,49,2581,1,1,0,1,0,0,0,0.00053420226,0,On Time,Low Risk
596,4,2,3,1,185,3,1,1,61,3280,1,0,0,0,0,1,1,0.0004657575,0,On Time,Low Risk
597,0,2,4,3,230,3,1,0,62,2236,1,1,0,1,1,1,0,0.00042419942,0,On Time,Low Risk
598,1,2,3,4,134,3,2,0,31,1540,1,0,0,1,0,1,0,0.000702567,0,On Time,Low Risk
599,2,2,4,5,270,2,1,0,34,2821,1,1,0,1,1,0,0,0.00041656895,0,On Time,Low Risk
600,4,2,4,1,140,3,2,0,1,1464,1,1,1,1,0,1,1,0.07375737,0,On Time,Low Risk
601,3,2,6,3,133,5,2,1,32,1367,1,1,0,1,0,1,0,0.0011646526,0,On Time,Low Risk
602,4,2,3,4,145,3,2,1,44,1218,1,0,0,1,0,1,0,0.00076404004,0,On Time,Low Risk
603,0,2,4,3,206,3,2,1,58,2135,1,1,0,1,0,1,0,0.00039453575,0,On Time,Low Risk
604,1,2,3,1,162,2,1,0,52,1125,1,0,0,1,0,0,1,0.00048318194,0,On Time,Low Risk
605,2,2,4,3,187,2,1,0,58,3665,1,1,0,0,0,0,0,0.00041089006,0,On Time,Low Risk
606,4,2,4,4,166,5,1,0,54,1203,1,1,0,1,0,1,0,0.0009169665,0,On Time,Low Risk
607,3,2,4,5,178,3,1,0,48,1819,1,1,0,1,0,1,0,0.0006996488,0,On Time,Low Risk
608,4,2,3,1,167,2,0,0,34,1967,1,0,0,1,0,0,1,0.00072142633,0,On Time,Low Risk
609,0,2,4,4,224,3,0,1,60,3145,1,1,0,0,1,1,0,0.0003571102,0,On Time,Low Risk
610,1,2,4,4,158,3,2,1,11,1224,1,1,2,1,0,1,0,0.0005785741,0,On Time,Low Risk
611,2,2,3,4,134,2,2,1,43,1198,1,0,0,1,0,0,0,0.0006969376,0,On Time,Low Risk
612,4,2,4,2,147,2,2,0,20,1387,1,1,2,1,0,0,1,0.0012032217,0,On Time,Low Risk
613,3,2,4,3,187,3,1,1,61,2207,1,1,0,1,0,1,0,0.00041713618,0,On Time,Low Risk
614,4,2,4,5,247,2,2,0,18,2404,1,1,2,1,1,0,0,0.00056038564,0,On Time,Low Risk
615,0,2,5,4,182,4,0,1,20,2212,1,1,2,1,0,1,0,0.00043583865,0,On Time,Low Risk
616,1,2,4,1,177,4,2,0,33,1049,1,1,0,1,0,1,1,0.0009870793,0,On Time,Low Risk
617,2,2,5,5,143,2,0,0,18,1066,1,1,2,1,0,0,0,0.0010240044,0,On Time,Low Risk
618,4,2,5,3,245,2,2,0,8,3231,1,1,1,0,1,0,0,0.052888565,0,On Time,Low Risk
619,3,2,4,1,133,4,2,1,64,1834,1,1,0,1,0,1,1,0.0010668362,0,On Time,Low Risk
620,4,2,3,5,224,2,1,1,13,3891,1,0,2,0,1,0,0,0.00050790445,0,On Time,Low Risk
621,0,2,2,5,265,2,1,0,50,3859,1,0,0,0,1,0,0,0.00036847123,0,On Time,Low Risk
622,1,2,4,1,138,2,1,1,28,1528,1,1,2,1,0,0,1,0.00046671147,0,On Time,Low Risk
623,2,2,3,4,253,3,1,1,6,3788,1,0,1,0,1,1,0,0.037547484,0,On Time,Low Risk
624,4,2,4,1,165,3,2,1,51,1293,1,1,0,1,0,1,1,0.0006969237,0,On Time,Low Risk
625,3,2,4,3,265,3,1,0,65,3578,1,1,0,0,1,1,0,0.00045990897,0,On Time,Low Risk
626,4,2,3,2,238,3,0,0,54,3142,1,0,0,0,1,1,1,0.0005208875,0,On Time,Low Risk
627,0,2,5,2,236,3,1,0,51,3402,1,1,0,0,1,1,1,0.00061511766,0,On Time,Low Risk
628,1,2,4,2,190,5,0,0,38,3022,1,1,0,0,0,1,1,0.00034939378,0,On Time,Low Risk
629,2,2,6,1,104,4,2,0,23,1442,1,1,2,1,0,1,1,0.0007007538,0,On Time,Low Risk
630,4,2,4,5,245,2,1,0,19,2616,1,1,2,1,1,0,0,0.00055427436,0,On Time,Low Risk
631,3,2,3,1,155,3,2,0,27,1022,1,0,2,1,0,1,1,0.0007604866,0,On Time,Low Risk
632,4,2,3,2,233,3,1,1,63,2143,1,0,0,1,1,1,1,0.0005260271,0,On Time,Low Risk
633,0,2,4,3,171,4,1,0,55,1539,1,1,0,1,0,1,0,0.00090858876,0,On Time,Low Risk
634,1,2,2,3,164,2,1,1,56,1491,1,0,0,1,0,0,0,0.0009639312,0,On Time,Low Risk
635,2,2,3,1,141,3,1,1,6,1361,1,0,1,1,0,1,1,0.048984285,0,On Time,Low Risk
636,4,2,5,3,266,2,1,0,61,2118,1,1,0,1,1,0,0,0.0005570921,0,On Time,Low Risk
637,3,2,3,4,192,2,1,0,56,3765,1,0,0,0,0,0,0,0.00045979588,0,On Time,Low Risk
638,4,2,3,3,229,6,2,0,61,2298,1,0,0,1,1,1,0,0.0005548666,0,On Time,Low Risk
639,0,2,6,2,269,4,2,1,38,3171,1,1,0,0,1,1,1,0.00090268697,0,On Time,Low Risk
640,1,2,3,4,247,4,1,1,59,2939,1,0,0,1,1,1,0,0.0005420121,0,On Time,Low Risk
641,2,2,4,4,157,2,1,0,2,1087,1,1,1,1,0,0,0,0.09214732,0,On Time,Low Risk
642,4,2,3,2,148,3,2,0,64,1280,1,0,0,1,0,1,1,0.00058835384,0,On Time,Low Risk
643,3,2,4,1,240,2,1,1,14,2437,1,1,2,1,1,0,1,0.000526763,0,On Time,Low Risk
644,4,2,4,3,197,4,2,1,58,3617,1,1,0,0,0,1,0,0.0005971518,0,On Time,Low Risk
645,0,2,6,4,121,5,1,1,23,1734,1,1,2,1,0,1,0,0.00096159807,0,On Time,Low Risk
646,1,2,4,2,124,3,0,1,60,1107,1,1,0,1,0,1,1,0.0006436089,0,On Time,Low Risk
647,2,2,4,2,153,3,2,0,53,1185,1,1,0,1,0,1,1,0.00070435426,0,On Time,Low Risk
648,4,2,5,2,105,4,0,1,1,1622,1,1,1,1,0,1,1,0.09158379,0,On Time,Low Risk
649,3,2,4,3,202,3,2,1,2,3962,1,1,1,0,0,1,0,0.35744923,0,On Time,Medium Risk
650,4,2,5,4,162,2,1,0,54,1635,1,1,0,1,0,0,0,0.0010124472,0,On Time,Low Risk
651,0,2,3,4,164,3,2,1,13,1158,1,0,2,1,0,1,0,0.0008506151,0,On Time,Low Risk
652,1,2,3,2,231,4,2,1,48,3370,1,0,0,0,1,1,1,0.0005516972,0,On Time,Low Risk
653,2,2,5,2,209,4,2,0,12,2933,1,1,2,1,0,1,1,0.001027711,0,On Time,Low Risk
654,4,2,3,1,157,2,0,1,19,1898,1,0,2,1,0,0,1,0.0007907136,0,On Time,Low Risk
655,3,2,4,5,249,2,1,1,4,2725,1,1,1,1,1,0,0,0.024900384,0,On Time,Low Risk
656,4,2,2,3,264,2,1,0,63,2896,1,0,0,1,1,0,0,0.00040033087,0,On Time,Low Risk
657,0,2,3,1,111,4,1,1,61,1844,1,0,0,1,0,1,1,0.00071247824,0,On Time,Low Risk
658,1,2,3,1,242,3,2,0,10,3606,1,0,1,0,1,1,1,0.034299508,0,On Time,Low Risk
659,2,1,4,4,169,3,1,1,23,1058,1,1,2,1,0,1,0,0.00079072115,0,On Time,Low Risk
660,4,1,5,3,138,2,1,1,13,1056,1,1,2,1,0,0,0,0.00081211585,0,On Time,Low Risk
661,3,1,5,1,158,3,1,1,9,1483,1,1,1,1,0,1,1,0.15054032,0,On Time,Low Risk
662,4,1,5,3,146,4,1,1,5,1718,1,1,1,1,0,1,0,0.23225443,0,On Time,Low Risk
663,0,1,4,4,218,5,2,0,36,2995,1,1,0,1,1,1,0,0.00058536895,0,On Time,Low Risk
664,1,1,3,2,178,2,2,0,22,1247,1,0,2,1,0,0,1,0.00080481876,0,On Time,Low Risk
665,2,1,4,5,197,3,1,0,34,3784,1,1,0,0,0,1,0,0.00041739413,0,On Time,Low Risk
666,4,1,3,3,243,2,2,1,17,3230,1,0,2,0,1,0,0,0.00066218036,0,On Time,Low Risk
667,3,1,5,2,254,4,0,1,37,2608,1,1,0,1,1,1,1,0.0008450042,0,On Time,Low Risk
668,4,1,3,1,237,4,1,1,33,2782,1,0,0,1,1,1,1,0.0006858795,0,On Time,Low Risk
669,0,1,5,1,179,3,1,0,62,1945,1,1,0,1,0,1,1,0.00091367256,0,On Time,Low Risk
670,1,1,3,2,189,3,2,1,38,2108,1,0,0,1,0,1,1,0.00047088432,0,On Time,Low Risk
671,2,1,4,3,244,3,2,1,1,3982,1,1,1,0,1,1,0,0.41307828,0,On Time,Medium Risk
672,4,1,3,3,266,2,2,1,46,3594,1,0,0,0,1,0,0,0.00060178374,0,On Time,Low Risk
673,3,1,5,4,263,3,0,1,10,2538,1,1,1,1,1,1,0,0.021076182,0,On Time,Low Risk
674,4,1,3,2,247,2,2,1,39,3189,1,0,0,0,1,0,1,0.00058782473,0,On Time,Low Risk
675,0,1,4,5,202,3,1,0,6,2616,1,1,1,1,0,1,0,0.025644487,0,On Time,Low Risk
676,1,1,4,4,227,3,2,0,1,2761,1,1,1,1,1,1,0,0.024509313,0,On Time,Low Risk
677,2,1,4,5,189,2,1,0,15,2457,1,1,2,1,0,0,0,0.0005017536,0,On Time,Low Risk
678,4,1,6,4,160,2,1,0,31,1689,1,1,0,1,0,0,0,0.0019125048,0,On Time,Low Risk
679,3,1,3,3,117,3,2,1,56,1618,1,0,0,1,0,1,0,0.0005839819,0,On Time,Low Risk
680,4,1,3,1,202,2,0,1,52,2312,1,0,0,1,0,0,1,0.0004788214,0,On Time,Low Risk
681,0,0,4,3,201,3,2,0,54,2487,1,1,0,1,0,1,0,0.00025843407,0,On Time,Low Risk
682,1,0,3,4,273,2,2,0,39,2651,1,0,0,1,1,0,0,0.00043750266,0,On Time,Low Risk
683,2,0,4,4,143,2,2,1,58,1038,1,1,0,1,0,0,0,0.0007087924,0,On Time,Low Risk
684,4,0,4,5,137,4,0,1,29,1262,1,1,2,1,0,1,0,0.00078653754,0,On Time,Low Risk
685,3,0,5,5,236,3,0,1,34,3455,1,1,0,0,1,1,0,0.0005493886,0,On Time,Low Risk
686,4,0,4,2,241,2,1,1,17,3844,1,1,2,0,1,0,1,0.00065048627,0,On Time,Low Risk
687,0,0,4,2,187,2,1,0,6,3625,1,1,1,0,0,0,1,0.04724662,0,On Time,Low Risk
688,1,0,4,5,273,2,0,1,63,3516,1,1,0,0,1,0,0,0.00054466265,0,On Time,Low Risk
689,2,0,5,2,170,3,1,1,15,1314,1,1,2,1,0,1,1,0.0010095369,0,On Time,Low Risk
690,4,0,3,5,138,3,1,0,37,1266,1,0,0,1,0,1,0,0.0007902673,0,On Time,Low Risk
691,3,0,5,4,150,2,1,1,60,1034,1,1,0,1,0,0,0,0.0010907998,0,On Time,Low Risk
692,4,0,5,5,140,3,0,0,42,1384,1,1,0,1,0,1,0,0.0010774928,0,On Time,Low Risk
693,0,0,4,1,250,2,1,1,17,3544,1,1,2,0,1,0,1,0.00050581346,0,On Time,Low Risk
694,1,0,3,3,207,7,2,1,19,2182,1,0,2,1,0,1,0,0.00063374575,0,On Time,Low Risk
695,2,0,4,4,214,3,1,1,36,2684,1,1,0,1,0,1,0,0.0005401835,0,On Time,Low Risk
696,4,0,4,1,179,3,1,1,63,1215,1,1,0,1,0,1,1,0.0005705386,0,On Time,Low Risk
697,3,0,5,1,149,4,2,0,20,1110,1,1,2,1,0,1,1,0.0009788731,0,On Time,Low Risk
698,4,0,3,5,151,2,1,0,16,1422,1,0,2,1,0,0,0,0.00062563136,0,On Time,Low Risk
699,0,0,4,3,264,3,2,1,23,2376,1,1,2,1,1,1,0,0.0004425269,0,On Time,Low Risk
700,1,0,6,5,113,3,0,1,31,1037,1,1,0,1,0,1,0,0.0008084525,0,On Time,Low Risk
701,2,0,6,1,281,3,2,0,36,2536,1,1,0,1,1,1,1,0.00056483026,0,On Time,Low Risk
702,4,0,4,2,197,7,2,1,43,3730,1,1,0,0,0,1,1,0.00058485335,0,On Time,Low Risk
703,3,2,3,4,265,8,1,0,35,3299,1,0,0,0,1,1,0,0.00078085175,0,On Time,Low Risk
704,4,2,4,2,259,3,1,0,47,3764,1,1,0,0,1,1,1,0.00042106965,0,On Time,Low Risk
705,0,2,5,1,200,8,1,0,18,3806,1,1,2,0,0,1,1,0.0010307339,0,On Time,Low Risk
706,1,2,2,4,111,2,0,1,60,1787,1,0,0,1,0,0,0,0.0004802528,0,On Time,Low Risk
707,2,2,3,5,223,3,2,1,53,3670,1,0,0,0,1,1,0,0.0003819413,0,On Time,Low Risk
708,4,2,3,3,241,3,1,1,5,2713,1,0,1,1,1,1,0,0.026206216,0,On Time,Low Risk
709,3,2,4,1,139,3,1,0,25,1152,1,1,2,1,0,1,1,0.00058189227,0,On Time,Low Risk
710,4,2,7,1,192,3,1,1,38,1372,1,1,0,1,0,1,1,0.0009810433,0,On Time,Low Risk
711,0,2,3,4,117,3,2,1,23,1527,1,0,2,1,0,1,0,0.0007435229,0,On Time,Low Risk
712,1,2,3,1,202,2,0,0,21,3120,1,0,2,0,0,0,1,0.0004848098,0,On Time,Low Risk
713,2,2,4,2,201,3,2,0,39,2066,1,1,0,1,0,1,1,0.00046711604,0,On Time,Low Risk
714,4,2,3,3,273,2,2,0,16,2466,1,0,2,1,1,0,0,0.0005087718,0,On Time,Low Risk
715,3,2,4,3,143,2,2,0,64,1910,1,1,0,1,0,0,0,0.0008071271,0,On Time,Low Risk
716,4,2,4,1,137,4,0,1,15,1391,1,1,2,1,0,1,1,0.00068685383,0,On Time,Low Risk
717,0,2,5,3,236,3,0,0,47,3519,1,1,0,0,1,1,0,0.0004104463,0,On Time,Low Risk
718,1,2,4,1,241,2,1,0,39,2935,1,1,0,1,1,0,1,0.00047046234,0,On Time,Low Risk
719,2,2,4,5,187,2,1,1,44,3218,1,1,0,0,0,0,0,0.0004218913,0,On Time,Low Risk
720,4,2,4,3,273,2,0,1,43,3462,1,1,0,0,1,0,0,0.00033190203,0,On Time,Low Risk
721,3,2,5,3,170,3,1,0,12,1018,1,1,2,1,0,1,0,0.0013234969,0,On Time,Low Risk
722,4,2,3,4,138,3,1,0,54,1648,1,0,0,1,0,1,0,0.0005717624,0,On Time,Low Risk
723,0,2,5,3,150,2,1,1,2,1682,1,1,1,1,0,0,0,0.22409755,0,On Time,Low Risk
724,1,2,5,4,140,3,0,0,56,1332,1,1,0,1,0,1,0,0.0007318918,0,On Time,Low Risk
725,2,2,4,3,250,2,1,0,46,2878,1,1,0,1,1,0,0,0.00040367641,0,On Time,Low Risk
726,4,2,3,4,207,7,2,0,46,2670,1,0,0,1,0,1,0,0.0009008599,0,On Time,Low Risk
727,3,2,4,2,214,3,1,0,18,2574,1,1,2,1,0,1,1,0.00073648745,0,On Time,Low Risk
728,4,2,4,3,179,3,1,1,45,1903,1,1,0,1,0,1,0,0.00071506714,0,On Time,Low Risk
729,0,2,5,2,149,4,2,1,48,1068,1,1,0,1,0,1,1,0.0007418628,0,On Time,Low Risk
730,1,2,3,1,151,2,1,0,4,1748,1,0,1,1,0,0,1,0.13765731,0,On Time,Low Risk
731,2,2,4,5,264,3,2,1,16,2245,1,1,2,1,1,1,0,0.00046427877,0,On Time,Low Risk
732,4,2,6,5,113,3,0,0,35,1402,1,1,0,1,0,1,0,0.00047234874,0,On Time,Low Risk
733,3,2,6,3,281,3,2,1,11,2135,1,1,2,1,1,1,0,0.0005914786,0,On Time,Low Risk
734,4,2,4,4,197,7,2,0,22,2065,1,1,2,1,0,1,0,0.00083013007,0,On Time,Low Risk
735,0,2,3,4,265,8,1,1,2,3622,1,0,1,0,1,1,0,0.047774967,0,On Time,Low Risk
736,1,2,4,1,259,3,1,1,39,2427,1,1,0,1,1,1,1,0.0003763615,0,On Time,Low Risk
737,2,2,5,3,200,8,1,0,9,2741,1,1,1,1,0,1,0,0.06580928,0,On Time,Low Risk
738,4,2,2,1,111,2,0,0,10,1920,1,0,1,1,0,0,1,0.019557212,0,On Time,Low Risk
739,3,2,3,2,223,3,2,0,6,2127,1,0,1,1,1,1,1,0.02862319,0,On Time,Low Risk
740,4,2,3,2,241,3,1,1,22,3030,1,0,2,0,1,1,1,0.0006040547,0,On Time,Low Risk
741,0,2,4,5,139,3,1,0,65,1277,1,1,0,1,0,1,0,0.0006308648,0,On Time,Low Risk
742,1,2,7,4,192,3,1,0,33,1694,1,1,0,1,0,1,0,0.00058238243,0,On Time,Low Risk
743,2,2,3,5,180,4,2,0,59,1481,1,0,0,1,0,1,0,0.0009170658,0,On Time,Low Risk
744,4,2,3,3,153,5,1,1,35,1089,1,0,0,1,0,1,0,0.0008925683,0,On Time,Low Risk
745,3,2,2,4,280,4,1,1,48,1463,1,0,0,1,1,1,0,0.0014457074,0,On Time,Low Risk
746,4,2,7,5,243,5,2,1,28,1100,1,1,2,1,1,1,0,0.0006086929,0,On Time,Low Risk
747,0,2,3,4,214,2,1,1,50,3881,1,0,0,0,0,0,0,0.000586031,0,On Time,Low Risk
748,1,2,4,4,177,2,1,1,6,1112,1,1,1,1,0,0,0,0.18290992,0,On Time,Low Risk
749,2,2,3,2,182,3,2,0,39,3828,1,0,0,0,0,1,1,0.0004599605,0,On Time,Low Risk
750,4,2,4,5,185,3,2,1,17,2824,1,1,2,1,0,1,0,0.00044552961,0,On Time,Low Risk
751,3,2,3,3,143,3,2,1,23,1281,1,0,2,1,0,1,0,0.0005972779,0,On Time,Low Risk
752,4,2,3,3,162,3,2,1,7,1901,1,0,1,1,0,1,0,0.19568269,0,On Time,Low Risk
753,0,2,3,1,171,2,1,1,34,1999,1,0,0,1,0,0,1,0.00083066255,0,On Time,Low Risk
754,1,2,5,1,227,3,1,0,14,2589,1,1,2,1,1,1,1,0.00063966465,0,On Time,Low Risk
755,2,2,3,5,205,6,1,0,25,2232,1,0,2,1,0,1,0,0.00051428116,0,On Time,Low Risk
756,4,2,3,5,258,3,1,1,17,3033,1,0,2,0,1,1,0,0.00042880277,0,On Time,Low Risk
757,3,2,4,5,195,5,2,0,10,3537,1,1,1,0,0,1,0,0.10914394,0,On Time,Low Risk
758,4,2,4,1,224,2,1,1,8,3638,1,1,1,0,1,0,1,0.051798034,0,On Time,Low Risk
759,0,2,2,5,192,6,1,0,41,2673,1,0,0,1,0,1,0,0.00028837594,0,On Time,Low Risk
760,1,2,3,3,202,3,2,0,35,3986,1,0,0,0,0,1,0,0.0009258232,0,On Time,Low Risk
761,2,2,5,3,235,2,2,0,12,3358,1,1,2,0,1,0,0,0.00058538624,0,On Time,Low Risk
762,4,2,3,4,218,3,1,1,22,3818,1,0,2,0,1,1,0,0.0006430847,0,On Time,Low Risk
763,3,2,6,5,176,4,2,1,31,1262,1,1,0,1,0,1,0,0.0009977687,0,On Time,Low Risk
764,4,2,3,3,221,2,2,0,26,3120,1,0,2,0,1,0,0,0.00062332564,0,On Time,Low Risk
765,0,2,3,4,157,3,1,0,32,1370,1,0,0,1,0,1,0,0.00086446485,0,On Time,Low Risk
766,1,2,4,2,259,4,1,0,13,2495,1,1,2,1,1,1,1,0.00050165533,0,On Time,Low Risk
767,2,2,2,1,249,3,1,1,11,2534,1,0,2,1,1,1,1,0.0004491662,0,On Time,Low Risk
768,4,2,4,1,263,5,1,0,62,2292,1,1,0,1,1,1,1,0.00052956125,0,On Time,Low Risk
769,3,2,4,3,141,3,1,0,2,1915,1,1,1,1,0,1,0,0.14658898,0,On Time,Low Risk
770,4,2,4,1,114,3,2,0,9,1240,1,1,1,1,0,1,1,0.026364526,0,On Time,Low Risk
771,0,2,3,4,179,4,1,0,44,1004,1,0,0,1,0,1,0,0.001103413,0,On Time,Low Risk
772,1,2,4,3,179,3,2,1,40,1584,1,1,0,1,0,1,0,0.00074026146,0,On Time,Low Risk
773,2,2,3,5,193,3,1,0,47,3523,1,0,0,0,0,1,0,0.00043220195,0,On Time,Low Risk
774,4,2,3,2,137,3,2,0,23,1246,1,0,2,1,0,1,1,0.00078145583,0,On Time,Low Risk
775,3,2,3,5,110,3,1,1,55,1875,1,0,0,1,0,1,0,0.0005091417,0,On Time,Low Risk
776,4,2,3,1,270,3,2,0,61,3582,1,0,0,0,1,1,1,0.0004538519,0,On Time,Low Risk
777,0,2,5,1,175,3,2,0,64,1110,1,1,0,1,0,1,1,0.00065712957,0,On Time,Low Risk
778,1,2,5,1,234,2,1,1,12,2372,1,1,2,1,1,0,1,0.000743896,0,On Time,Low Risk
779,2,2,2,4,177,3,2,1,48,1113,1,0,0,1,0,1,0,0.0009407103,0,On Time,Low Risk
780,4,2,3,4,153,2,1,0,24,1442,1,0,2,1,0,0,0,0.0006483729,0,On Time,Low Risk
781,3,2,4,5,252,3,1,1,16,2332,1,1,2,1,1,1,0,0.0005755635,0,On Time,Low Risk
782,4,2,2,4,122,2,1,0,32,1213,1,0,0,1,0,0,0,0.00073211564,0,On Time,Low Risk
783,0,2,4,5,215,2,2,0,34,2258,1,1,0,1,1,0,0,0.0004268116,0,On Time,Low Risk
784,1,2,3,3,140,4,1,0,47,1207,1,0,0,1,0,1,0,0.00086602394,0,On Time,Low Risk
785,2,2,3,1,209,2,1,1,43,2237,1,0,0,1,0,0,1,0.0006085322,0,On Time,Low Risk
786,4,2,2,3,144,3,0,1,40,1500,1,0,0,1,0,1,0,0.00071014534,0,On Time,Low Risk
787,3,2,4,2,210,3,1,1,16,2046,1,1,2,1,0,1,1,0.0006119798,0,On Time,Low Risk
788,4,2,5,1,160,3,2,0,22,1693,1,1,2,1,0,1,1,0.00088389905,0,On Time,Low Risk
789,0,2,5,4,134,2,1,0,20,1549,1,1,2,1,0,0,0,0.001248729,0,On Time,Low Risk
790,1,2,3,2,138,3,2,0,34,1159,1,0,0,1,0,1,1,0.0005949317,0,On Time,Low Risk
791,2,2,4,3,200,2,2,1,65,3485,1,1,0,0,0,0,0,0.00035151147,0,On Time,Low Risk
792,4,2,5,4,133,2,2,1,30,1161,1,1,2,1,0,0,0,0.0010666766,0,On Time,Low Risk
793,3,2,2,4,121,5,1,1,32,1788,1,0,0,1,0,1,0,0.0008941014,0,On Time,Low Risk
794,4,2,4,3,257,3,2,1,5,2489,1,1,1,1,1,1,0,0.022617418,0,On Time,Low Risk
795,0,2,4,5,255,4,1,1,14,3099,1,1,2,0,1,1,0,0.0006169075,0,On Time,Low Risk
796,1,1,4,1,158,3,1,0,32,1061,1,1,0,1,0,1,1,0.000461025,0,On Time,Low Risk
797,2,1,4,4,248,4,1,0,49,2322,1,1,0,1,1,1,0,0.0006256904,0,On Time,Low Risk
798,4,1,2,3,194,4,2,1,65,3795,1,0,0,0,0,1,0,0.0005971344,0,On Time,Low Risk
799,3,1,4,3,184,3,2,0,19,2774,1,1,2,1,0,1,0,0.0004064956,0,On Time,Low Risk
800,4,1,5,5,249,4,2,0,38,2797,1,1,0,1,1,1,0,0.00062887603,0,On Time,Low Risk
801,0,1,5,5,170,2,2,0,36,1278,1,1,0,1,0,0,0,0.0007248855,0,On Time,Low Risk
802,1,1,3,4,261,2,2,0,1,3398,1,0,1,0,1,0,0,0.022694515,0,On Time,Low Risk
803,2,1,3,2,262,2,1,0,26,2370,1,0,2,1,1,0,1,0.0006553849,0,On Time,Low Risk
804,4,1,4,4,224,3,2,1,9,2952,1,1,1,1,1,1,0,0.02956257,0,On Time,Low Risk
805,3,1,3,4,130,2,2,0,42,1213,1,0,0,1,0,0,0,0.0006955913,0,On Time,Low Risk
806,4,1,4,1,133,3,1,1,57,1379,1,1,0,1,0,1,1,0.00076456554,0,On Time,Low Risk
807,0,1,3,1,145,4,1,0,58,1751,1,0,0,1,0,1,1,0.0011521962,0,On Time,Low Risk
808,1,1,2,4,136,6,1,0,53,1213,1,0,0,1,0,1,0,0.00072638923,0,On Time,Low Risk
809,2,1,4,5,163,5,1,1,24,1658,1,1,2,1,0,1,0,0.0011063088,0,On Time,Low Risk
810,4,1,3,3,183,3,1,0,45,2181,1,0,0,1,0,1,0,0.00038252815,0,On Time,Low Risk
811,3,1,5,3,216,3,2,0,1,2434,1,1,1,1,1,1,0,0.024458056,0,On Time,Low Risk
812,4,1,4,1,182,3,2,1,28,2005,1,1,2,1,0,1,1,0.00081944,0,On Time,Low Risk
813,0,1,4,5,191,3,1,0,19,2392,1,1,2,1,0,1,0,0.00030807714,0,On Time,Low Risk
814,1,1,3,2,140,2,0,0,7,1401,1,0,1,1,0,0,1,0.047288667,0,On Time,Low Risk
815,2,1,4,4,161,3,0,0,59,1165,1,1,0,1,0,1,0,0.00072849076,0,On Time,Low Risk
816,4,1,4,2,200,4,1,1,43,2747,1,1,0,1,0,1,1,0.00059707265,0,On Time,Low Risk
817,3,1,4,1,176,3,2,0,36,1891,1,1,0,1,0,1,1,0.0009769924,0,On Time,Low Risk
818,4,0,5,2,247,3,1,1,32,3645,1,1,0,0,1,1,1,0.0006147083,0,On Time,Low Risk
819,0,0,3,4,262,2,1,1,15,3287,1,0,2,0,1,0,0,0.0005392306,0,On Time,Low Risk
820,1,0,4,5,154,2,1,0,49,1532,1,1,0,1,0,0,0,0.0005633085,0,On Time,Low Risk
821,2,0,3,1,186,3,2,0,11,3800,1,0,2,0,0,1,1,0.00058049324,0,On Time,Low Risk
822,4,0,2,1,98,3,1,0,29,1806,1,0,2,1,0,1,1,0.0005198712,0,On Time,Low Risk
823,3,0,3,3,268,3,1,0,33,3872,1,0,0,0,1,1,0,0.00054204185,0,On Time,Low Risk
824,4,0,5,3,178,2,2,0,60,1830,1,1,0,1,0,0,0,0.00098179,0,On Time,Low Risk
825,0,0,3,1,142,2,0,1,18,1428,1,0,2,1,0,0,1,0.0005988069,0,On Time,Low Risk
826,1,0,4,5,160,3,1,1,33,1837,1,1,0,1,0,1,0,0.00094408996,0,On Time,Low Risk
827,2,0,5,2,232,2,2,1,24,2174,1,1,2,1,1,0,1,0.0005944522,0,On Time,Low Risk
828,4,0,4,2,209,2,1,0,23,2533,1,1,2,1,0,0,1,0.00062133005,0,On Time,Low Risk
829,3,0,4,2,230,3,2,1,33,3602,1,1,0,0,1,1,1,0.00054059405,0,On Time,Low Risk
830,4,0,5,4,223,3,1,0,40,2074,1,1,0,1,1,1,0,0.0004820695,0,On Time,Low Risk
831,0,0,4,4,201,3,0,0,7,2644,1,1,1,1,0,1,0,0.0123425685,0,On Time,Low Risk
832,1,0,3,5,224,3,2,0,20,2937,1,0,2,1,1,1,0,0.00040938752,0,On Time,Low Risk
833,2,0,2,3,251,3,1,0,2,3351,1,0,1,0,1,1,0,0.031100176,0,On Time,Low Risk
834,4,0,3,4,145,6,2,1,57,1949,1,0,0,1,0,1,0,0.0010166648,0,On Time,Low Risk
835,3,0,5,4,271,3,2,0,16,2563,1,1,2,1,1,1,0,0.00056041824,0,On Time,Low Risk
836,4,0,3,5,218,4,2,1,60,3048,1,0,0,0,1,1,0,0.0005141395,0,On Time,Low Risk
837,0,0,3,4,229,2,1,1,51,2628,1,0,0,1,1,0,0,0.00043868512,0,On Time,Low Risk
838,1,0,5,2,278,2,1,0,17,2493,1,1,2,1,1,0,1,0.0005646349,0,On Time,Low Risk
839,2,0,2,4,168,3,1,0,15,1886,1,0,2,1,0,1,0,0.0010012292,0,On Time,Low Risk
840,4,2,5,2,151,6,2,1,12,1920,1,1,2,1,0,1,1,0.0014592133,0,On Time,Low Risk
841,3,2,3,1,232,3,1,1,9,2958,1,0,1,1,1,1,1,0.028484192,0,On Time,Low Risk
842,4,2,3,2,140,2,1,0,16,1685,1,0,2,1,0,0,1,0.00093806506,0,On Time,Low Risk
843,0,2,4,2,141,3,1,1,34,1619,1,1,0,1,0,1,1,0.0005783406,0,On Time,Low Risk
844,1,2,5,4,182,5,2,0,23,3398,1,1,2,0,0,1,0,0.000849463,0,On Time,Low Risk
845,2,2,4,2,139,5,1,0,52,1977,1,1,0,1,0,1,1,0.0010953347,0,On Time,Low Risk
846,4,2,5,2,145,5,2,0,22,1818,1,1,2,1,0,1,1,0.001900618,0,On Time,Low Risk
847,3,2,4,4,140,3,2,1,11,1911,1,1,2,1,0,1,0,0.00090599665,0,On Time,Low Risk
848,4,2,3,4,267,3,2,0,62,3589,1,0,0,0,1,1,0,0.00048750942,0,On Time,Low Risk
849,0,2,3,1,191,3,0,0,60,2069,1,0,0,1,0,1,1,0.00020791758,0,On Time,Low Risk
850,1,2,4,2,133,4,2,0,52,1401,1,1,0,1,0,1,1,0.000705656,0,On Time,Low Risk
851,2,2,4,2,170,2,1,0,1,1446,1,1,1,1,0,0,1,0.12475016,0,On Time,Low Risk
852,4,2,4,5,170,2,1,0,57,1533,1,1,0,1,0,0,0,0.0007348484,0,On Time,Low Risk
853,3,2,3,2,149,4,2,0,21,1636,1,0,2,1,0,1,1,0.0010195101,0,On Time,Low Risk
854,4,2,5,4,279,2,2,0,1,3933,1,1,1,0,1,0,0,0.036590807,0,On Time,Low Risk
855,0,2,4,3,121,2,2,1,11,1906,1,1,2,1,0,0,0,0.00086006353,0,On Time,Low Risk
856,1,2,3,2,139,2,1,1,63,1767,1,0,0,1,0,0,1,0.0006355931,0,On Time,Low Risk
857,2,2,3,4,265,2,0,0,64,2493,1,0,0,1,1,0,0,0.00038748316,0,On Time,Low Risk
858,4,2,5,2,239,5,2,1,24,2472,1,1,2,1,1,1,1,0.00095257245,0,On Time,Low Risk
859,3,2,4,3,119,5,2,1,5,1841,1,1,1,1,0,1,0,0.1985906,0,On Time,Low Risk
860,4,2,4,1,265,4,1,0,30,3896,1,1,2,0,1,1,1,0.0005904188,0,On Time,Low Risk
861,0,2,5,3,144,6,2,0,35,1009,1,1,0,1,0,1,0,0.0011516184,0,On Time,Low Risk
862,1,2,3,2,148,2,1,0,58,1537,1,0,0,1,0,0,1,0.00074099906,0,On Time,Low Risk
863,2,2,5,4,269,2,2,1,38,2770,1,1,0,1,1,0,0,0.0004571085,0,On Time,Low Risk
864,4,2,2,3,188,3,2,0,51,3191,1,0,0,0,0,1,0,0.0004881004,0,On Time,Low Risk
865,3,2,3,4,187,2,0,1,8,3725,1,0,1,0,0,0,0,0.025881458,0,On Time,Low Risk
866,4,2,6,1,168,5,0,0,65,1601,1,1,0,1,0,1,1,0.000906615,0,On Time,Low Risk
867,0,2,4,1,199,2,1,0,46,3371,1,1,0,0,0,0,1,0.0005094075,0,On Time,Low Risk
868,1,2,4,3,261,3,1,0,10,2802,1,1,1,1,1,1,0,0.014024447,0,On Time,Low Risk
869,2,2,3,1,218,3,1,1,4,2304,1,0,1,1,1,1,1,0.027215958,0,On Time,Low Risk
870,4,2,3,1,196,3,1,0,64,2911,1,0,0,1,0,1,1,0.00059804175,0,On Time,Low Risk
871,3,2,4,5,147,3,2,0,46,1469,1,1,0,1,0,1,0,0.00048041766,0,On Time,Low Risk
872,4,2,4,2,208,3,0,1,17,2777,1,1,2,1,0,1,1,0.000638974,0,On Time,Low Risk
873,0,2,3,1,178,5,1,0,15,1242,1,0,2,1,0,1,1,0.0010569667,0,On Time,Low Risk
874,1,2,4,4,197,3,2,1,20,3080,1,1,2,0,0,1,0,0.00048577524,0,On Time,Low Risk
875,2,2,2,4,206,2,1,0,30,3955,1,0,2,0,0,0,0,0.0005353816,0,On Time,Low Risk
876,4,2,4,1,222,3,2,1,45,3158,1,1,0,0,1,1,1,0.0005183692,0,On Time,Low Risk
877,3,2,3,3,247,2,2,1,55,3461,1,0,0,0,1,0,0,0.0004950634,0,On Time,Low Risk
878,4,2,4,1,222,3,2,1,25,2582,1,1,2,1,1,1,1,0.00058745255,0,On Time,Low Risk
879,0,2,6,1,205,5,1,1,14,3213,1,1,2,0,0,1,1,0.0011147631,0,On Time,Low Risk
880,1,2,5,2,244,3,1,1,8,3571,1,1,1,0,1,1,1,0.04424914,0,On Time,Low Risk
881,2,2,2,4,194,6,2,0,39,3770,1,0,0,0,0,1,0,0.00062124274,0,On Time,Low Risk
882,4,2,4,5,190,2,1,1,36,3548,1,1,0,0,0,0,0,0.00038885104,0,On Time,Low Risk
883,3,2,3,4,169,2,1,1,17,1242,1,0,2,1,0,0,0,0.0010336915,0,On Time,Low Risk
884,4,2,3,2,251,2,1,0,5,3443,1,0,1,0,1,0,1,0.03574433,0,On Time,Low Risk
885,0,2,2,2,161,2,2,0,1,1642,1,0,1,1,0,0,1,0.092539676,0,On Time,Low Risk
886,1,2,3,2,252,4,1,1,29,2353,1,0,2,1,1,1,1,0.0006332929,0,On Time,Low Risk
887,2,2,4,2,271,3,1,0,19,2693,1,1,2,1,1,1,1,0.0005389392,0,On Time,Low Risk
888,4,2,5,3,150,3,2,1,21,1187,1,1,2,1,0,1,0,0.00079111266,0,On Time,Low Risk
889,3,2,3,5,212,3,0,1,6,2069,1,0,1,1,0,1,0,0.024735546,0,On Time,Low Risk
890,4,2,5,3,198,4,0,1,65,3407,1,1,0,0,0,1,0,0.00049938104,0,On Time,Low Risk
891,0,2,3,4,266,2,0,0,33,3798,1,0,0,0,1,0,0,0.0004017521,0,On Time,Low Risk
892,1,2,3,4,255,4,1,0,12,2266,1,0,2,1,1,1,0,0.0006046532,0,On Time,Low Risk
893,2,2,4,1,166,3,0,0,3,1453,1,1,1,1,0,1,1,0.058156546,0,On Time,Low Risk
894,4,2,3,2,232,2,1,0,39,2139,1,0,0,1,1,0,1,0.00052219245,0,On Time,Low Risk
895,3,2,3,5,198,2,2,0,62,3015,1,0,0,0,0,0,0,0.00044299054,0,On Time,Low Risk
896,4,2,4,3,170,3,1,0,21,1588,1,1,2,1,0,1,0,0.0007529936,0,On Time,Low Risk
897,0,2,4,2,162,2,1,1,16,1014,1,1,2,1,0,0,1,0.0009829904,0,On Time,Low Risk
898,1,2,3,4,135,3,1,1,22,1378,1,0,2,1,0,1,0,0.0013595743,0,On Time,Low Risk
899,2,2,3,5,242,3,2,1,19,3753,1,0,2,0,1,1,0,0.00048537,0,On Time,Low Risk
900,4,2,4,3,206,3,2,0,20,2247,1,1,2,1,0,1,0,0.0005510978,0,On Time,Low Risk
901,3,2,5,5,253,6,2,1,59,2627,1,1,0,1,1,1,0,0.00082984887,0,On Time,Low Risk
902,4,2,5,3,208,3,2,1,35,3884,1,1,0,0,0,1,0,0.0006110223,0,On Time,Low Risk
903,0,2,3,3,250,3,1,0,33,3463,1,0,0,0,1,1,0,0.0004235473,0,On Time,Low Risk
904,1,2,4,1,143,2,2,1,3,1996,1,1,1,1,0,0,1,0.16684456,0,On Time,Low Risk
905,2,2,5,5,236,3,2,0,62,3365,1,1,0,0,1,1,0,0.0005396926,0,On Time,Low Risk
906,4,2,4,4,147,3,1,1,13,1145,1,1,2,1,0,1,0,0.0008756458,0,On Time,Low Risk
907,3,2,2,5,113,5,1,1,43,1638,1,0,0,1,0,1,0,0.0006442377,0,On Time,Low Risk
908,4,2,5,1,165,2,0,1,54,1190,1,1,0,1,0,0,1,0.0010060028,0,On Time,Low Risk
909,0,2,4,1,235,4,1,1,22,2066,1,1,2,1,1,1,1,0.00080891105,0,On Time,Low Risk
910,1,2,4,5,186,10,1,0,42,3521,1,1,0,0,0,1,0,0.00066497596,0,On Time,Low Risk
911,2,2,4,2,274,10,2,0,29,2949,1,1,2,1,1,1,1,0.00092841976,0,On Time,Low Risk
912,4,2,2,5,163,3,2,0,37,1079,1,0,0,1,0,1,0,0.0008376002,0,On Time,Low Risk
913,3,2,4,4,161,3,1,0,6,1386,1,1,1,1,0,1,0,0.16514081,0,On Time,Low Risk
914,4,2,4,4,264,2,1,1,35,2336,1,1,0,1,1,0,0,0.00045616998,0,On Time,Low Risk
915,0,2,3,1,255,2,2,1,42,3459,1,0,0,0,1,0,1,0.00034149064,0,On Time,Low Risk
916,1,2,4,1,258,3,2,1,3,3928,1,1,1,0,1,1,1,0.03259905,0,On Time,Low Risk
917,2,2,5,5,261,8,2,1,39,2103,1,1,0,1,1,1,0,0.0005556248,0,On Time,Low Risk
918,4,2,5,3,188,7,2,1,3,3637,1,1,1,0,0,1,0,0.10261227,0,On Time,Low Risk
919,3,2,3,4,188,3,0,1,11,3072,1,0,2,0,0,1,0,0.00044954979,0,On Time,Low Risk
920,4,2,3,2,160,10,2,1,25,1548,1,0,2,1,0,1,1,0.0010305116,0,On Time,Low Risk
921,0,2,3,2,214,2,1,1,26,3503,1,0,2,0,0,0,1,0.0006328787,0,On Time,Low Risk
922,1,2,4,4,209,8,2,0,46,3345,1,1,0,0,0,1,0,0.00064004574,0,On Time,Low Risk
923,2,2,4,1,208,7,0,1,8,2193,1,1,1,1,0,1,1,0.04315651,0,On Time,Low Risk
924,4,2,3,3,265,4,1,1,47,2557,1,0,0,1,1,1,0,0.0005405889,0,On Time,Low Risk
925,3,2,4,1,161,2,0,0,41,1992,1,1,0,1,0,0,1,0.0005027082,0,On Time,Low Risk
926,4,2,5,3,217,3,0,0,61,3067,1,1,0,0,1,1,0,0.00044912385,0,On Time,Low Risk
927,0,2,3,1,210,2,1,0,52,2444,1,0,0,1,0,0,1,0.0005069055,0,On Time,Low Risk
928,1,2,3,3,179,2,1,0,60,1808,1,0,0,1,0,0,0,0.00072967366,0,On Time,Low Risk
929,2,2,3,2,180,4,2,1,55,1165,1,0,0,1,0,1,1,0.0009482825,0,On Time,Low Risk
930,4,2,3,3,153,5,1,0,12,1972,1,0,2,1,0,1,0,0.0011695075,0,On Time,Low Risk
931,3,2,4,3,162,2,1,1,2,1714,1,1,1,1,0,0,0,0.13349311,0,On Time,Low Risk
932,4,2,3,2,135,3,1,1,27,1898,1,0,2,1,0,1,1,0.0014899522,0,On Time,Low Risk
933,0,1,3,5,242,3,2,0,3,2268,1,0,1,1,1,1,0,0.022518357,0,On Time,Low Risk
934,1,1,4,4,206,3,2,0,33,2804,1,1,0,1,0,1,0,0.0004737247,0,On Time,Low Risk
935,2,1,5,1,253,6,2,1,12,2486,1,1,2,1,1,1,1,0.0009137427,0,On Time,Low Risk
936,4,1,5,2,208,3,2,1,8,3442,1,1,1,0,0,1,1,0.059472606,0,On Time,Low Risk
937,3,1,3,2,250,3,1,0,49,3798,1,0,0,0,1,1,1,0.0005577865,0,On Time,Low Risk
938,4,1,4,5,143,2,2,0,20,1360,1,1,2,1,0,0,0,0.0009265764,0,On Time,Low Risk
939,0,1,5,3,236,3,2,1,7,3589,1,1,1,0,1,1,0,0.031883735,0,On Time,Low Risk
940,1,1,4,1,147,3,1,0,15,1956,1,1,2,1,0,1,1,0.0010046164,0,On Time,Low Risk
941,2,1,2,1,113,5,1,0,9,1957,1,0,1,1,0,1,1,0.099408634,0,On Time,Low Risk
942,4,1,5,4,165,2,0,1,46,1482,1,1,0,1,0,0,0,0.00069053913,0,On Time,Low Risk
943,3,1,4,4,235,4,1,1,50,2020,1,1,0,1,1,1,0,0.0010079949,0,On Time,Low Risk
944,4,1,4,2,186,10,1,1,45,3722,1,1,0,0,0,1,1,0.0008001069,0,On Time,Low Risk
945,0,1,4,5,274,10,2,0,5,3910,1,1,1,0,1,1,0,0.09226744,0,On Time,Low Risk
946,1,1,2,2,163,3,2,1,35,1547,1,0,0,1,0,1,1,0.00077256473,0,On Time,Low Risk
947,2,1,4,2,161,3,1,0,22,1819,1,1,2,1,0,1,1,0.0009490692,0,On Time,Low Risk
948,4,1,4,1,264,2,1,1,8,2436,1,1,1,1,1,0,1,0.0398345,0,On Time,Low Risk
949,3,1,3,3,255,2,2,1,3,2894,1,0,1,1,1,0,0,0.019465469,0,On Time,Low Risk
950,4,1,4,1,258,3,2,1,53,2428,1,1,0,1,1,1,1,0.00038899228,0,On Time,Low Risk
951,0,1,5,2,261,8,2,0,1,3308,1,1,1,0,1,1,1,0.054761745,0,On Time,Low Risk
952,1,1,5,4,188,7,2,0,48,2466,1,1,0,1,0,1,0,0.00072033814,0,On Time,Low Risk
953,2,1,3,5,188,3,0,0,9,3206,1,0,1,0,0,1,0,0.024554938,0,On Time,Low Risk
954,4,1,3,1,160,10,2,0,29,1952,1,0,2,1,0,1,1,0.0013934061,0,On Time,Low Risk
955,3,0,3,1,214,2,1,0,50,2720,1,0,0,1,0,0,1,0.0005822831,0,On Time,Low Risk
956,4,0,4,5,209,8,2,0,59,2948,1,1,0,1,0,1,0,0.0005349016,0,On Time,Low Risk
957,0,0,4,1,208,7,0,0,65,2674,1,1,0,1,0,1,1,0.00058327045,0,On Time,Low Risk
958,1,0,3,1,265,4,1,1,50,2249,1,0,0,1,1,1,1,0.0006049855,0,On Time,Low Risk
959,2,0,4,1,161,2,0,0,21,1075,1,1,2,1,0,0,1,0.0004799652,0,On Time,Low Risk
960,4,0,5,2,217,3,0,1,21,2600,1,1,2,1,1,1,1,0.00057612197,0,On Time,Low Risk
961,3,0,3,4,210,2,1,0,35,2741,1,0,0,1,0,0,0,0.00047251853,0,On Time,Low Risk
962,4,0,3,3,179,2,1,0,62,1765,1,0,0,1,0,0,0,0.00048310385,0,On Time,Low Risk
963,0,0,3,2,180,4,2,1,52,1329,1,0,0,1,0,1,1,0.0008494131,0,On Time,Low Risk
964,1,0,4,5,158,5,2,0,55,1936,1,1,0,1,0,1,0,0.0008955678,0,On Time,Low Risk
965,2,0,6,1,291,5,2,0,53,1682,1,1,0,1,1,1,1,0.0013701982,0,On Time,Low Risk
966,4,0,5,2,231,2,2,0,55,3894,1,1,0,0,1,0,1,0.0006063042,0,On Time,Low Risk
967,3,0,4,5,163,4,1,0,49,1470,1,1,0,1,0,1,0,0.00081500475,0,On Time,Low Risk
968,4,0,5,3,146,3,1,1,41,1204,1,1,0,1,0,1,0,0.0006592017,0,On Time,Low Risk
969,0,0,2,5,272,2,1,1,24,3638,1,0,2,0,1,0,0,0.00050698686,0,On Time,Low Risk
970,1,0,2,1,121,2,2,0,18,1839,1,0,2,1,0,0,1,0.00070237153,0,On Time,Low Risk
971,2,0,6,2,118,2,1,1,40,1014,1,1,0,1,0,0,1,0.0012121202,0,On Time,Low Risk
972,4,0,3,5,173,2,1,1,14,1638,1,0,2,1,0,0,0,0.0006617429,0,On Time,Low Risk
973,3,0,4,5,243,2,1,1,23,2686,1,1,2,1,1,0,0,0.0005268481,0,On Time,Low Risk
974,4,0,5,4,229,3,2,1,29,2505,1,1,2,1,1,1,0,0.000585926,0,On Time,Low Risk
975,0,0,5,3,96,4,2,0,12,1655,1,1,2,1,0,1,0,0.0007335879,0,On Time,Low Risk
976,1,0,5,5,249,3,2,1,55,3558,1,1,0,0,1,1,0,0.00047809054,0,On Time,Low Risk
977,2,2,3,2,165,2,1,0,24,1966,1,0,2,1,0,0,1,0.001178649,0,On Time,Low Risk
978,4,2,4,5,223,3,2,0,63,2427,1,1,0,1,1,1,0,0.00041469268,0,On Time,Low Risk
979,3,2,3,3,267,2,1,0,52,2949,1,0,0,1,1,0,0,0.00047211425,0,On Time,Low Risk
980,4,2,4,4,140,2,1,0,47,1831,1,1,0,1,0,0,0,0.00094230846,0,On Time,Low Risk
981,0,2,4,4,209,3,1,0,44,2075,1,1,0,1,0,1,0,0.0004871092,0,On Time,Low Risk
982,1,2,3,5,243,3,2,1,4,3189,1,0,1,0,1,1,0,0.027533827,0,On Time,Low Risk
983,2,2,3,2,175,4,2,0,17,1276,1,0,2,1,0,1,1,0.0010095153,0,On Time,Low Risk
984,4,2,5,4,133,3,1,1,9,1051,1,1,1,1,0,1,0,0.08680855,0,On Time,Low Risk
985,3,2,3,3,167,3,2,0,24,1111,1,0,2,1,0,1,0,0.00074534287,0,On Time,Low Risk
986,4,2,6,1,172,6,0,0,50,1052,1,1,0,1,0,1,1,0.0012275635,0,On Time,Low Risk
987,0,2,5,4,257,2,1,1,55,2257,1,1,0,1,1,0,0,0.00051096804,0,On Time,Low Risk
988,1,2,3,3,202,2,2,1,39,3857,1,0,0,0,0,0,0,0.0003558234,0,On Time,Low Risk
989,2,2,3,1,223,3,2,0,31,3942,1,0,0,0,1,1,1,0.0004347492,0,On Time,Low Risk
990,4,2,3,2,182,2,1,0,40,2592,1,0,0,1,0,0,1,0.0004035806,0,On Time,Low Risk
991,3,2,3,2,234,3,2,1,33,2789,1,0,0,1,1,1,1,0.00054222945,0,On Time,Low Risk
992,4,2,3,5,140,3,1,0,30,1035,1,0,2,1,0,1,0,0.0014985579,0,On Time,Low Risk
993,0,2,4,3,136,3,2,1,9,1548,1,1,1,1,0,1,0,0.05300719,0,On Time,Low Risk
994,1,2,4,3,210,3,2,0,6,2568,1,1,1,1,0,1,0,0.025085974,0,On Time,Low Risk
995,2,2,5,1,259,3,0,0,37,3023,1,1,0,0,1,1,1,0.00043216735,0,On Time,Low Risk
996,4,2,4,2,141,2,2,1,52,1012,1,1,0,1,0,0,1,0.0008848293,0,On Time,Low Risk
997,3,2,4,3,151,4,2,1,13,1583,1,1,2,1,0,1,0,0.00080253277,0,On Time,Low Risk
998,4,2,3,5,164,3,2,0,43,1423,1,0,0,1,0,1,0,0.00057744054,0,On Time,Low Risk
999,0,2,3,3,141,2,2,0,48,1758,1,0,0,1,0,0,0,0.0005849986,0,On Time,Low Risk
1000,1,2,3,3,271,2,2,1,15,3542,1,0,2,0,1,0,0,0.00041560072,0,On Time,Low Risk
1001,2,2,4,3,191,4,1,0,15,2544,1,1,2,1,0,1,0,0.00030150756,0,On Time,Low Risk
1002,4,2,3,1,181,3,2,1,22,3266,1,0,2,0,0,1,1,0.0005030361,0,On Time,Low Risk
1003,3,2,3,3,241,5,1,1,8,2182,1,0,1,1,1,1,0,0.09673658,0,On Time,Low Risk
1004,4,2,3,3,254,3,2,1,3,2837,1,0,1,1,1,1,0,0.02816526,0,On Time,Low Risk
1005,0,2,3,2,146,6,2,0,62,1162,1,0,0,1,0,1,1,0.00089103583,0,On Time,Low Risk
1006,1,2,5,1,271,2,0,1,46,2744,1,1,0,1,1,0,1,0.00043712853,0,On Time,Low Risk
1007,2,2,3,1,185,2,2,0,42,2803,1,0,0,1,0,0,1,0.00043087755,0,On Time,Low Risk
1008,4,2,4,5,170,3,1,0,9,1138,1,1,1,1,0,1,0,0.16683175,0,On Time,Low Risk
1009,3,2,4,1,265,2,2,1,18,3327,1,1,2,0,1,0,1,0.00050694676,0,On Time,Low Risk
1010,4,2,4,4,142,4,1,0,8,1777,1,1,1,1,0,1,0,0.13383956,0,On Time,Low Risk
1011,0,2,2,5,228,2,1,0,49,3024,1,0,0,0,1,0,0,0.0003741318,0,On Time,Low Risk
1012,1,2,4,5,262,4,1,1,16,2871,1,1,2,1,1,1,0,0.0005884582,0,On Time,Low Risk
1013,2,2,3,3,205,2,2,0,54,2427,1,0,0,1,0,0,0,0.00039679738,0,On Time,Low Risk
1014,4,2,4,1,178,2,0,1,39,1362,1,1,0,1,0,0,1,0.00072326633,0,On Time,Low Risk
1015,3,2,2,2,153,2,1,1,46,1130,1,0,0,1,0,0,1,0.00047930476,0,On Time,Low Risk
1016,4,2,3,4,186,2,1,1,63,3447,1,0,0,0,0,0,0,0.0005030746,0,On Time,Low Risk
1017,0,2,4,1,167,3,0,0,22,1403,1,1,2,1,0,1,1,0.0006617879,0,On Time,Low Risk
1018,1,2,3,3,148,2,1,1,42,1950,1,0,0,1,0,0,0,0.00077624933,0,On Time,Low Risk
1019,2,2,3,2,167,2,1,1,2,1010,1,0,1,1,0,0,1,0.14126924,0,On Time,Low Risk
1020,4,2,3,2,261,5,2,1,45,2488,1,0,0,1,1,1,1,0.00042913604,0,On Time,Low Risk
1021,3,2,3,4,166,3,2,1,43,1095,1,0,0,1,0,1,0,0.0007224408,0,On Time,Low Risk
1022,4,2,3,1,226,2,1,1,18,2319,1,0,2,1,1,0,1,0.0005432853,0,On Time,Low Risk
1023,0,2,3,4,260,3,1,0,21,2003,1,0,2,1,1,1,0,0.0007377143,0,On Time,Low Risk
1024,1,2,5,1,246,3,2,0,44,3993,1,1,0,0,1,1,1,0.0014336864,0,On Time,Low Risk
1025,2,2,3,2,221,3,1,0,21,3686,1,0,2,0,1,1,1,0.00053807173,0,On Time,Low Risk
1026,4,2,5,4,191,4,2,1,63,2039,1,1,0,1,0,1,0,0.0005041783,0,On Time,Low Risk
1027,3,2,3,1,138,5,2,0,8,1349,1,0,1,1,0,1,1,0.07596433,0,On Time,Low Risk
1028,4,2,3,1,146,3,2,1,16,1714,1,0,2,1,0,1,1,0.00067136995,0,On Time,Low Risk
1029,0,2,3,3,193,3,2,1,11,3188,1,0,2,0,0,1,0,0.00044460746,0,On Time,Low Risk
1030,1,2,3,1,229,2,2,0,12,3111,1,0,2,0,1,0,1,0.00039409634,0,On Time,Low Risk
1031,2,2,4,1,239,2,0,1,16,2504,1,1,2,1,1,0,1,0.00043759626,0,On Time,Low Risk
1032,4,2,6,2,103,4,2,1,37,1093,1,1,0,1,0,1,1,0.0006473039,0,On Time,Low Risk
1033,3,2,5,4,254,5,1,0,36,2039,1,1,0,1,1,1,0,0.0009457826,0,On Time,Low Risk
1034,4,2,2,2,198,2,1,1,11,3686,1,0,2,0,0,0,1,0.00056264986,0,On Time,Low Risk
1035,0,2,3,3,208,3,2,1,61,3783,1,0,0,0,0,1,0,0.0004461318,0,On Time,Low Risk
1036,1,2,3,5,253,2,2,1,17,2205,1,0,2,1,1,0,0,0.00045782034,0,On Time,Low Risk
1037,2,2,4,3,261,2,0,1,47,2336,1,1,0,1,1,0,0,0.00025369905,0,On Time,Low Risk
1038,4,2,3,1,156,3,2,1,49,1253,1,0,0,1,0,1,1,0.00052191806,0,On Time,Low Risk
1039,3,2,4,3,97,2,1,1,26,1598,1,1,2,1,0,0,0,0.00055414625,0,On Time,Low Risk
1040,4,2,2,5,275,2,1,1,41,2546,1,0,0,1,1,0,0,0.00035582055,0,On Time,Low Risk
1041,0,2,2,1,189,2,0,1,48,2429,1,0,0,1,0,0,1,0.0003769355,0,On Time,Low Risk
1042,1,2,3,1,236,3,2,1,28,3290,1,0,2,0,1,1,1,0.0005449137,0,On Time,Low Risk
1043,2,2,5,1,170,3,2,0,60,1883,1,1,0,1,0,1,1,0.001264499,0,On Time,Low Risk
1044,4,2,4,2,251,2,1,1,53,2673,1,1,0,1,1,0,1,0.00053465896,0,On Time,Low Risk
1045,3,2,3,3,205,2,2,0,58,2187,1,0,0,1,0,0,0,0.00048568746,0,On Time,Low Risk
1046,4,2,4,5,135,3,2,0,53,1744,1,1,0,1,0,1,0,0.0005580652,0,On Time,Low Risk
1047,0,2,3,3,231,2,2,0,24,2177,1,0,2,1,1,0,0,0.00042543662,0,On Time,Low Risk
1048,1,2,3,4,257,3,2,1,56,2941,1,0,0,1,1,1,0,0.0004015637,0,On Time,Low Risk
1049,2,2,5,2,162,3,0,1,57,1233,1,1,0,1,0,1,1,0.0005941401,0,On Time,Low Risk
1050,4,2,6,5,237,5,0,0,63,2573,1,1,0,1,1,1,0,0.00072745397,0,On Time,Low Risk
1051,3,2,3,4,134,4,2,1,53,1887,1,0,0,1,0,1,0,0.0015716772,0,On Time,Low Risk
1052,4,2,2,1,163,3,2,0,24,1119,1,0,2,1,0,1,1,0.00048881583,0,On Time,Low Risk
1053,0,2,5,5,264,3,2,0,27,2019,1,1,2,1,1,1,0,0.0008627339,0,On Time,Low Risk
1054,1,2,5,2,173,4,1,1,21,1674,1,1,2,1,0,1,1,0.0019972916,0,On Time,Low Risk
1055,2,2,2,4,191,3,1,0,58,2586,1,0,0,1,0,1,0,0.0003258997,0,On Time,Low Risk
1056,4,2,3,3,152,3,2,1,5,1385,1,0,1,1,0,1,0,0.121427685,0,On Time,Low Risk
1057,3,2,3,4,272,4,1,0,23,2048,1,0,2,1,1,1,0,0.0006642077,0,On Time,Low Risk
1058,4,2,4,2,198,2,1,1,60,3368,1,1,0,0,0,0,1,0.0005798184,0,On Time,Low Risk
1059,0,2,4,3,260,4,2,1,40,3668,1,1,0,0,1,1,0,0.00045101863,0,On Time,Low Risk
1060,1,2,4,3,158,6,2,1,43,1478,1,1,0,1,0,1,0,0.0005232016,0,On Time,Low Risk
1061,2,2,5,3,252,4,2,1,63,3729,1,1,0,0,1,1,0,0.0007471503,0,On Time,Low Risk
1062,4,2,4,2,199,3,1,1,64,2470,1,1,0,1,0,1,1,0.000505439,0,On Time,Low Risk
1063,3,2,4,2,272,4,1,1,62,2307,1,1,0,1,1,1,1,0.0006557748,0,On Time,Low Risk
1064,4,2,3,4,209,3,1,1,37,2215,1,0,0,1,0,1,0,0.00060365384,0,On Time,Low Risk
1065,0,2,3,2,147,4,1,1,13,1657,1,0,2,1,0,1,1,0.0008733727,0,On Time,Low Risk
1066,1,2,4,2,166,4,1,0,63,1759,1,1,0,1,0,1,1,0.0009912763,0,On Time,Low Risk
1067,2,2,3,4,165,2,1,1,48,1706,1,0,0,1,0,0,0,0.00077270647,0,On Time,Low Risk
1068,4,2,4,5,162,2,2,0,57,1715,1,1,0,1,0,0,0,0.0006886389,0,On Time,Low Risk
1069,3,2,3,3,255,3,2,1,23,3764,1,0,2,0,1,1,0,0.0005274216,0,On Time,Low Risk
1070,4,1,5,5,179,5,1,1,38,1437,1,1,0,1,0,1,0,0.0007649041,0,On Time,Low Risk
1071,0,1,3,4,250,2,0,1,61,3207,1,0,0,0,1,0,0,0.00051029486,0,On Time,Low Risk
1072,1,1,3,5,251,2,1,0,28,3936,1,0,2,0,1,0,0,0.0006152616,0,On Time,Low Risk
1073,2,1,4,4,198,2,1,0,5,2270,1,1,1,1,0,0,0,0.023104629,0,On Time,Low Risk
1074,4,1,3,1,148,2,2,1,34,1053,1,0,0,1,0,0,1,0.0005157008,0,On Time,Low Risk
1075,3,1,4,5,268,3,2,0,3,2758,1,1,1,1,1,1,0,0.029155446,0,On Time,Low Risk
1076,4,1,5,2,239,3,1,0,47,3673,1,1,0,0,1,1,1,0.0006697643,0,On Time,Low Risk
1077,0,1,3,4,195,3,2,1,10,2021,1,0,1,1,0,1,0,0.22146292,0,On Time,Low Risk
1078,1,1,4,3,252,2,2,0,51,2658,1,1,0,1,1,0,0,0.0004683082,0,On Time,Low Risk
1079,2,1,3,5,272,3,2,1,48,3780,1,0,0,0,1,1,0,0.00048858474,0,On Time,Low Risk
1080,4,1,2,4,141,3,2,0,27,1628,1,0,2,1,0,1,0,0.00054261484,0,On Time,Low Risk
1081,3,1,3,1,224,3,1,0,45,3624,1,0,0,0,1,1,1,0.00047696012,0,On Time,Low Risk
1082,4,1,6,3,270,3,1,0,56,3251,1,1,0,0,1,1,0,0.0007319877,0,On Time,Low Risk
1083,0,1,6,3,236,3,2,1,6,2639,1,1,1,1,1,1,0,0.05349055,0,On Time,Low Risk
1084,1,1,3,1,227,3,2,0,47,3512,1,0,0,0,1,1,1,0.000435901,0,On Time,Low Risk
1085,2,1,3,4,262,3,1,1,7,2424,1,0,1,1,1,1,0,0.026918342,0,On Time,Low Risk
1086,4,1,3,1,228,2,1,1,45,2257,1,0,0,1,1,0,1,0.00047660514,0,On Time,Low Risk
1087,3,1,4,2,176,3,1,1,23,1909,1,1,2,1,0,1,1,0.001061979,0,On Time,Low Risk
1088,4,1,4,2,147,3,2,1,44,1873,1,1,0,1,0,1,1,0.0009629752,0,On Time,Low Risk
1089,0,1,5,2,196,3,2,1,44,2085,1,1,0,1,0,1,1,0.00044004424,0,On Time,Low Risk
1090,1,1,3,1,112,5,2,0,41,1249,1,0,0,1,0,1,1,0.0005231368,0,On Time,Low Risk
1091,2,1,4,2,221,2,2,1,54,3065,1,1,0,0,1,0,1,0.00049268507,0,On Time,Low Risk
1092,4,0,3,5,154,3,2,1,46,1312,1,0,0,1,0,1,0,0.00035074106,0,On Time,Low Risk
1093,3,0,4,4,200,3,1,1,19,2976,1,1,2,1,0,1,0,0.00039206346,0,On Time,Low Risk
1094,4,0,2,5,216,2,2,0,57,3807,1,0,0,0,1,0,0,0.00040156237,0,On Time,Low Risk
1095,0,0,3,1,185,3,2,1,3,3051,1,0,1,0,0,1,1,0.04281309,0,On Time,Low Risk
1096,1,0,4,2,199,3,1,1,23,2994,1,1,2,1,0,1,1,0.00044979088,0,On Time,Low Risk
1097,2,0,5,2,265,3,1,0,12,2892,1,1,2,1,1,1,1,0.0006685835,0,On Time,Low Risk
1098,4,0,3,2,263,3,1,0,57,2113,1,0,0,1,1,1,1,0.0005449277,0,On Time,Low Risk
1099,3,0,4,2,181,2,1,0,28,2815,1,1,2,1,0,0,1,0.0004956373,0,On Time,Low Risk
1100,4,0,4,3,163,2,1,0,12,1092,1,1,2,1,0,0,0,0.00089639844,0,On Time,Low Risk
1101,0,0,5,2,260,2,2,1,23,3962,1,1,2,0,1,0,1,0.0011081013,0,On Time,Low Risk
1102,1,0,6,2,159,5,2,0,22,1247,1,1,2,1,0,1,1,0.0012151564,0,On Time,Low Risk
1103,2,0,4,1,227,3,2,1,54,3043,1,1,0,0,1,1,1,0.000420881,0,On Time,Low Risk
1104,4,0,3,3,104,5,2,0,41,1936,1,0,0,1,0,1,0,0.0013644302,0,On Time,Low Risk
1105,3,0,3,4,188,4,1,0,49,3067,1,0,0,0,0,1,0,0.0005643613,0,On Time,Low Risk
1106,4,0,5,3,202,3,0,1,41,3536,1,1,0,0,0,1,0,0.0002769756,0,On Time,Low Risk
1107,0,0,3,3,213,6,1,0,17,2424,1,0,2,1,0,1,0,0.0006864046,0,On Time,Low Risk
1108,1,0,3,1,211,2,1,0,45,3332,1,0,0,0,0,0,1,0.0004892157,0,On Time,Low Risk
1109,2,0,4,4,232,3,2,0,61,2484,1,1,0,1,1,1,0,0.0004292471,0,On Time,Low Risk
1110,4,0,4,3,143,2,0,1,39,1727,1,1,0,1,0,0,0,0.0004923593,0,On Time,Low Risk
1111,3,0,5,1,196,3,2,1,24,2957,1,1,2,1,0,1,1,0.00056656677,0,On Time,Low Risk
1112,4,0,4,1,150,6,2,0,42,1070,1,1,0,1,0,1,1,0.00080983044,0,On Time,Low Risk
1113,0,0,5,1,222,3,0,1,21,2351,1,1,2,1,1,1,1,0.00052450184,0,On Time,Low Risk
1114,1,2,3,2,203,3,0,1,3,2791,1,0,1,1,0,1,1,0.014429118,0,On Time,Low Risk
1115,2,2,5,2,178,3,2,1,60,1176,1,1,0,1,0,1,1,0.0008450159,0,On Time,Low Risk
1116,4,2,4,2,272,2,1,1,21,3271,1,1,2,0,1,0,1,0.0005377431,0,On Time,Low Risk
1117,3,2,4,2,182,3,1,1,58,3943,1,1,0,0,0,1,1,0.00041590034,0,On Time,Low Risk
1118,4,2,4,4,205,3,1,0,11,2255,1,1,2,1,0,1,0,0.0005860327,0,On Time,Low Risk
1119,0,2,3,2,171,3,2,1,11,1282,1,0,2,1,0,1,1,0.0007552919,0,On Time,Low Risk
1120,1,2,4,1,172,2,1,1,48,1993,1,1,0,1,0,0,1,0.0009281262,0,On Time,Low Risk
1121,2,2,3,2,210,2,2,1,30,3928,1,0,2,0,0,0,1,0.0005429286,0,On Time,Low Risk
1122,4,2,2,1,264,3,2,1,10,3409,1,0,1,0,1,1,1,0.02853058,0,On Time,Low Risk
1123,3,2,4,1,181,4,1,0,46,2399,1,1,0,1,0,1,1,0.0006040809,0,On Time,Low Risk
1124,4,2,3,5,240,3,2,0,54,2919,1,0,0,1,1,1,0,0.00045945324,0,On Time,Low Risk
1125,0,2,4,4,140,4,2,0,46,1442,1,1,0,1,0,1,0,0.0005797846,0,On Time,Low Risk
1126,1,2,6,4,283,5,2,0,35,2686,1,1,0,1,1,1,0,0.00064731494,0,On Time,Low Risk
1127,2,2,4,3,263,4,2,1,23,2960,1,1,2,1,1,1,0,0.0006262011,0,On Time,Low Risk
1128,4,2,4,4,136,3,0,0,35,1234,1,1,0,1,0,1,0,0.00069734594,0,On Time,Low Risk
1129,3,2,4,4,145,4,1,0,35,1210,1,1,0,1,0,1,0,0.0007815545,0,On Time,Low Risk
1130,4,2,3,3,162,2,1,0,42,1763,1,0,0,1,0,0,0,0.0006356921,0,On Time,Low Risk
1131,0,2,5,1,230,6,1,0,60,2067,1,1,0,1,1,1,1,0.0007151131,0,On Time,Low Risk
1132,1,2,3,3,148,5,2,1,61,1452,1,0,0,1,0,1,0,0.00076338946,0,On Time,Low Risk
1133,2,2,3,3,175,3,0,0,45,1212,1,0,0,1,0,1,0,0.00067742437,0,On Time,Low Risk
1134,4,2,4,2,227,2,0,1,35,3583,1,1,0,0,1,0,1,0.00046294124,0,On Time,Low Risk
1135,3,2,4,1,177,4,1,0,13,1569,1,1,2,1,0,1,1,0.0009157682,0,On Time,Low Risk
1136,4,2,6,1,257,3,2,1,60,3416,1,1,0,0,1,1,1,0.00070019945,0,On Time,Low Risk
1137,0,2,5,5,198,5,2,1,36,2803,1,1,0,1,0,1,0,0.000601912,0,On Time,Low Risk
1138,1,2,3,5,251,3,2,1,59,3651,1,0,0,0,1,1,0,0.00041472056,0,On Time,Low Risk
1139,2,2,5,5,158,3,2,0,47,1246,1,1,0,1,0,1,0,0.0005889573,0,On Time,Low Risk
1140,4,2,4,5,171,6,2,0,27,1840,1,1,2,1,0,1,0,0.0011653667,0,On Time,Low Risk
1141,3,2,4,1,260,2,1,1,2,2980,1,1,1,1,1,0,1,0.04491095,0,On Time,Low Risk
1142,4,2,3,4,263,3,1,1,42,2992,1,0,0,1,1,1,0,0.00047447512,0,On Time,Low Risk
1143,0,2,6,3,269,2,0,1,43,2300,1,1,0,1,1,0,0,0.00059384684,0,On Time,Low Risk
1144,1,2,3,3,224,2,1,0,37,3220,1,0,0,0,1,0,0,0.0004032993,0,On Time,Low Risk
1145,2,2,4,1,118,5,1,1,50,1413,1,1,0,1,0,1,1,0.00045565938,0,On Time,Low Risk
1146,4,2,5,1,186,10,1,1,64,2529,1,1,0,1,0,1,1,0.0008811863,0,On Time,Low Risk
1147,3,2,5,5,191,2,0,1,34,2708,1,1,0,1,0,0,0,0.0004176021,0,On Time,Low Risk
1148,4,2,5,5,174,6,2,0,26,1184,1,1,2,1,0,1,0,0.0011565401,0,On Time,Low Risk
1149,0,2,3,1,140,2,2,0,55,1339,1,0,0,1,0,0,1,0.00048474004,0,On Time,Low Risk
1150,1,2,4,2,193,2,0,0,48,2371,1,1,0,1,0,0,1,0.0003383492,0,On Time,Low Risk
1151,2,2,3,4,148,10,0,0,12,1779,1,0,2,1,0,1,0,0.0008722371,0,On Time,Low Risk
1152,4,2,2,2,176,5,1,0,55,1211,1,0,0,1,0,1,1,0.0007518392,0,On Time,Low Risk
1153,3,2,4,1,135,10,2,1,35,1989,1,1,0,1,0,1,1,0.0010472354,0,On Time,Low Risk
1154,4,2,6,5,154,10,2,0,48,1990,1,1,0,1,0,1,0,0.0009873017,0,On Time,Low Risk
1155,0,2,4,5,143,8,1,1,44,1756,1,1,0,1,0,1,0,0.00049326656,0,On Time,Low Risk
1156,1,2,4,3,173,2,1,0,10,1179,1,1,1,1,0,0,0,0.16689488,0,On Time,Low Risk
1157,2,2,4,5,262,3,2,0,38,3139,1,1,0,0,1,1,0,0.000431706,0,On Time,Low Risk
1158,4,2,4,1,171,3,1,0,58,1516,1,1,0,1,0,1,1,0.00066619134,0,On Time,Low Risk
1159,3,2,4,3,246,2,1,1,55,2387,1,1,0,1,1,0,0,0.00045762403,0,On Time,Low Risk
1160,4,2,3,4,266,2,0,0,55,2779,1,0,0,1,1,0,0,0.0003911188,0,On Time,Low Risk
1161,0,2,4,5,127,8,1,1,39,1411,1,1,0,1,0,1,0,0.00028535302,0,On Time,Low Risk
1162,1,2,5,2,167,8,1,1,28,1921,1,1,2,1,0,1,1,0.0013573025,0,On Time,Low Risk
1163,2,2,4,2,187,4,2,1,37,2200,1,1,0,1,0,1,1,0.0007718987,0,On Time,Low Risk
1164,4,2,3,2,162,2,1,0,54,1614,1,0,0,1,0,0,1,0.0007648975,0,On Time,Low Risk
1165,3,2,5,2,230,6,1,1,10,3604,1,1,1,0,1,1,1,0.12912366,0,On Time,Low Risk
1166,4,2,3,4,148,5,2,0,50,1540,1,0,0,1,0,1,0,0.0006918072,0,On Time,Low Risk
1167,0,2,3,3,175,3,0,0,55,1229,1,0,0,1,0,1,0,0.0005974131,0,On Time,Low Risk
1168,1,2,4,1,227,2,0,1,60,3080,1,1,0,0,1,0,1,0.00034298038,0,On Time,Low Risk
1169,2,2,4,3,177,4,1,1,38,1767,1,1,0,1,0,1,0,0.00081750075,0,On Time,Low Risk
1170,4,2,6,1,257,3,2,1,37,2239,1,1,0,1,1,1,1,0.0006984497,0,On Time,Low Risk
1171,3,2,5,1,198,5,2,0,49,3187,1,1,0,0,0,1,1,0.00086394156,0,On Time,Low Risk
1172,4,2,3,1,251,3,2,0,18,2240,1,0,2,1,1,1,1,0.0005607626,0,On Time,Low Risk
1173,0,2,5,2,158,3,2,1,16,1499,1,1,2,1,0,1,1,0.000660343,0,On Time,Low Risk
1174,1,2,4,3,171,6,2,0,9,1909,1,1,1,1,0,1,0,0.3523138,0,On Time,Medium Risk
1175,2,2,4,3,260,2,1,1,38,2526,1,1,0,1,1,0,0,0.000421679,0,On Time,Low Risk
1176,4,2,3,1,263,3,1,1,25,3689,1,0,2,0,1,1,1,0.0004976495,0,On Time,Low Risk
1177,3,2,6,4,269,2,0,1,47,4000,1,1,0,0,1,0,0,0.0012047064,0,On Time,Low Risk
1178,4,2,3,2,224,2,1,0,49,3749,1,0,0,0,1,0,1,0.0005351877,0,On Time,Low Risk
1179,0,2,4,3,118,5,1,0,15,1601,1,1,2,1,0,1,0,0.0005317316,0,On Time,Low Risk
1180,1,2,5,4,186,10,1,0,24,3621,1,1,2,0,0,1,0,0.0010076526,0,On Time,Low Risk
1181,2,2,5,2,191,2,0,0,6,2059,1,1,1,1,0,0,1,0.017339382,0,On Time,Low Risk
1182,4,2,5,1,174,6,2,1,44,1635,1,1,0,1,0,1,1,0.0007614216,0,On Time,Low Risk
1183,3,2,3,3,140,2,2,1,55,1847,1,0,0,1,0,0,0,0.0010417557,0,On Time,Low Risk
1184,4,2,4,1,193,2,0,1,37,3510,1,1,0,0,0,0,1,0.00054583565,0,On Time,Low Risk
1185,0,2,3,5,148,10,0,0,35,1597,1,0,0,1,0,1,0,0.0005381246,0,On Time,Low Risk
1186,1,2,2,3,176,5,1,1,29,1254,1,0,2,1,0,1,0,0.001305248,0,On Time,Low Risk
1187,2,2,4,4,135,10,2,0,57,1361,1,1,0,1,0,1,0,0.0004751959,0,On Time,Low Risk
1188,4,2,6,5,154,10,2,0,14,1204,1,1,2,1,0,1,0,0.0011498623,0,On Time,Low Risk
1189,3,2,4,5,143,8,1,1,38,1095,1,1,0,1,0,1,0,0.0010407264,0,On Time,Low Risk
1190,4,2,4,2,173,2,1,0,30,1336,1,1,2,1,0,0,1,0.001439921,0,On Time,Low Risk
1191,0,2,4,3,262,3,2,1,46,2904,1,1,0,1,1,1,0,0.0003890325,0,On Time,Low Risk
1192,1,2,4,5,171,3,1,0,21,1683,1,1,2,1,0,1,0,0.00095571467,0,On Time,Low Risk
1193,2,2,4,4,246,2,1,1,11,2282,1,1,2,1,1,0,0,0.00050718966,0,On Time,Low Risk
1194,4,2,3,4,266,2,0,1,49,2643,1,0,0,1,1,0,0,0.0003911188,0,On Time,Low Risk
1195,3,2,4,1,127,8,1,0,12,1519,1,1,2,1,0,1,1,0.00047449366,0,On Time,Low Risk
1196,4,2,5,5,167,8,1,1,44,1547,1,1,0,1,0,1,0,0.0009308689,0,On Time,Low Risk
1197,0,2,4,2,187,4,2,1,49,3225,1,1,0,0,0,1,1,0.0006349885,0,On Time,Low Risk
1198,1,2,6,2,294,4,1,1,35,1625,1,1,0,1,1,1,1,0.0014340135,0,On Time,Low Risk
1199,2,2,4,2,158,4,1,0,13,1785,1,1,2,1,0,1,1,0.0009979636,0,On Time,Low Risk
1200,4,2,6,5,135,5,1,1,55,1078,1,1,0,1,0,1,0,0.0012474178,0,On Time,Low Risk
1201,3,2,4,2,238,3,1,0,28,1915,1,1,2,1,1,1,1,0.0014362965,0,On Time,Low Risk
1202,4,2,6,1,213,3,1,1,63,1548,1,1,0,1,0,1,1,0.0019471127,0,On Time,Low Risk
1203,0,2,4,4,237,2,2,1,21,1495,1,1,2,1,1,0,0,0.0012509867,0,On Time,Low Risk
1204,1,2,4,1,257,3,1,1,47,1308,1,1,0,1,1,1,1,0.0009558503,0,On Time,Low Risk
1205,2,2,5,2,198,5,1,1,65,1994,1,1,0,1,0,1,1,0.001329705,0,On Time,Low Risk
1206,4,2,3,3,218,3,2,1,48,3425,1,0,0,0,1,1,0,0.0005339144,0,On Time,Low Risk
1207,3,1,4,4,236,4,1,1,65,2280,1,1,0,1,1,1,0,0.00064376136,0,On Time,Low Risk
1208,4,1,3,1,100,3,1,0,17,1129,1,0,2,1,0,1,1,0.00042295599,0,On Time,Low Risk
1209,0,1,3,1,154,2,1,0,44,1994,1,0,0,1,0,0,1,0.0006019406,0,On Time,Low Risk
1210,1,1,5,1,238,3,1,1,32,3832,1,1,0,0,1,1,1,0.0007282402,0,On Time,Low Risk
1211,2,1,5,5,128,5,1,1,34,1008,1,1,0,1,0,1,0,0.000966177,0,On Time,Low Risk
1212,4,1,4,1,140,3,2,1,9,1431,1,1,1,1,0,1,1,0.061937477,0,On Time,Low Risk
1213,3,1,2,4,187,3,1,1,50,3878,1,0,0,0,0,1,0,0.00051227276,0,On Time,Low Risk
1214,4,1,4,3,256,3,1,0,15,3155,1,1,2,0,1,1,0,0.00055980164,0,On Time,Low Risk
1215,0,1,3,3,270,4,1,0,18,2397,1,0,2,1,1,1,0,0.0007170041,0,On Time,Low Risk
1216,1,1,4,2,202,2,1,0,45,3008,1,1,0,0,0,0,1,0.0004253095,0,On Time,Low Risk
1217,2,1,3,5,256,3,1,0,62,2971,1,0,0,1,1,1,0,0.00048786058,0,On Time,Low Risk
1218,4,1,4,3,135,2,2,0,37,1597,1,1,0,1,0,0,0,0.00059608044,0,On Time,Low Risk
1219,3,1,4,4,184,4,2,1,8,2306,1,1,1,1,0,1,0,0.08339558,0,On Time,Low Risk
1220,4,1,5,5,169,4,2,0,23,1922,1,1,2,1,0,1,0,0.0011243048,0,On Time,Low Risk
1221,0,1,3,2,178,4,2,0,48,1079,1,0,0,1,0,1,1,0.00082145276,0,On Time,Low Risk
1222,1,1,4,5,265,3,2,0,41,3101,1,1,0,0,1,1,0,0.00049473316,0,On Time,Low Risk
1223,2,1,4,3,217,2,2,1,22,2138,1,1,2,1,1,0,0,0.00047759747,0,On Time,Low Risk
1224,4,1,3,1,258,2,2,1,11,2791,1,0,2,1,1,0,1,0.0005113795,0,On Time,Low Risk
1225,3,1,3,3,218,2,2,1,9,2069,1,0,1,1,1,0,0,0.032925647,0,On Time,Low Risk
1226,4,1,3,1,135,2,2,1,7,1316,1,0,1,1,0,0,1,0.07047371,0,On Time,Low Risk
1227,0,1,3,3,150,2,2,0,61,1053,1,0,0,1,0,0,0,0.0005834425,0,On Time,Low Risk
1228,1,1,3,4,200,3,2,0,49,2942,1,0,0,1,0,1,0,0.00042380678,0,On Time,Low Risk
1229,2,0,6,1,136,3,0,1,12,1592,1,1,2,1,0,1,1,0.0011925811,0,On Time,Low Risk
1230,4,0,3,2,119,2,1,1,32,1791,1,0,0,1,0,0,1,0.00080367463,0,On Time,Low Risk
1231,3,0,5,4,212,6,2,0,5,2041,1,1,1,1,0,1,0,0.10842951,0,On Time,Low Risk
1232,4,0,4,2,272,2,1,1,57,2377,1,1,0,1,1,0,1,0.0005306759,0,On Time,Low Risk
1233,0,0,4,2,166,3,1,1,5,1610,1,1,1,1,0,1,1,0.15436096,0,On Time,Low Risk
1234,1,0,3,5,176,3,0,0,1,1982,1,0,1,1,0,1,0,0.12495975,0,On Time,Low Risk
1235,2,0,2,3,280,4,1,1,17,3555,1,0,2,0,1,1,0,0.0007464891,0,On Time,Low Risk
1236,4,0,3,2,169,2,2,0,19,1922,1,0,2,1,0,0,1,0.001130486,0,On Time,Low Risk
1237,3,0,3,1,231,6,2,0,64,3627,1,0,0,0,1,1,1,0.00063534325,0,On Time,Low Risk
1238,4,0,4,1,140,2,1,0,5,1274,1,1,1,1,0,0,1,0.10431319,0,On Time,Low Risk
1239,0,0,3,5,183,3,2,0,44,3158,1,0,0,0,0,1,0,0.00036690736,0,On Time,Low Risk
1240,1,0,4,5,157,3,2,1,28,1557,1,1,2,1,0,1,0,0.00049571757,0,On Time,Low Risk
1241,2,0,4,5,210,4,2,0,28,3905,1,1,2,0,0,1,0,0.00057169044,0,On Time,Low Risk
1242,4,0,4,5,227,4,1,0,20,2217,1,1,2,1,1,1,0,0.0006426892,0,On Time,Low Risk
1243,3,0,4,1,250,2,2,1,45,3021,1,1,0,0,1,0,1,0.00042849142,0,On Time,Low Risk
1244,4,0,6,3,171,5,0,1,61,1947,1,1,0,1,0,1,0,0.0009785929,0,On Time,Low Risk
1245,0,0,4,2,136,2,2,0,17,1285,1,1,2,1,0,0,1,0.0004733415,0,On Time,Low Risk
1246,1,0,4,3,258,3,2,1,58,2579,1,1,0,1,1,1,0,0.000371292,0,On Time,Low Risk
1247,2,0,6,2,271,5,1,1,14,2514,1,1,2,1,1,1,1,0.001222437,0,On Time,Low Risk
1248,4,0,4,4,197,3,1,0,29,2915,1,1,2,1,0,1,0,0.0004055933,0,On Time,Low Risk
1249,3,0,5,2,217,3,1,1,27,2999,1,1,2,1,1,1,1,0.00068355026,0,On Time,Low Risk
1250,4,0,4,1,247,3,1,0,9,2414,1,1,1,1,1,1,1,0.029926812,0,On Time,Low Risk
1251,0,2,4,4,192,4,2,0,46,3599,1,1,0,0,0,1,0,0.00029760046,0,On Time,Low Risk
1252,1,2,3,1,254,3,2,1,6,3496,1,0,1,0,1,1,1,0.040021602,0,On Time,Low Risk
1253,2,2,5,5,226,3,2,0,65,3840,1,1,0,0,1,1,0,0.0004693493,0,On Time,Low Risk
1254,4,2,5,3,197,2,1,0,48,2481,1,1,0,1,0,0,0,0.0005218462,0,On Time,Low Risk
1255,3,2,3,1,203,4,2,1,12,2779,1,0,2,1,0,1,1,0.00096173363,0,On Time,Low Risk
1256,4,2,4,5,196,3,2,1,16,3722,1,1,2,0,0,1,0,0.00054607575,0,On Time,Low Risk
1257,0,2,2,2,180,3,1,1,33,1217,1,0,0,1,0,1,1,0.0006499336,0,On Time,Low Risk
1258,1,2,3,5,219,3,1,0,54,3145,1,0,0,0,1,1,0,0.00040299646,0,On Time,Low Risk
1259,2,2,4,4,266,2,1,0,15,3425,1,1,2,0,1,0,0,0.0005118418,0,On Time,Low Risk
1260,4,2,5,1,144,2,1,0,20,1082,1,1,2,1,0,0,1,0.0011261808,0,On Time,Low Risk
1261,3,2,5,3,197,2,1,0,12,3400,1,1,2,0,0,0,0,0.00054493995,0,On Time,Low Risk
1262,4,2,4,1,258,3,2,0,4,3686,1,1,1,0,1,1,1,0.039922025,0,On Time,Low Risk
1263,0,2,3,3,187,3,1,0,63,2481,1,0,0,1,0,1,0,0.00042371242,0,On Time,Low Risk
1264,1,2,5,4,184,3,1,1,9,3332,1,1,1,0,0,1,0,0.03927434,0,On Time,Low Risk
1265,2,2,4,3,142,2,2,0,63,1615,1,1,0,1,0,0,0,0.00049237546,0,On Time,Low Risk
1266,4,2,3,5,283,5,1,0,50,2848,1,0,0,1,1,1,0,0.0006614547,0,On Time,Low Risk
1267,3,2,4,2,221,2,1,0,13,3097,1,1,2,0,1,0,1,0.00061789254,0,On Time,Low Risk
1268,4,2,3,2,233,5,1,1,44,2010,1,0,0,1,1,1,1,0.0011768355,0,On Time,Low Risk
1269,0,2,6,4,129,5,1,0,58,1463,1,1,0,1,0,1,0,0.0005388208,0,On Time,Low Risk
1270,1,2,3,4,154,2,2,0,43,1542,1,0,0,1,0,0,0,0.0004518093,0,On Time,Low Risk
1271,2,2,4,4,158,3,2,1,63,1387,1,1,0,1,0,1,0,0.0007057922,0,On Time,Low Risk
1272,4,2,5,3,236,6,2,1,9,3715,1,1,1,0,1,1,0,0.1289709,0,On Time,Low Risk
1273,3,2,3,5,257,3,1,0,52,2170,1,0,0,1,1,1,0,0.00043156775,0,On Time,Low Risk
1274,4,2,4,5,160,3,2,1,50,1511,1,1,0,1,0,1,0,0.0005481037,0,On Time,Low Risk
1275,0,2,4,2,255,4,1,0,62,3198,1,1,0,0,1,1,1,0.0005213331,0,On Time,Low Risk
1276,1,2,4,3,210,2,2,1,22,3124,1,1,2,0,0,0,0,0.00046840444,0,On Time,Low Risk
1277,2,2,5,3,169,4,2,0,37,1290,1,1,0,1,0,1,0,0.0008242252,0,On Time,Low Risk
1278,4,2,3,1,275,2,0,0,1,2597,1,0,1,1,1,0,1,0.029748455,0,On Time,Low Risk
1279,3,2,3,2,185,3,2,1,47,2467,1,0,0,1,0,1,1,0.00047759974,0,On Time,Low Risk
1280,4,2,3,2,213,2,2,0,54,2809,1,0,0,1,0,0,1,0.00064091745,0,On Time,Low Risk
1281,0,2,3,4,179,3,0,1,57,1582,1,0,0,1,0,1,0,0.0005586958,0,On Time,Low Risk
1282,1,2,3,3,110,3,1,1,7,1235,1,0,1,1,0,1,0,0.026874805,0,On Time,Low Risk
1283,2,2,3,4,216,3,1,0,41,2042,1,0,0,1,1,1,0,0.0005114465,0,On Time,Low Risk
1284,4,2,4,1,267,3,2,1,37,2716,1,1,0,1,1,1,1,0.0004488948,0,On Time,Low Risk
1285,3,2,5,4,214,2,2,0,1,3709,1,1,1,0,0,0,0,0.04559797,0,On Time,Low Risk
1286,4,2,5,2,196,3,1,1,38,2211,1,1,0,1,0,1,1,0.00061834435,0,On Time,Low Risk
1287,0,2,2,2,192,2,1,0,8,3127,1,0,1,0,0,0,1,0.03105474,0,On Time,Low Risk
1288,1,2,4,1,191,3,1,1,4,2724,1,1,1,1,0,1,1,0.015725859,0,On Time,Low Risk
1289,2,2,3,4,222,3,2,1,57,2714,1,0,0,1,1,1,0,0.0004713332,0,On Time,Low Risk
1290,4,2,3,3,141,3,2,1,10,1751,1,0,1,1,0,1,0,0.06986714,0,On Time,Low Risk
1291,3,2,4,3,242,3,1,1,1,2808,1,1,1,1,1,1,0,0.019376758,0,On Time,Low Risk
1292,4,2,3,4,212,2,0,1,13,2733,1,0,2,1,0,0,0,0.0006081168,0,On Time,Low Risk
1293,0,2,5,5,133,3,2,0,21,1648,1,1,2,1,0,1,0,0.0008198751,0,On Time,Low Risk
1294,1,2,5,5,254,5,1,0,35,2508,1,1,0,1,1,1,0,0.0008951664,0,On Time,Low Risk
1295,2,2,4,3,190,3,2,0,2,2125,1,1,1,1,0,1,0,0.015069267,0,On Time,Low Risk
1296,4,2,5,3,185,3,1,1,25,2503,1,1,2,1,0,1,0,0.00050519546,0,On Time,Low Risk
1297,3,2,3,5,191,3,2,1,54,3890,1,0,0,0,0,1,0,0.00034648244,0,On Time,Low Risk
1298,4,2,4,4,158,2,2,1,15,1030,1,1,2,1,0,0,0,0.00082171615,0,On Time,Low Risk
1299,0,2,3,5,171,3,1,0,49,1333,1,0,0,1,0,1,0,0.0009386221,0,On Time,Low Risk
1300,1,2,3,4,160,2,2,1,32,1085,1,0,0,1,0,0,0,0.000605331,0,On Time,Low Risk
1301,2,2,4,2,235,3,1,0,21,3088,1,1,2,0,1,1,1,0.0006495555,0,On Time,Low Risk
1302,4,2,4,4,247,3,1,1,55,2361,1,1,0,1,1,1,0,0.00048411344,0,On Time,Low Risk
1303,3,2,4,1,152,3,2,0,65,1706,1,1,0,1,0,1,1,0.0004734306,0,On Time,Low Risk
1304,4,2,4,3,138,3,2,1,15,1080,1,1,2,1,0,1,0,0.0006920884,0,On Time,Low Risk
1305,0,2,5,4,270,2,0,0,43,2971,1,1,0,1,1,0,0,0.00039370658,0,On Time,Low Risk
1306,1,2,6,1,193,4,2,1,8,2952,1,1,1,1,0,1,1,0.19080415,0,On Time,Low Risk
1307,2,2,4,3,252,2,2,1,1,2336,1,1,1,1,1,0,0,0.025051733,0,On Time,Low Risk
1308,4,2,3,1,203,2,2,0,51,3976,1,0,0,0,0,0,1,0.0017274956,0,On Time,Low Risk
1309,3,2,5,4,141,3,2,1,64,1677,1,1,0,1,0,1,0,0.0009470775,0,On Time,Low Risk
1310,4,2,4,3,197,3,1,0,20,3617,1,1,2,0,0,1,0,0.0005176017,0,On Time,Low Risk
1311,0,2,6,2,142,3,1,0,54,1332,1,1,0,1,0,1,1,0.0012693573,0,On Time,Low Risk
1312,1,2,3,4,161,3,1,0,25,1048,1,0,2,1,0,1,0,0.0010415502,0,On Time,Low Risk
1313,2,2,2,2,139,3,2,0,23,1283,1,0,2,1,0,1,1,0.00038543312,0,On Time,Low Risk
1314,4,2,2,5,186,2,1,1,17,3896,1,0,2,0,0,0,0,0.000557627,0,On Time,Low Risk
1315,3,2,5,3,190,3,1,1,52,2611,1,1,0,1,0,1,0,0.00038502272,0,On Time,Low Risk
1316,4,2,5,3,186,4,1,1,23,3981,1,1,2,0,0,1,0,0.0011357339,0,On Time,Low Risk
1317,0,2,3,2,181,3,1,0,29,2164,1,0,2,1,0,1,1,0.00044849043,0,On Time,Low Risk
1318,1,2,4,4,111,6,1,1,8,1145,1,1,1,1,0,1,0,0.056510787,0,On Time,Low Risk
1319,2,2,2,3,159,3,2,1,62,1124,1,0,0,1,0,1,0,0.0005100904,0,On Time,Low Risk
1320,4,2,4,3,205,3,2,0,44,2291,1,1,0,1,0,1,0,0.00047900993,0,On Time,Low Risk
1321,3,2,5,1,134,3,0,0,12,1775,1,1,2,1,0,1,1,0.00074505806,0,On Time,Low Risk
1322,4,2,3,1,191,3,1,0,4,3947,1,0,1,0,0,1,1,0.03206608,0,On Time,Low Risk
1323,0,2,2,3,141,2,2,0,28,1624,1,0,2,1,0,0,0,0.0006240886,0,On Time,Low Risk
1324,1,2,5,1,225,2,2,1,31,3454,1,1,0,0,1,0,1,0.00047720474,0,On Time,Low Risk
1325,2,2,3,5,171,3,2,0,24,1300,1,0,2,1,0,1,0,0.00080365775,0,On Time,Low Risk
1326,4,2,4,3,286,5,1,1,37,2938,1,1,0,1,1,1,0,0.00048564092,0,On Time,Low Risk
1327,3,2,3,1,255,5,1,0,1,2713,1,0,1,1,1,1,1,0.06465931,0,On Time,Low Risk
1328,4,2,4,5,113,6,2,1,25,1538,1,1,2,1,0,1,0,0.0003534541,0,On Time,Low Risk
1329,0,2,5,1,201,3,2,0,65,2488,1,1,0,1,0,1,1,0.00059996516,0,On Time,Low Risk
1330,1,2,3,1,184,3,2,0,49,2823,1,0,0,1,0,1,1,0.00042360078,0,On Time,Low Risk
1331,2,2,3,1,199,2,2,0,18,3346,1,0,2,0,0,0,1,0.00054831227,0,On Time,Low Risk
1332,4,2,4,4,255,2,2,1,29,2267,1,1,2,1,1,0,0,0.0005760031,0,On Time,Low Risk
1333,3,2,4,5,269,4,2,1,60,3456,1,1,0,0,1,1,0,0.0006172027,0,On Time,Low Risk
1334,4,2,5,5,260,2,1,0,23,3065,1,1,2,0,1,0,0,0.0006312955,0,On Time,Low Risk
1335,0,2,3,1,198,4,2,0,44,2848,1,0,0,1,0,1,1,0.0006839917,0,On Time,Low Risk
1336,1,2,4,2,256,2,2,1,10,3128,1,1,1,0,1,0,1,0.025311936,0,On Time,Low Risk
1337,2,2,3,1,140,4,1,1,27,1184,1,0,2,1,0,1,1,0.00082726835,0,On Time,Low Risk
1338,4,2,3,4,165,4,2,0,7,1627,1,0,1,1,0,1,0,0.36698976,0,On Time,Medium Risk
1339,3,2,3,3,144,3,1,1,1,1274,1,0,1,1,0,1,0,0.0638304,0,On Time,Low Risk
1340,4,2,2,2,240,3,1,1,53,2980,1,0,0,1,1,1,1,0.00037879532,0,On Time,Low Risk
1341,0,2,4,2,183,4,1,1,15,3632,1,1,2,0,0,1,1,0.0005930544,0,On Time,Low Risk
1342,1,2,5,3,201,2,1,1,4,3757,1,1,1,0,0,0,0,0.028761113,0,On Time,Low Risk
1343,2,2,4,4,216,2,2,0,6,3255,1,1,1,0,1,0,0,0.03911696,0,On Time,Low Risk
1344,4,1,4,5,218,3,1,1,25,2682,1,1,2,1,1,1,0,0.00058477867,0,On Time,Low Risk
1345,3,1,3,4,147,3,1,0,2,1307,1,0,1,1,0,1,0,0.08769999,0,On Time,Low Risk
1346,4,1,3,5,264,2,2,0,1,3947,1,0,1,0,1,0,0,0.037196465,0,On Time,Low Risk
1347,0,1,4,4,145,3,1,0,43,1651,1,1,0,1,0,1,0,0.0006909071,0,On Time,Low Risk
1348,1,1,3,5,264,6,1,1,30,2751,1,0,2,1,1,1,0,0.00068983703,0,On Time,Low Risk
1349,2,1,4,5,253,2,2,0,43,2589,1,1,0,1,1,0,0,0.00047390195,0,On Time,Low Risk
1350,4,1,2,4,257,6,1,1,5,3986,1,0,1,0,1,1,0,0.21308722,0,On Time,Low Risk
1351,3,1,4,1,202,3,0,1,59,2563,1,1,0,1,0,1,1,0.00037112192,0,On Time,Low Risk
1352,4,1,5,5,245,4,2,0,12,2225,1,1,2,1,1,1,0,0.00080554694,0,On Time,Low Risk
1353,0,1,4,1,162,2,1,0,47,1540,1,1,0,1,0,0,1,0.0007690672,0,On Time,Low Risk
1354,1,1,3,2,158,3,2,0,39,1512,1,0,0,1,0,1,1,0.00059782545,0,On Time,Low Risk
1355,2,1,3,1,182,3,2,0,40,3536,1,0,0,0,0,1,1,0.00045104956,0,On Time,Low Risk
1356,4,1,3,4,218,3,2,0,4,3534,1,0,1,0,1,1,0,0.04625178,0,On Time,Low Risk
1357,3,1,4,5,201,3,2,1,41,3563,1,1,0,0,0,1,0,0.00038711855,0,On Time,Low Risk
1358,4,1,5,1,184,4,2,0,38,2232,1,1,0,1,0,1,1,0.00054262934,0,On Time,Low Risk
1359,0,1,4,1,241,3,2,0,61,3812,1,1,0,0,1,1,1,0.00050444866,0,On Time,Low Risk
1360,1,1,5,5,263,2,2,1,59,3238,1,1,0,0,1,0,0,0.0005871159,0,On Time,Low Risk
1361,2,1,5,5,230,2,2,0,36,3381,1,1,0,0,1,0,0,0.000510237,0,On Time,Low Risk
1362,4,1,3,4,240,3,1,0,28,2356,1,0,2,1,1,1,0,0.00062596117,0,On Time,Low Risk
1363,3,1,4,5,233,3,2,0,43,3856,1,1,0,0,1,1,0,0.0004802311,0,On Time,Low Risk
1364,4,1,4,3,237,2,2,1,22,2912,1,1,2,1,1,0,0,0.0005977215,0,On Time,Low Risk
1365,0,1,5,4,144,3,1,0,59,1178,1,1,0,1,0,1,0,0.00093951635,0,On Time,Low Risk
1366,1,0,3,1,167,3,1,1,1,1252,1,0,1,1,0,1,1,0.07957306,0,On Time,Low Risk
1367,2,0,4,5,138,3,1,0,64,1708,1,1,0,1,0,1,0,0.00053655426,0,On Time,Low Risk
1368,4,0,5,3,165,2,2,1,51,1429,1,1,0,1,0,0,0,0.00090340036,0,On Time,Low Risk
1369,3,0,4,3,247,4,1,0,19,3838,1,1,2,0,1,1,0,0.0007019486,0,On Time,Low Risk
1370,4,0,3,2,152,6,1,0,7,1674,1,0,1,1,0,1,1,0.39777848,0,On Time,Medium Risk
1371,0,0,5,3,199,4,1,0,24,3473,1,1,2,0,0,1,0,0.0005288969,0,On Time,Low Risk
1372,1,0,5,4,268,3,2,1,6,2206,1,1,1,1,1,1,0,0.02398767,0,On Time,Low Risk
1373,2,0,4,5,150,2,1,0,30,1782,1,1,2,1,0,0,0,0.0007930166,0,On Time,Low Risk
1374,4,0,5,5,190,4,2,0,47,3644,1,1,0,0,0,1,0,0.0004313481,0,On Time,Low Risk
1375,3,0,4,3,153,4,1,1,36,1171,1,1,0,1,0,1,0,0.0005942018,0,On Time,Low Risk
1376,4,0,4,2,185,3,1,1,27,3410,1,1,2,0,0,1,1,0.00047249085,0,On Time,Low Risk
1377,0,0,5,1,274,3,2,1,58,2098,1,1,0,1,1,1,1,0.0005032507,0,On Time,Low Risk
1378,1,0,4,3,258,2,0,1,11,2252,1,1,2,1,1,0,0,0.00040485954,0,On Time,Low Risk
1379,2,0,3,1,110,3,1,0,54,1155,1,0,0,1,0,1,1,0.00028999877,0,On Time,Low Risk
1380,4,0,3,5,240,6,1,1,21,3559,1,0,2,0,1,1,0,0.00069772115,0,On Time,Low Risk
1381,3,0,6,5,118,2,1,0,6,1726,1,1,1,1,0,0,0,0.12009697,0,On Time,Low Risk
1382,4,0,3,2,243,2,1,0,38,3850,1,0,0,0,1,0,1,0.0005213681,0,On Time,Low Risk
1383,0,0,6,2,225,6,1,1,44,2057,1,1,0,1,1,1,1,0.0007978574,0,On Time,Low Risk
1384,1,0,3,2,238,4,2,0,49,3179,1,0,0,0,1,1,1,0.000644687,0,On Time,Low Risk
1385,2,0,4,4,127,5,1,0,16,1955,1,1,2,1,0,1,0,0.0008547865,0,On Time,Low Risk
1386,4,0,3,5,166,2,1,1,45,1665,1,0,0,1,0,0,0,0.0006294508,0,On Time,Low Risk
1387,3,0,3,1,180,3,1,0,29,1414,1,0,2,1,0,1,1,0.00069760217,0,On Time,Low Risk
1388,4,2,4,4,161,2,2,1,59,1941,1,1,0,1,0,0,0,0.0008669519,0,On Time,Low Risk
1389,0,2,5,1,230,3,1,0,43,2994,1,1,0,1,1,1,1,0.0006274756,0,On Time,Low Risk
1390,1,2,5,3,167,3,1,0,51,1573,1,1,0,1,0,1,0,0.0009275904,0,On Time,Low Risk
1391,2,2,4,5,186,3,1,0,16,2693,1,1,2,1,0,1,0,0.0005002906,0,On Time,Low Risk
1392,4,2,4,4,150,3,0,1,9,1620,1,1,1,1,0,1,0,0.051980987,0,On Time,Low Risk
1393,3,2,4,1,253,7,2,1,37,2955,1,1,0,1,1,1,1,0.00082467817,0,On Time,Low Risk
1394,4,2,5,2,239,2,2,0,59,2897,1,1,0,1,1,0,1,0.00068431936,0,On Time,Low Risk
1395,0,2,6,2,294,4,1,1,57,1265,1,1,0,1,1,1,1,0.0006547559,0,On Time,Low Risk
1396,1,2,4,2,158,4,1,0,45,1758,1,1,0,1,0,1,1,0.0007815914,0,On Time,Low Risk
1397,2,2,6,3,135,5,1,0,20,1266,1,1,2,1,0,1,0,0.0009856311,0,On Time,Low Risk
1398,4,2,4,2,238,3,1,0,28,1040,1,1,2,1,1,1,1,0.0011677509,0,On Time,Low Risk
1399,3,2,6,3,213,3,1,1,17,1656,1,1,2,1,0,1,0,0.00204279,0,On Time,Low Risk
1400,4,2,5,2,165,2,2,0,18,1918,1,1,2,1,0,0,1,0.0020719564,0,On Time,Low Risk
1401,0,2,4,3,247,4,1,1,16,2362,1,1,2,1,1,1,0,0.0006254206,0,On Time,Low Risk
1402,1,2,3,5,152,6,1,0,32,1158,1,0,0,1,0,1,0,0.0009920341,0,On Time,Low Risk
1403,2,2,5,4,199,4,1,1,24,3443,1,1,2,0,0,1,0,0.00075339375,0,On Time,Low Risk
1404,4,2,5,2,268,3,2,0,41,3716,1,1,0,0,1,1,1,0.00048601307,0,On Time,Low Risk
1405,3,2,4,3,150,2,1,1,51,1491,1,1,0,1,0,0,0,0.0005843719,0,On Time,Low Risk
1406,4,2,5,1,190,4,2,1,24,3446,1,1,2,0,0,1,1,0.00072109466,0,On Time,Low Risk
1407,0,2,4,1,153,4,1,1,7,1130,1,1,1,1,0,1,1,0.34529176,0,On Time,Medium Risk
1408,1,2,4,4,185,3,1,1,13,2080,1,1,2,1,0,1,0,0.00048311864,0,On Time,Low Risk
1409,2,2,5,3,274,3,2,0,54,2905,1,1,0,1,1,1,0,0.0003959166,0,On Time,Low Risk
1410,4,2,4,5,258,2,0,1,5,3512,1,1,1,0,1,0,0,0.024133796,0,On Time,Low Risk
1411,3,2,3,4,110,3,1,0,55,1281,1,0,0,1,0,1,0,0.00048511417,0,On Time,Low Risk
1412,4,2,3,2,240,6,1,0,26,2683,1,0,2,1,1,1,1,0.0005928984,0,On Time,Low Risk
1413,0,2,6,2,118,2,1,0,2,1744,1,1,1,1,0,0,1,0.22042462,0,On Time,Low Risk
1414,1,2,3,4,243,2,1,0,14,3693,1,0,2,0,1,0,0,0.00047999676,0,On Time,Low Risk
1415,2,2,6,5,225,6,1,0,55,2052,1,1,0,1,1,1,0,0.00055908604,0,On Time,Low Risk
1416,4,2,3,3,238,4,2,1,57,3537,1,0,0,0,1,1,0,0.0006878115,0,On Time,Low Risk
1417,3,2,4,3,127,5,1,0,5,1205,1,1,1,1,0,1,0,0.07620322,0,On Time,Low Risk
1418,4,2,3,3,166,2,1,0,45,1791,1,0,0,1,0,0,0,0.0008668388,0,On Time,Low Risk
1419,0,2,3,5,180,3,1,1,6,1228,1,0,1,1,0,1,0,0.16890204,0,On Time,Low Risk
1420,1,2,4,5,161,2,2,1,55,1457,1,1,0,1,0,0,0,0.00059003494,0,On Time,Low Risk
1421,2,2,5,4,230,3,1,0,39,3989,1,1,0,0,1,1,0,0.0011140486,0,On Time,Low Risk
1422,4,2,5,5,167,3,1,0,53,1564,1,1,0,1,0,1,0,0.00080659,0,On Time,Low Risk
1423,3,2,4,3,186,3,1,0,25,3851,1,1,2,0,0,1,0,0.00049422553,0,On Time,Low Risk
1424,4,2,4,2,150,3,0,0,32,1689,1,1,0,1,0,1,1,0.0005950993,0,On Time,Low Risk
1425,0,2,4,5,253,7,2,0,11,3825,1,1,2,0,1,1,0,0.0006451587,0,On Time,Low Risk
1426,1,2,5,2,239,2,2,0,15,2471,1,1,2,1,1,0,1,0.00060277455,0,On Time,Low Risk
1427,2,2,6,3,294,4,1,1,52,1667,1,1,0,1,1,1,0,0.0012286257,0,On Time,Low Risk
1428,4,2,4,5,158,4,1,0,4,1595,1,1,1,1,0,1,0,0.28173345,0,On Time,Low Risk
1429,3,2,6,2,135,5,1,1,26,1585,1,1,2,1,0,1,1,0.0013667984,0,On Time,Low Risk
1430,4,2,4,5,238,3,1,1,9,1724,1,1,1,1,1,1,0,0.30777767,0,On Time,Medium Risk
1431,0,2,6,2,265,3,1,1,3,1904,1,1,1,1,1,1,1,0.38209227,0,On Time,Medium Risk
1432,1,2,5,5,180,5,2,1,35,1725,1,1,0,1,0,1,0,0.0013526756,0,On Time,Low Risk
1433,2,2,7,2,229,3,1,0,43,1793,1,1,0,1,1,1,1,0.0008301692,0,On Time,Low Risk
1434,4,2,3,2,176,3,1,1,51,1297,1,0,0,1,0,1,1,0.00079246325,0,On Time,Low Risk
1435,3,2,3,5,172,2,2,1,60,1840,1,0,0,1,0,0,0,0.00094333204,0,On Time,Low Risk
1436,4,2,6,5,100,4,2,0,3,1440,1,1,1,1,0,1,0,0.09786344,0,On Time,Low Risk
1437,0,2,4,3,142,6,1,1,6,1459,1,1,1,1,0,1,0,0.070010856,0,On Time,Low Risk
1438,1,2,4,3,153,3,2,1,2,1095,1,1,1,1,0,1,0,0.07555874,0,On Time,Low Risk
1439,2,2,3,4,160,4,1,0,56,1408,1,0,0,1,0,1,0,0.00094606646,0,On Time,Low Risk
1440,4,2,4,3,217,3,2,0,16,3444,1,1,2,0,1,1,0,0.00056150445,0,On Time,Low Risk
1441,3,2,3,2,273,3,1,1,41,3464,1,0,0,0,1,1,1,0.0005106199,0,On Time,Low Risk
1442,4,2,3,4,133,3,1,1,17,1187,1,0,2,1,0,1,0,0.001363787,0,On Time,Low Risk
1443,0,2,3,4,155,4,1,1,54,1885,1,0,0,1,0,1,0,0.00091325614,0,On Time,Low Risk
1444,1,2,5,3,184,4,2,0,2,3798,1,1,1,0,0,1,0,0.10144816,0,On Time,Low Risk
1445,2,2,5,5,230,3,2,1,43,3609,1,1,0,0,1,1,0,0.0005153239,0,On Time,Low Risk
1446,4,2,3,4,254,3,0,1,53,3538,1,0,0,0,1,1,0,0.0005329735,0,On Time,Low Risk
1447,3,2,4,5,108,6,2,1,46,1882,1,1,0,1,0,1,0,0.00069318485,0,On Time,Low Risk
1448,4,2,4,4,154,3,1,1,52,1367,1,1,0,1,0,1,0,0.0006476158,0,On Time,Low Risk
1449,0,2,5,3,177,3,1,0,1,1916,1,1,1,1,0,1,0,0.17176382,0,On Time,Low Risk
1450,1,2,3,3,162,2,2,1,65,1184,1,0,0,1,0,0,0,0.00058832555,0,On Time,Low Risk
1451,2,2,3,4,285,6,1,0,27,2249,1,0,2,1,1,1,0,0.000555746,0,On Time,Low Risk
1452,4,2,3,2,257,3,1,0,6,3620,1,0,1,0,1,1,1,0.03381013,0,On Time,Low Risk
1453,3,2,4,5,143,3,1,0,48,1922,1,1,0,1,0,1,0,0.0007813985,0,On Time,Low Risk
1454,4,2,6,3,223,6,2,1,29,2980,1,1,2,1,1,1,0,0.00065542327,0,On Time,Low Risk
1455,0,2,3,5,230,2,1,1,27,3840,1,0,2,0,1,0,0,0.00044269508,0,On Time,Low Risk
1456,1,2,4,5,241,4,2,1,58,2874,1,1,0,1,1,1,0,0.00053843705,0,On Time,Low Risk
1457,2,2,3,5,156,3,2,1,44,1424,1,0,0,1,0,1,0,0.00036970625,0,On Time,Low Risk
1458,4,2,4,4,232,4,1,1,27,3436,1,1,2,0,1,1,0,0.00071608013,0,On Time,Low Risk
1459,3,2,3,2,231,3,1,1,55,3952,1,0,0,0,1,1,1,0.00048755776,0,On Time,Low Risk
1460,4,2,3,4,183,2,2,0,52,2078,1,0,0,1,0,0,0,0.0004312673,0,On Time,Low Risk
1461,0,2,4,1,240,3,1,1,50,2430,1,1,0,1,1,1,1,0.00045597696,0,On Time,Low Risk
1462,1,2,4,4,218,2,2,1,27,2824,1,1,2,1,1,0,0,0.0004545171,0,On Time,Low Risk
1463,2,2,5,1,248,3,1,1,37,3830,1,1,0,0,1,1,1,0.00054559845,0,On Time,Low Risk
1464,4,2,4,3,170,2,2,0,33,1980,1,1,0,1,0,0,0,0.0009492013,0,On Time,Low Risk
1465,3,2,3,2,226,3,1,1,11,3708,1,0,2,0,1,1,1,0.0005515224,0,On Time,Low Risk
1466,4,2,4,3,232,3,1,1,11,2624,1,1,2,1,1,1,0,0.0005876572,0,On Time,Low Risk
1467,0,2,4,1,192,3,1,0,15,3460,1,1,2,0,0,1,1,0.00034050466,0,On Time,Low Risk
1468,1,2,3,5,250,4,1,0,11,3464,1,0,2,0,1,1,0,0.0005728553,0,On Time,Low Risk
1469,2,2,5,5,224,3,2,0,48,2298,1,1,0,1,1,1,0,0.00046068316,0,On Time,Low Risk
1470,4,2,3,3,167,3,2,0,42,1363,1,0,0,1,0,1,0,0.0010709903,0,On Time,Low Risk
1471,3,2,2,3,123,2,2,1,11,1383,1,0,2,1,0,0,0,0.00130905,0,On Time,Low Risk
1472,4,2,5,2,243,2,2,0,4,3681,1,1,1,0,1,0,1,0.04925025,0,On Time,Low Risk
1473,0,2,4,3,233,2,1,0,45,2732,1,1,0,1,1,0,0,0.0004124087,0,On Time,Low Risk
1474,1,2,3,3,201,2,0,1,36,3340,1,0,0,0,0,0,0,0.00032770267,0,On Time,Low Risk
1475,2,2,3,1,230,2,2,0,18,2832,1,0,2,1,1,0,1,0.00042611768,0,On Time,Low Risk
1476,4,2,4,3,271,3,1,1,59,2996,1,1,0,1,1,1,0,0.00040239008,0,On Time,Low Risk
1477,3,2,4,1,159,3,2,1,13,1445,1,1,2,1,0,1,1,0.00048932695,0,On Time,Low Risk
1478,4,2,3,3,249,3,1,1,55,3375,1,0,0,0,1,1,0,0.000481585,0,On Time,Low Risk
1479,0,2,3,4,137,3,2,0,17,1212,1,0,2,1,0,1,0,0.0006504349,0,On Time,Low Risk
1480,1,2,3,5,225,3,2,1,8,3813,1,0,1,0,1,1,0,0.033066284,0,On Time,Low Risk
1481,2,1,4,1,226,3,1,0,28,2211,1,1,2,1,1,1,1,0.00053406303,0,On Time,Low Risk
1482,4,1,4,4,174,3,1,1,49,1141,1,1,0,1,0,1,0,0.000813916,0,On Time,Low Risk
1483,3,1,5,2,264,5,1,0,27,3118,1,1,2,0,1,1,1,0.0010288042,0,On Time,Low Risk
1484,4,1,4,4,151,3,2,0,6,1930,1,1,1,1,0,1,0,0.14819264,0,On Time,Low Risk
1485,0,1,3,1,180,2,1,0,65,1321,1,0,0,1,0,0,1,0.0008474309,0,On Time,Low Risk
1486,1,1,3,4,149,2,2,0,37,1080,1,0,0,1,0,0,0,0.00091406965,0,On Time,Low Risk
1487,2,1,3,1,209,3,1,0,20,3181,1,0,2,0,0,1,1,0.0006184422,0,On Time,Low Risk
1488,4,1,6,1,219,6,1,0,10,2385,1,1,1,1,1,1,1,0.099071264,0,On Time,Low Risk
1489,3,1,4,3,164,3,1,1,28,1880,1,1,2,1,0,1,0,0.0008939651,0,On Time,Low Risk
1490,4,1,3,1,268,3,2,1,3,3040,1,0,1,0,1,1,1,0.042667568,0,On Time,Low Risk
1491,0,1,4,4,204,4,2,0,35,2513,1,1,0,1,0,1,0,0.00062764523,0,On Time,Low Risk
1492,1,1,5,5,226,3,2,1,23,2626,1,1,2,1,1,1,0,0.0005729587,0,On Time,Low Risk
1493,2,1,5,1,105,5,1,1,1,1101,1,1,1,1,0,1,1,0.13088873,0,On Time,Low Risk
1494,4,1,4,5,153,3,1,1,10,1183,1,1,1,1,0,1,0,0.12470701,0,On Time,Low Risk
1495,3,1,3,5,192,2,2,0,5,2339,1,0,1,1,0,0,0,0.0239343,0,On Time,Low Risk
1496,4,1,4,3,199,2,1,0,28,2607,1,1,2,1,0,0,0,0.0004243541,0,On Time,Low Risk
1497,0,1,5,2,156,4,2,1,39,1204,1,1,0,1,0,1,1,0.0005807395,0,On Time,Low Risk
1498,1,1,3,2,180,2,1,1,53,1853,1,0,0,1,0,0,1,0.000796308,0,On Time,Low Risk
1499,2,1,4,5,162,2,2,1,62,1650,1,1,0,1,0,0,0,0.0006850776,0,On Time,Low Risk
1500,4,1,5,5,284,6,1,1,9,3912,1,1,1,0,1,1,0,0.06643203,0,On Time,Low Risk
1501,3,1,4,1,271,2,0,1,33,3269,1,1,0,0,1,0,1,0.00043977625,0,On Time,Low Risk
1502,4,1,3,1,269,2,2,1,38,2195,1,0,0,1,1,0,1,0.0005458211,0,On Time,Low Risk
1503,0,0,3,4,135,3,1,1,11,1740,1,0,2,1,0,1,0,0.000967344,0,On Time,Low Risk
1504,1,0,5,2,200,2,1,0,2,2075,1,1,1,1,0,0,1,0.025702983,0,On Time,Low Risk
1505,2,0,5,2,206,6,2,1,23,2016,1,1,2,1,0,1,1,0.0012045234,0,On Time,Low Risk
1506,4,0,4,2,229,4,1,0,32,3518,1,1,0,0,1,1,1,0.0006965622,0,On Time,Low Risk
1507,3,0,5,3,267,3,1,1,48,3393,1,1,0,0,1,1,0,0.0005872978,0,On Time,Low Risk
1508,4,0,4,1,135,2,2,0,64,1471,1,1,0,1,0,0,1,0.0004909582,0,On Time,Low Risk
1509,0,0,4,5,259,2,2,1,15,2381,1,1,2,1,1,0,0,0.00035539255,0,On Time,Low Risk
1510,1,0,3,3,223,2,2,1,30,3622,1,0,2,0,1,0,0,0.00042499357,0,On Time,Low Risk
1511,2,0,3,4,245,4,1,1,20,2534,1,0,2,1,1,1,0,0.0006559735,0,On Time,Low Risk
1512,4,0,4,4,207,3,1,1,20,2637,1,1,2,1,0,1,0,0.00048194343,0,On Time,Low Risk
1513,3,0,5,3,171,3,2,1,62,1304,1,1,0,1,0,1,0,0.0005276371,0,On Time,Low Risk
1514,4,0,3,5,130,5,1,0,27,1891,1,0,2,1,0,1,0,0.0011125772,0,On Time,Low Risk
1515,0,0,3,2,241,3,2,0,60,3922,1,0,0,0,1,1,1,0.00045363329,0,On Time,Low Risk
1516,1,0,4,4,261,3,1,0,33,3678,1,1,0,0,1,1,0,0.00036659968,0,On Time,Low Risk
1517,2,0,3,5,182,3,2,1,34,3595,1,0,0,0,0,1,0,0.00037950283,0,On Time,Low Risk
1518,4,0,3,2,270,4,0,1,29,3768,1,0,2,0,1,1,1,0.0006735152,0,On Time,Low Risk
1519,3,0,3,5,157,4,2,1,26,1969,1,0,2,1,0,1,0,0.0008934265,0,On Time,Low Risk
1520,4,0,3,3,172,4,1,0,33,1989,1,0,0,1,0,1,0,0.00083410175,0,On Time,Low Risk
1521,0,0,3,3,205,2,2,0,2,2910,1,0,1,1,0,0,0,0.021230126,0,On Time,Low Risk
1522,1,0,4,5,268,3,2,1,7,3622,1,1,1,0,1,1,0,0.027350638,0,On Time,Low Risk
1523,2,0,3,1,156,3,2,0,1,1517,1,0,1,1,0,1,1,0.07851819,0,On Time,Low Risk
1524,4,0,3,5,202,2,1,0,4,3372,1,0,1,0,0,0,0,0.030056253,0,On Time,Low Risk
1525,3,2,3,1,249,3,1,0,43,3277,1,0,0,0,1,1,1,0.00044764177,0,On Time,Low Risk
1526,4,2,3,2,141,3,2,0,41,1801,1,0,0,1,0,1,1,0.0006570488,0,On Time,Low Risk
1527,0,2,3,1,230,2,2,1,28,3646,1,0,2,0,1,0,1,0.00042240578,0,On Time,Low Risk
1528,1,2,5,5,229,2,2,0,59,3844,1,1,0,0,1,0,0,0.00048328514,0,On Time,Low Risk
1529,2,2,4,5,146,4,1,0,25,1606,1,1,2,1,0,1,0,0.0008348416,0,On Time,Low Risk
1530,4,2,3,3,162,2,1,0,26,1659,1,0,2,1,0,0,0,0.0006872824,0,On Time,Low Risk
1531,3,2,5,2,241,3,1,1,39,3743,1,1,0,0,1,1,1,0.00063990516,0,On Time,Low Risk
1532,4,2,3,4,271,2,1,1,14,2163,1,0,2,1,1,0,0,0.00044739753,0,On Time,Low Risk
1533,0,2,3,5,166,3,0,0,31,1117,1,0,0,1,0,1,0,0.0007484747,0,On Time,Low Risk
1534,1,2,3,1,171,3,2,1,28,1075,1,0,2,1,0,1,1,0.0006678486,0,On Time,Low Risk
1535,2,2,3,5,169,2,1,0,20,1021,1,0,2,1,0,0,0,0.0016123971,0,On Time,Low Risk
1536,4,2,3,1,137,3,1,1,47,1611,1,0,0,1,0,1,1,0.00048230946,0,On Time,Low Risk
1537,3,2,3,4,211,3,1,1,56,3654,1,0,0,0,0,1,0,0.00056404347,0,On Time,Low Risk
1538,4,2,4,5,171,3,2,0,2,1114,1,1,1,1,0,1,0,0.13031211,0,On Time,Low Risk
1539,0,2,4,4,142,4,2,1,2,1461,1,1,1,1,0,1,0,0.10876641,0,On Time,Low Risk
1540,1,2,3,2,184,4,2,0,10,2972,1,0,1,1,0,1,1,0.09862091,0,On Time,Low Risk
1541,2,2,6,5,111,6,0,0,28,1216,1,1,2,1,0,1,0,0.000406892,0,On Time,Low Risk
1542,4,2,2,5,278,4,1,1,34,3416,1,0,0,0,1,1,0,0.00071448646,0,On Time,Low Risk
1543,3,2,3,5,160,2,2,0,41,1495,1,0,0,1,0,0,0,0.0006444265,0,On Time,Low Risk
1544,4,2,3,4,212,2,2,0,56,3976,1,0,0,0,0,0,0,0.0012788208,0,On Time,Low Risk
1545,0,2,3,5,175,2,1,1,59,1051,1,0,0,1,0,0,0,0.0008497742,0,On Time,Low Risk
1546,1,2,4,3,251,3,2,0,46,2632,1,1,0,1,1,1,0,0.00044204525,0,On Time,Low Risk
1547,2,2,3,3,205,2,1,0,15,3231,1,0,2,0,0,0,0,0.00048314393,0,On Time,Low Risk
1548,4,2,5,5,163,3,1,1,54,1536,1,1,0,1,0,1,0,0.0007659796,0,On Time,Low Risk
1549,3,2,4,1,272,2,1,1,27,2030,1,1,2,1,1,0,1,0.0005421392,0,On Time,Low Risk
1550,4,2,4,1,134,3,2,0,37,1818,1,1,0,1,0,1,1,0.00076607993,0,On Time,Low Risk
1551,0,2,5,5,259,2,2,1,63,2583,1,1,0,1,1,0,0,0.0004062697,0,On Time,Low Risk
1552,1,2,3,3,246,3,2,0,45,3945,1,0,0,0,1,1,0,0.000440147,0,On Time,Low Risk
1553,2,2,4,1,211,2,2,0,44,3099,1,1,0,0,0,0,1,0.00050719717,0,On Time,Low Risk
1554,4,2,4,2,190,2,2,0,6,3595,1,1,1,0,0,0,1,0.041531794,0,On Time,Low Risk
1555,3,2,4,5,233,5,2,0,44,2648,1,1,0,1,1,1,0,0.00062181905,0,On Time,Low Risk
1556,4,2,5,4,199,2,0,0,20,2553,1,1,2,1,0,0,0,0.0005184028,0,On Time,Low Risk
1557,0,2,5,2,191,3,0,0,52,2028,1,1,0,1,0,1,1,0.00019386367,0,On Time,Low Risk
1558,1,2,4,1,148,3,1,1,30,1731,1,1,2,1,0,1,1,0.0007046245,0,On Time,Low Risk
1559,2,2,2,5,177,6,2,0,41,1772,1,0,0,1,0,1,0,0.0008809743,0,On Time,Low Risk
1560,4,2,3,1,171,2,1,1,1,1629,1,0,1,1,0,0,1,0.11648541,0,On Time,Low Risk
1561,3,2,3,3,237,3,2,1,57,3761,1,0,0,0,1,1,0,0.00051280775,0,On Time,Low Risk
1562,4,2,4,4,265,3,2,0,47,3307,1,1,0,0,1,1,0,0.00046514967,0,On Time,Low Risk
1563,0,2,4,2,136,2,2,1,19,1387,1,1,2,1,0,0,1,0.00080526987,0,On Time,Low Risk
1564,1,2,3,1,145,2,0,1,25,1851,1,0,2,1,0,0,1,0.00082863006,0,On Time,Low Risk
1565,2,2,4,1,238,2,1,0,3,2241,1,1,1,1,1,0,1,0.042663198,0,On Time,Low Risk
1566,4,2,4,4,210,3,2,0,14,3666,1,1,2,0,0,1,0,0.0006184797,0,On Time,Low Risk
1567,3,2,5,1,159,4,1,1,38,1277,1,1,0,1,0,1,1,0.00072377385,0,On Time,Low Risk
1568,4,2,4,1,232,2,2,0,26,3300,1,1,2,0,1,0,1,0.0005937619,0,On Time,Low Risk
1569,0,2,3,2,174,3,1,1,4,1337,1,0,1,1,0,1,1,0.13739645,0,On Time,Low Risk
1570,1,2,5,1,129,5,2,1,35,1458,1,1,0,1,0,1,1,0.00050857593,0,On Time,Low Risk
1571,2,2,3,3,201,4,2,1,7,2299,1,0,1,1,0,1,0,0.0869706,0,On Time,Low Risk
1572,4,2,5,2,151,4,1,1,12,1145,1,1,2,1,0,1,1,0.0010892941,0,On Time,Low Risk
1573,3,2,2,1,252,3,1,0,12,2800,1,0,2,1,1,1,1,0.00050488306,0,On Time,Low Risk
1574,4,2,5,3,156,3,2,1,58,1218,1,1,0,1,0,1,0,0.00047270907,0,On Time,Low Risk
1575,0,2,6,3,215,5,1,1,13,3899,1,1,2,0,1,1,0,0.0009501989,0,On Time,Low Risk
1576,1,2,4,4,153,3,1,1,13,1402,1,1,2,1,0,1,0,0.00062398927,0,On Time,Low Risk
1577,2,2,5,1,261,3,1,1,25,3494,1,1,2,0,1,1,1,0.00044199807,0,On Time,Low Risk
1578,4,2,5,4,263,3,2,1,61,2606,1,1,0,1,1,1,0,0.0005274618,0,On Time,Low Risk
1579,3,2,5,4,153,6,2,1,35,1082,1,1,0,1,0,1,0,0.0008878984,0,On Time,Low Risk
1580,4,2,3,5,137,3,0,0,28,1815,1,0,2,1,0,1,0,0.0008978675,0,On Time,Low Risk
1581,0,2,3,5,270,5,1,1,31,3737,1,0,0,0,1,1,0,0.0004449511,0,On Time,Low Risk
1582,1,2,5,1,167,2,1,1,62,1884,1,1,0,1,0,0,1,0.0013409525,0,On Time,Low Risk
1583,2,2,3,3,143,3,1,1,64,1630,1,0,0,1,0,1,0,0.00070765277,0,On Time,Low Risk
1584,4,2,5,5,214,3,1,0,31,2033,1,1,0,1,0,1,0,0.00066385674,0,On Time,Low Risk
1585,3,2,2,2,182,2,2,0,14,3751,1,0,2,0,0,0,1,0.00047036598,0,On Time,Low Risk
1586,4,2,3,5,234,2,0,1,4,2701,1,0,1,1,1,0,0,0.024557618,0,On Time,Low Risk
1587,0,2,4,5,181,2,2,1,59,2239,1,1,0,1,0,0,0,0.00036665492,0,On Time,Low Risk
1588,1,2,2,4,162,3,1,0,34,1558,1,0,0,1,0,1,0,0.00089086144,0,On Time,Low Risk
1589,2,2,5,4,185,4,2,1,31,3565,1,1,0,0,0,1,0,0.0007840138,0,On Time,Low Risk
1590,4,2,4,2,199,2,2,0,4,3351,1,1,1,0,0,0,1,0.04738068,0,On Time,Low Risk
1591,3,2,4,1,272,3,2,1,49,2803,1,1,0,1,1,1,1,0.00046083867,0,On Time,Low Risk
1592,4,2,5,3,252,2,1,1,11,3036,1,1,2,0,1,0,0,0.00072936254,0,On Time,Low Risk
1593,0,2,4,5,156,3,1,0,2,1127,1,1,1,1,0,1,0,0.087823264,0,On Time,Low Risk
1594,1,2,4,2,173,3,2,0,63,1220,1,1,0,1,0,1,1,0.0008276559,0,On Time,Low Risk
1595,2,2,3,2,148,4,2,0,38,1322,1,0,0,1,0,1,1,0.00095431105,0,On Time,Low Risk
1596,4,2,4,3,158,3,2,0,27,1207,1,1,2,1,0,1,0,0.0005421537,0,On Time,Low Risk
1597,3,2,5,2,261,3,1,1,62,3352,1,1,0,0,1,1,1,0.00040237396,0,On Time,Low Risk
1598,4,2,2,4,105,2,2,1,54,1707,1,0,0,1,0,0,0,0.0006912552,0,On Time,Low Risk
1599,0,2,3,5,193,3,0,0,57,3364,1,0,0,0,0,1,0,0.00036673306,0,On Time,Low Risk
1600,1,2,3,3,198,3,1,1,49,2446,1,0,0,1,0,1,0,0.00039901753,0,On Time,Low Risk
1601,2,2,4,5,213,3,2,0,42,3121,1,1,0,0,0,1,0,0.0004702301,0,On Time,Low Risk
1602,4,2,4,1,244,3,1,1,59,3073,1,1,0,0,1,1,1,0.0005224379,0,On Time,Low Risk
1603,3,2,6,4,241,6,0,0,61,2806,1,1,0,1,1,1,0,0.0005419238,0,On Time,Low Risk
1604,4,2,4,5,278,6,1,1,4,3909,1,1,1,0,1,1,0,0.11882681,0,On Time,Low Risk
1605,0,2,2,2,145,2,1,1,1,1126,1,0,1,1,0,0,1,0.06436722,0,On Time,Low Risk
1606,1,2,5,2,140,4,0,1,58,1175,1,1,0,1,0,1,1,0.0007882088,0,On Time,Low Risk
1607,2,2,4,4,209,3,2,1,37,3026,1,1,0,0,0,1,0,0.0005093058,0,On Time,Low Risk
1608,4,2,3,3,233,3,2,1,35,2204,1,0,0,1,1,1,0,0.00054321176,0,On Time,Low Risk
1609,3,2,3,1,227,3,2,1,52,3336,1,0,0,0,1,1,1,0.0004635288,0,On Time,Low Risk
1610,4,2,5,1,258,2,2,0,22,3713,1,1,2,0,1,0,1,0.00055745273,0,On Time,Low Risk
1611,0,2,5,4,259,3,1,0,38,3720,1,1,0,0,1,1,0,0.00044667438,0,On Time,Low Risk
1612,1,2,3,5,153,2,1,0,44,1585,1,0,0,1,0,0,0,0.0006315916,0,On Time,Low Risk
1613,2,2,3,5,181,3,2,1,22,3575,1,0,2,0,0,1,0,0.000518934,0,On Time,Low Risk
1614,4,2,4,4,143,8,2,0,39,1345,1,1,0,1,0,1,0,0.00058150524,0,On Time,Low Risk
1615,3,2,5,2,111,5,2,1,3,1711,1,1,1,1,0,1,1,0.14289942,0,On Time,Low Risk
1616,4,2,4,5,198,2,2,1,51,2820,1,1,0,1,0,0,0,0.00049300806,0,On Time,Low Risk
1617,0,2,3,4,121,3,1,0,63,1611,1,0,0,1,0,1,0,0.0006583742,0,On Time,Low Risk
1618,1,1,3,2,204,3,2,1,48,2792,1,0,0,1,0,1,1,0.00047124198,0,On Time,Low Risk
1619,2,1,4,4,203,5,1,1,36,3912,1,1,0,0,0,1,0,0.0006998809,0,On Time,Low Risk
1620,4,1,4,1,167,3,1,0,10,1616,1,1,1,1,0,1,1,0.11019481,0,On Time,Low Risk
1621,3,1,4,1,270,3,2,0,64,2406,1,1,0,1,1,1,1,0.00047862314,0,On Time,Low Risk
1622,4,1,5,2,260,2,0,1,58,2018,1,1,0,1,1,0,1,0.0011704242,0,On Time,Low Risk
1623,0,1,3,1,180,3,0,0,21,1047,1,0,2,1,0,1,1,0.00065815216,0,On Time,Low Risk
1624,1,1,3,4,157,2,2,1,12,1694,1,0,2,1,0,0,0,0.0006748529,0,On Time,Low Risk
1625,2,1,3,3,156,6,1,1,45,1602,1,0,0,1,0,1,0,0.0005910883,0,On Time,Low Risk
1626,4,1,4,4,236,7,2,1,62,2280,1,1,0,1,1,1,0,0.0007306175,0,On Time,Low Risk
1627,3,1,5,2,240,7,2,0,57,2708,1,1,0,1,1,1,1,0.000932322,0,On Time,Low Risk
1628,4,1,4,2,104,7,2,0,46,1438,1,1,0,1,0,1,1,0.00047576745,0,On Time,Low Risk
1629,0,1,4,2,140,3,2,0,49,1820,1,1,0,1,0,1,1,0.00080364663,0,On Time,Low Risk
1630,1,1,3,2,150,3,2,1,29,1354,1,0,2,1,0,1,1,0.0007794073,0,On Time,Low Risk
1631,2,1,6,2,286,7,2,0,65,3362,1,1,0,0,1,1,1,0.00077115727,0,On Time,Low Risk
1632,4,1,5,5,224,8,1,0,49,3282,1,1,0,0,1,1,0,0.0007935998,0,On Time,Low Risk
1633,3,1,3,4,204,3,1,0,49,3225,1,0,0,0,0,1,0,0.00056373497,0,On Time,Low Risk
1634,4,1,5,2,266,7,1,0,12,2056,1,1,2,1,1,1,1,0.000904517,0,On Time,Low Risk
1635,0,1,6,3,241,6,0,0,8,3878,1,1,1,0,1,1,0,0.06792351,0,On Time,Low Risk
1636,1,1,4,2,278,6,1,0,36,2330,1,1,0,1,1,1,1,0.0006780855,0,On Time,Low Risk
1637,2,1,2,1,145,2,1,0,49,1177,1,0,0,1,0,0,1,0.0007303916,0,On Time,Low Risk
1638,4,1,5,4,140,4,0,0,5,1130,1,1,1,1,0,1,0,0.12223015,0,On Time,Low Risk
1639,3,1,4,4,209,3,2,0,52,2740,1,1,0,1,0,1,0,0.0005273897,0,On Time,Low Risk
1640,4,0,3,1,233,3,2,1,1,2744,1,0,1,1,1,1,1,0.025830677,0,On Time,Low Risk
1641,0,0,3,2,227,3,2,1,21,2351,1,0,2,1,1,1,1,0.00048990146,0,On Time,Low Risk
1642,1,0,5,4,258,2,2,0,24,2878,1,1,2,1,1,0,0,0.0005216403,0,On Time,Low Risk
1643,2,0,5,3,259,3,1,0,45,3335,1,1,0,0,1,1,0,0.000504794,0,On Time,Low Risk
1644,4,0,3,3,153,2,1,0,39,1328,1,0,0,1,0,0,0,0.0006450465,0,On Time,Low Risk
1645,3,0,3,2,181,3,2,1,45,3786,1,0,0,0,0,1,1,0.00044072725,0,On Time,Low Risk
1646,4,0,4,4,143,8,2,1,12,1326,1,1,2,1,0,1,0,0.0005830559,0,On Time,Low Risk
1647,0,0,5,4,111,5,2,0,42,1587,1,1,0,1,0,1,0,0.0004498044,0,On Time,Low Risk
1648,1,0,4,4,198,2,2,1,64,3787,1,1,0,0,0,0,0,0.00032675586,0,On Time,Low Risk
1649,2,0,3,5,121,3,1,0,10,1701,1,0,1,1,0,1,0,0.04256449,0,On Time,Low Risk
1650,4,0,3,4,204,3,2,0,27,2772,1,0,2,1,0,1,0,0.00052443135,0,On Time,Low Risk
1651,3,0,4,2,203,5,1,0,20,3098,1,1,2,0,0,1,1,0.00092153024,0,On Time,Low Risk
1652,4,0,4,1,167,3,1,0,57,1782,1,1,0,1,0,1,1,0.0005238139,0,On Time,Low Risk
1653,0,0,4,5,270,3,2,1,20,3185,1,1,2,0,1,1,0,0.00045892122,0,On Time,Low Risk
1654,1,0,5,3,260,2,0,0,63,2715,1,1,0,1,1,0,0,0.00051299226,0,On Time,Low Risk
1655,2,0,3,3,180,3,0,0,56,1684,1,0,0,1,0,1,0,0.0005249825,0,On Time,Low Risk
1656,4,0,3,3,157,2,2,0,62,1366,1,0,0,1,0,0,0,0.0008829529,0,On Time,Low Risk
1657,3,0,3,5,156,6,1,1,65,1308,1,0,0,1,0,1,0,0.0007617849,0,On Time,Low Risk
1658,4,0,4,5,236,7,2,0,44,3808,1,1,0,0,1,1,0,0.0006270276,0,On Time,Low Risk
1659,0,0,5,2,240,7,2,0,47,2174,1,1,0,1,1,1,1,0.0007708406,0,On Time,Low Risk
1660,1,0,4,1,104,7,2,0,52,1083,1,1,0,1,0,1,1,0.0007537927,0,On Time,Low Risk
1661,2,0,4,4,140,3,2,0,4,1467,1,1,1,1,0,1,0,0.043147173,0,On Time,Low Risk
1662,4,2,3,2,150,3,2,0,4,1910,1,0,1,1,0,1,1,0.18244502,0,On Time,Low Risk
1663,3,2,6,1,286,7,2,0,7,2338,1,1,1,1,1,1,1,0.059116043,0,On Time,Low Risk
1664,4,2,5,5,224,8,1,0,48,2627,1,1,0,1,1,1,0,0.00071706803,0,On Time,Low Risk
1665,0,2,3,5,204,3,1,0,45,2513,1,0,0,1,0,1,0,0.0004067435,0,On Time,Low Risk
1666,1,2,5,2,266,7,1,1,40,2304,1,1,0,1,1,1,1,0.00074476,0,On Time,Low Risk
1667,2,2,4,5,268,3,1,0,59,2083,1,1,0,1,1,1,0,0.00044678847,0,On Time,Low Risk
1668,4,2,4,5,267,4,1,1,20,3132,1,1,2,0,1,1,0,0.00059886655,0,On Time,Low Risk
1669,3,2,3,5,223,4,1,0,46,3938,1,0,0,0,1,1,0,0.0004993408,0,On Time,Low Risk
1670,4,2,5,5,164,5,1,1,52,1644,1,1,0,1,0,1,0,0.0009337216,0,On Time,Low Risk
1671,0,2,4,2,209,4,1,0,10,3370,1,1,1,0,0,1,1,0.12160942,0,On Time,Low Risk
1672,1,2,3,2,192,3,1,0,19,3183,1,0,2,0,0,1,1,0.00030377807,0,On Time,Low Risk
1673,2,2,3,2,260,3,2,1,52,2874,1,0,0,1,1,1,1,0.00040988094,0,On Time,Low Risk
1674,4,2,2,1,137,5,2,0,3,1037,1,0,1,1,0,1,1,0.31225857,0,On Time,Medium Risk
1675,3,2,3,3,267,2,1,1,18,2435,1,0,2,1,1,0,0,0.000518978,0,On Time,Low Risk
1676,4,2,3,3,111,3,2,1,54,1712,1,0,0,1,0,1,0,0.000636935,0,On Time,Low Risk
1677,0,2,3,4,240,2,2,0,2,3729,1,0,1,0,1,0,0,0.029252438,0,On Time,Low Risk
1678,1,2,5,1,234,3,2,1,40,3340,1,1,0,0,1,1,1,0.00060645596,0,On Time,Low Risk
1679,2,2,4,2,190,2,2,1,37,2563,1,1,0,1,0,0,1,0.00033796672,0,On Time,Low Risk
1680,4,2,5,2,265,2,0,1,24,2415,1,1,2,1,1,0,1,0.0006574588,0,On Time,Low Risk
1681,3,2,3,4,189,3,2,0,37,3492,1,0,0,0,0,1,0,0.00048697926,0,On Time,Low Risk
1682,4,2,2,1,121,3,2,1,25,1124,1,0,2,1,0,1,1,0.0004333065,0,On Time,Low Risk
1683,0,2,4,3,101,6,1,1,37,1344,1,1,0,1,0,1,0,0.0005573428,0,On Time,Low Risk
1684,1,2,3,3,250,3,2,1,9,2752,1,0,1,1,1,1,0,0.027127085,0,On Time,Low Risk
1685,2,2,4,2,247,3,2,0,64,2198,1,1,0,1,1,1,1,0.00046896492,0,On Time,Low Risk
1686,4,2,4,4,162,3,2,1,41,1104,1,1,0,1,0,1,0,0.00064515625,0,On Time,Low Risk
1687,3,2,2,2,219,3,1,0,56,3608,1,0,0,0,1,1,1,0.0004566575,0,On Time,Low Risk
1688,4,2,5,1,258,2,2,0,48,3717,1,1,0,0,1,0,1,0.00050252635,0,On Time,Low Risk
1689,0,2,5,4,221,2,1,0,59,3444,1,1,0,0,1,0,0,0.0005479865,0,On Time,Low Risk
1690,1,2,2,4,137,3,0,0,41,1176,1,0,0,1,0,1,0,0.0009482671,0,On Time,Low Risk
1691,2,2,3,4,174,2,2,1,51,1430,1,0,0,1,0,0,0,0.0007894416,0,On Time,Low Risk
1692,4,2,4,2,189,3,2,1,6,3671,1,1,1,0,0,1,1,0.045813177,0,On Time,Low Risk
1693,3,2,4,4,212,4,2,0,2,3830,1,1,1,0,0,1,0,0.10253487,0,On Time,Low Risk
1694,4,2,6,1,183,2,1,1,57,3966,1,1,0,0,0,0,1,0.0015287991,0,On Time,Low Risk
1695,0,2,3,1,180,2,1,1,26,1715,1,0,2,1,0,0,1,0.0008012544,0,On Time,Low Risk
1696,1,2,5,5,150,5,2,0,61,1091,1,1,0,1,0,1,0,0.0010991954,0,On Time,Low Risk
1697,2,2,4,3,246,3,2,0,52,2440,1,1,0,1,1,1,0,0.0004595367,0,On Time,Low Risk
1698,4,2,3,2,263,3,0,0,44,3802,1,0,0,0,1,1,1,0.0004116779,0,On Time,Low Risk
1699,3,2,4,4,204,2,1,1,29,2941,1,1,2,1,0,0,0,0.00051407923,0,On Time,Low Risk
1700,4,2,3,2,223,4,1,0,20,3955,1,0,2,0,1,1,1,0.00070014474,0,On Time,Low Risk
1701,0,2,3,3,193,2,1,0,60,2581,1,0,0,1,0,0,0,0.00036563078,0,On Time,Low Risk
1702,1,2,3,1,138,3,1,0,41,1914,1,0,0,1,0,1,1,0.00073532155,0,On Time,Low Risk
1703,2,2,5,2,188,3,2,0,50,3992,1,1,0,0,0,1,1,0.0015820558,0,On Time,Low Risk
1704,4,2,4,3,201,3,1,0,46,3641,1,1,0,0,0,1,0,0.00043638307,0,On Time,Low Risk
1705,3,2,3,3,245,2,2,0,16,2577,1,0,2,1,1,0,0,0.0005415084,0,On Time,Low Risk
1706,4,2,3,2,262,3,1,1,54,3150,1,0,0,0,1,1,1,0.00046510244,0,On Time,Low Risk
1707,0,2,4,4,147,5,2,0,33,1886,1,1,0,1,0,1,0,0.0009782619,0,On Time,Low Risk
1708,1,2,3,1,254,3,2,0,35,2965,1,0,0,1,1,1,1,0.00046841337,0,On Time,Low Risk
1709,2,2,4,2,213,4,1,0,37,2184,1,1,0,1,0,1,1,0.0007324109,0,On Time,Low Risk
1710,4,2,3,3,152,2,1,1,32,1665,1,0,0,1,0,0,0,0.00055138575,0,On Time,Low Risk
1711,3,2,4,1,227,3,1,1,54,3972,1,1,0,0,1,1,1,0.0011227102,0,On Time,Low Risk
1712,4,2,2,5,206,3,1,0,46,2944,1,0,0,1,0,1,0,0.0005367287,0,On Time,Low Risk
1713,0,2,3,4,242,5,1,1,5,2307,1,0,1,1,1,1,0,0.09035993,0,On Time,Low Risk
1714,1,2,4,2,200,3,2,1,45,2486,1,1,0,1,0,1,1,0.00042102268,0,On Time,Low Risk
1715,2,2,4,1,142,2,1,1,26,1683,1,1,2,1,0,0,1,0.0007115266,0,On Time,Low Risk
1716,4,2,3,3,275,3,1,0,61,2123,1,0,0,1,1,1,0,0.0003838339,0,On Time,Low Risk
1717,3,2,6,1,222,5,2,1,26,3137,1,1,2,0,1,1,1,0.001048702,0,On Time,Low Risk
1718,4,2,3,1,101,2,2,0,56,1184,1,0,0,1,0,0,1,0.00066522445,0,On Time,Low Risk
1719,0,2,4,5,178,3,0,1,22,1907,1,1,2,1,0,1,0,0.00069984386,0,On Time,Low Risk
1720,1,2,3,2,243,3,2,1,31,3943,1,0,0,0,1,1,1,0.0003979903,0,On Time,Low Risk
1721,2,2,2,1,177,4,1,1,63,1058,1,0,0,1,0,1,1,0.0006184292,0,On Time,Low Risk
1722,4,2,3,2,270,3,2,1,31,2377,1,0,0,1,1,1,1,0.00048139293,0,On Time,Low Risk
1723,3,2,5,3,186,4,2,0,11,3676,1,1,2,0,0,1,0,0.00088965305,0,On Time,Low Risk
1724,4,2,5,3,133,4,2,0,29,1094,1,1,2,1,0,1,0,0.0007067453,0,On Time,Low Risk
1725,0,2,3,2,263,4,2,1,8,2599,1,0,1,1,1,1,1,0.10144659,0,On Time,Low Risk
1726,1,2,5,3,248,3,2,1,4,2207,1,1,1,1,1,1,0,0.022726847,0,On Time,Low Risk
1727,2,2,5,2,150,3,2,1,63,1807,1,1,0,1,0,1,1,0.001150128,0,On Time,Low Risk
1728,4,2,3,4,203,4,2,1,46,3640,1,0,0,0,0,1,0,0.00079399766,0,On Time,Low Risk
1729,3,2,2,3,249,2,1,1,1,2905,1,0,1,1,1,0,0,0.025215115,0,On Time,Low Risk
1730,4,2,3,3,238,3,2,1,54,2860,1,0,0,1,1,1,0,0.00054570555,0,On Time,Low Risk
1731,0,2,5,3,181,4,2,0,32,3893,1,1,0,0,0,1,0,0.0006298703,0,On Time,Low Risk
1732,1,2,3,3,138,4,1,1,56,1440,1,0,0,1,0,1,0,0.0007048068,0,On Time,Low Risk
1733,2,2,4,3,139,3,2,0,47,1323,1,1,0,1,0,1,0,0.00047004395,0,On Time,Low Risk
1734,4,2,2,3,192,2,1,0,31,2621,1,0,0,1,0,0,0,0.00041545,0,On Time,Low Risk
1735,3,2,5,4,241,3,2,1,40,3484,1,1,0,0,1,1,0,0.00057892845,0,On Time,Low Risk
1736,4,2,3,2,188,3,1,0,33,3335,1,0,0,0,0,1,1,0.0004919021,0,On Time,Low Risk
1737,0,2,6,1,278,2,2,0,12,2112,1,1,2,1,1,0,1,0.0006250565,0,On Time,Low Risk
1738,1,2,4,1,144,2,0,1,35,1072,1,1,0,1,0,0,1,0.0004915965,0,On Time,Low Risk
1739,2,2,4,5,208,2,2,1,33,2170,1,1,0,1,0,0,0,0.00042059083,0,On Time,Low Risk
1740,4,2,3,2,208,2,1,1,41,2036,1,0,0,1,0,0,1,0.00065172673,0,On Time,Low Risk
1741,3,2,4,3,210,3,2,1,11,2655,1,1,2,1,0,1,0,0.00052160025,0,On Time,Low Risk
1742,4,2,3,3,237,3,2,1,47,3625,1,0,0,0,1,1,0,0.0005612511,0,On Time,Low Risk
1743,0,2,4,4,192,3,1,0,25,2443,1,1,2,1,0,1,0,0.00027163228,0,On Time,Low Risk
1744,1,2,6,2,143,5,1,1,17,1955,1,1,2,1,0,1,1,0.0029969863,0,On Time,Low Risk
1745,2,2,3,1,234,3,0,0,60,2596,1,0,0,1,1,1,1,0.00040479645,0,On Time,Low Risk
1746,4,2,4,5,147,2,1,1,17,1057,1,1,2,1,0,0,0,0.0007792532,0,On Time,Low Risk
1747,3,2,5,1,226,2,1,1,18,2582,1,1,2,1,1,0,1,0.00070239697,0,On Time,Low Risk
1748,4,2,4,5,263,2,1,1,62,2267,1,1,0,1,1,0,0,0.00045175955,0,On Time,Low Risk
1749,0,2,4,1,147,3,1,1,11,1434,1,1,2,1,0,1,1,0.00060071953,0,On Time,Low Risk
1750,1,2,3,1,174,4,1,1,18,1072,1,0,2,1,0,1,1,0.0007809441,0,On Time,Low Risk
1751,2,2,3,1,142,4,1,1,4,1583,1,0,1,1,0,1,1,0.11976984,0,On Time,Low Risk
1752,4,2,4,4,136,3,1,1,6,1900,1,1,1,1,0,1,0,0.12662499,0,On Time,Low Risk
1753,3,2,3,1,192,3,2,1,35,2258,1,0,0,1,0,1,1,0.00042932446,0,On Time,Low Risk
1754,4,2,3,2,184,5,0,0,26,3336,1,0,2,0,0,1,1,0.00054362847,0,On Time,Low Risk
1755,0,1,6,5,260,4,0,1,10,2756,1,1,1,1,1,1,0,0.0827766,0,On Time,Low Risk
1756,1,1,5,3,160,3,0,1,25,1977,1,1,2,1,0,1,0,0.00062908523,0,On Time,Low Risk
1757,2,1,3,1,262,2,1,0,28,2940,1,0,2,1,1,0,1,0.00056469004,0,On Time,Low Risk
1758,4,1,4,3,217,3,1,1,51,3144,1,1,0,0,1,1,0,0.00053555385,0,On Time,Low Risk
1759,3,1,3,2,267,5,1,0,48,2622,1,0,0,1,1,1,1,0.0008367123,0,On Time,Low Risk
1760,4,1,5,4,195,2,1,1,4,3108,1,1,1,0,0,0,0,0.04446697,0,On Time,Low Risk
1761,0,1,4,3,152,2,2,1,18,1537,1,1,2,1,0,0,0,0.0006172992,0,On Time,Low Risk
1762,1,1,4,5,178,3,1,0,23,1695,1,1,2,1,0,1,0,0.00078741903,0,On Time,Low Risk
1763,2,1,4,2,190,4,2,1,61,2077,1,1,0,1,0,1,1,0.00049326423,0,On Time,Low Risk
1764,4,1,3,5,286,3,2,0,12,3817,1,0,2,0,1,1,0,0.000562497,0,On Time,Low Risk
1765,3,1,2,1,167,2,1,1,46,1023,1,0,0,1,0,0,1,0.00079872576,0,On Time,Low Risk
1766,4,1,2,2,148,6,2,0,63,1279,1,0,0,1,0,1,1,0.00055872486,0,On Time,Low Risk
1767,0,1,4,3,218,4,1,0,50,3990,1,1,0,0,1,1,0,0.0010301896,0,On Time,Low Risk
1768,1,1,5,2,272,2,2,0,37,2226,1,1,0,1,1,0,1,0.0005321603,0,On Time,Low Risk
1769,2,1,4,3,147,2,0,0,52,1570,1,1,0,1,0,0,0,0.0004190818,0,On Time,Low Risk
1770,4,1,4,5,263,3,2,0,32,3723,1,1,0,0,1,1,0,0.0004808719,0,On Time,Low Risk
1771,3,1,5,5,189,4,0,0,16,3564,1,1,2,0,0,1,0,0.00061413966,0,On Time,Low Risk
1772,4,1,3,3,242,3,1,0,7,3127,1,0,1,0,1,1,0,0.039192628,0,On Time,Low Risk
1773,0,1,5,3,204,2,1,1,40,2181,1,1,0,1,0,0,0,0.00047165048,0,On Time,Low Risk
1774,1,1,3,1,229,3,2,1,2,3963,1,0,1,0,1,1,1,0.45852476,0,On Time,Medium Risk
1775,2,1,3,5,180,2,1,1,33,1444,1,0,0,1,0,0,0,0.0006770116,0,On Time,Low Risk
1776,4,1,5,5,190,4,2,1,12,2947,1,1,2,1,0,1,0,0.000560656,0,On Time,Low Risk
1777,3,0,6,1,154,5,2,1,19,1842,1,1,2,1,0,1,1,0.0020336166,0,On Time,Low Risk
1778,4,0,4,3,134,3,1,0,21,1955,1,1,2,1,0,1,0,0.0011248427,0,On Time,Low Risk
1779,0,0,3,3,206,2,2,1,62,3558,1,0,0,0,0,0,0,0.00032183024,0,On Time,Low Risk
1780,1,0,3,2,169,2,2,1,61,1511,1,0,0,1,0,0,1,0.000872987,0,On Time,Low Risk
1781,2,0,4,2,237,2,2,0,6,2965,1,1,1,1,1,0,1,0.03879076,0,On Time,Low Risk
1782,4,0,4,4,146,2,1,1,52,1459,1,1,0,1,0,0,0,0.0005985969,0,On Time,Low Risk
1783,3,0,5,2,187,3,2,1,11,2936,1,1,2,1,0,1,1,0.0006000509,0,On Time,Low Risk
1784,4,0,5,4,206,3,1,1,53,2182,1,1,0,1,0,1,0,0.00046781584,0,On Time,Low Risk
1785,0,0,5,3,208,4,2,1,10,2419,1,1,1,1,0,1,0,0.082813255,0,On Time,Low Risk
1786,1,0,4,2,149,4,1,1,40,1102,1,1,0,1,0,1,1,0.0010405816,0,On Time,Low Risk
1787,2,0,6,2,148,4,1,1,56,1511,1,1,0,1,0,1,1,0.001756452,0,On Time,Low Risk
1788,4,0,4,2,135,2,1,1,54,1011,1,1,0,1,0,0,1,0.0009719613,0,On Time,Low Risk
1789,3,0,4,1,242,3,2,0,35,3556,1,1,0,0,1,1,1,0.0004477753,0,On Time,Low Risk
1790,4,0,5,2,231,4,2,1,41,2992,1,1,0,1,1,1,1,0.0007470648,0,On Time,Low Risk
1791,0,0,6,2,205,5,2,0,61,2018,1,1,0,1,0,1,1,0.001428054,0,On Time,Low Risk
1792,1,0,4,4,137,2,2,1,37,1447,1,1,0,1,0,0,0,0.00041447094,0,On Time,Low Risk
1793,2,0,3,4,202,4,0,1,20,3655,1,0,2,0,0,1,0,0.00039904227,0,On Time,Low Risk
1794,4,0,3,1,163,3,2,1,59,1005,1,0,0,1,0,1,1,0.0005648612,0,On Time,Low Risk
1795,3,0,2,2,128,2,1,1,17,1824,1,0,2,1,0,0,1,0.0005637481,0,On Time,Low Risk
1796,4,0,3,3,165,3,0,1,35,1459,1,0,0,1,0,1,0,0.00051863655,0,On Time,Low Risk
1797,0,0,4,1,242,2,1,1,34,3966,1,1,0,0,1,0,1,0.0009832212,0,On Time,Low Risk
1798,1,0,5,4,229,2,2,1,9,3667,1,1,1,0,1,0,0,0.046290766,0,On Time,Low Risk
1799,2,2,5,1,191,3,1,1,56,3538,1,1,0,0,0,1,1,0.00034174533,0,On Time,Low Risk
1800,4,2,3,5,231,2,2,1,49,2341,1,0,0,1,1,0,0,0.000491772,0,On Time,Low Risk
1801,3,2,3,1,183,3,2,0,51,3863,1,0,0,0,0,1,1,0.00041452114,0,On Time,Low Risk
1802,4,2,3,1,195,3,0,1,5,3251,1,0,1,0,0,1,1,0.033808623,0,On Time,Low Risk
1803,0,2,3,5,249,2,1,0,26,2029,1,0,2,1,1,0,0,0.00046295894,0,On Time,Low Risk
1804,1,2,3,4,151,3,1,1,16,1020,1,0,2,1,0,1,0,0.0018726786,0,On Time,Low Risk
1805,2,2,4,1,140,2,1,1,60,1950,1,1,0,1,0,0,1,0.0009607006,0,On Time,Low Risk
1806,4,2,4,1,151,2,2,1,6,1114,1,1,1,1,0,0,1,0.23204724,0,On Time,Low Risk
1807,3,2,2,5,109,3,2,1,12,1715,1,0,2,1,0,1,0,0.0006233981,0,On Time,Low Risk
1808,4,2,5,1,180,2,1,1,35,1204,1,1,0,1,0,0,1,0.0011173598,0,On Time,Low Risk
1809,0,2,4,1,151,5,0,1,28,1148,1,1,2,1,0,1,1,0.00093339605,0,On Time,Low Risk
1810,1,2,2,1,188,3,1,1,62,2106,1,0,0,1,0,1,1,0.0004817191,0,On Time,Low Risk
1811,2,2,4,2,274,2,1,1,11,3013,1,1,2,0,1,0,1,0.00053149444,0,On Time,Low Risk
1812,4,2,3,5,187,2,2,0,50,2598,1,0,0,1,0,0,0,0.0004949978,0,On Time,Low Risk
1813,3,2,4,2,185,2,2,1,4,2212,1,1,1,1,0,0,1,0.03613566,0,On Time,Low Risk
1814,4,2,3,4,187,2,2,1,54,3290,1,0,0,0,0,0,0,0.0005553111,0,On Time,Low Risk
1815,0,2,5,4,260,3,1,1,43,2143,1,1,0,1,1,1,0,0.00050079246,0,On Time,Low Risk
1816,1,2,3,3,191,3,1,1,5,2007,1,0,1,1,0,1,0,0.093592376,0,On Time,Low Risk
1817,2,2,3,4,203,2,1,0,15,2281,1,0,2,1,0,0,0,0.000572938,0,On Time,Low Risk
1818,4,2,4,1,144,4,1,0,63,1881,1,1,0,1,0,1,1,0.0011426824,0,On Time,Low Risk
1819,3,2,5,2,281,4,0,0,5,3357,1,1,1,0,1,1,1,0.07234251,0,On Time,Low Risk
1820,4,2,2,3,169,3,2,1,48,1279,1,0,0,1,0,1,0,0.000859882,0,On Time,Low Risk
1821,0,2,4,3,201,2,2,0,18,3461,1,1,2,0,0,0,0,0.0003639443,0,On Time,Low Risk
1822,1,2,4,4,226,5,2,0,12,2708,1,1,2,1,1,1,0,0.0006314592,0,On Time,Low Risk
1823,2,2,6,3,176,5,1,0,7,1767,1,1,1,1,0,1,0,0.5358433,1,Late,Medium Risk
1824,4,2,3,5,228,4,2,1,57,2243,1,0,0,1,1,1,0,0.00055866624,0,On Time,Low Risk
1825,3,2,4,5,260,3,1,0,14,2071,1,1,2,1,1,1,0,0.00050323724,0,On Time,Low Risk
1826,4,2,4,5,268,3,1,1,17,3085,1,1,2,0,1,1,0,0.00050072325,0,On Time,Low Risk
1827,0,2,4,5,188,3,1,0,6,3361,1,1,1,0,0,1,0,0.03776019,0,On Time,Low Risk
1828,1,2,4,4,213,3,2,1,11,2037,1,1,2,1,0,1,0,0.0005696928,0,On Time,Low Risk
1829,2,2,4,4,259,2,2,1,44,2132,1,1,0,1,1,0,0,0.00035421154,0,On Time,Low Risk
1830,4,2,3,2,257,2,0,0,46,2848,1,0,0,1,1,0,1,0.0005399233,0,On Time,Low Risk
1831,3,2,4,5,163,3,1,1,38,1146,1,1,0,1,0,1,0,0.00095994584,0,On Time,Low Risk
1832,4,2,2,3,211,3,2,0,12,3296,1,0,2,0,0,1,0,0.00066364073,0,On Time,Low Risk
1833,0,2,3,4,166,2,2,0,58,1319,1,0,0,1,0,0,0,0.00085969275,0,On Time,Low Risk
1834,1,2,3,5,245,4,0,0,26,2072,1,0,2,1,1,1,0,0.0005519315,0,On Time,Low Risk
1835,2,2,5,5,234,2,2,1,44,2548,1,1,0,1,1,0,0,0.00048849254,0,On Time,Low Risk
1836,4,2,4,2,234,2,0,1,27,3393,1,1,2,0,1,0,1,0.00060738693,0,On Time,Low Risk
1837,3,2,3,1,180,3,1,1,52,1838,1,0,0,1,0,1,1,0.0007021095,0,On Time,Low Risk
1838,4,2,4,5,217,4,2,1,37,2128,1,1,0,1,1,1,0,0.0005823494,0,On Time,Low Risk
1839,0,2,4,1,253,3,1,1,31,3632,1,1,0,0,1,1,1,0.0005316087,0,On Time,Low Risk
1840,1,2,3,2,188,3,2,1,3,3837,1,0,1,0,0,1,1,0.042165156,0,On Time,Low Risk
1841,2,2,2,3,274,3,0,0,24,3829,1,0,2,0,1,1,0,0.0004823706,0,On Time,Low Risk
1842,4,2,3,4,136,2,2,0,54,1056,1,0,0,1,0,0,0,0.0007787911,0,On Time,Low Risk
1843,3,2,3,5,143,2,1,1,17,1422,1,0,2,1,0,0,0,0.0008105746,0,On Time,Low Risk
1844,4,2,3,1,267,3,1,0,57,3257,1,0,0,0,1,1,1,0.00045672804,0,On Time,Low Risk
1845,0,2,3,4,198,2,2,0,20,2266,1,0,2,1,0,0,0,0.00047469974,0,On Time,Low Risk
1846,1,2,4,4,201,10,2,1,17,2059,1,1,2,1,0,1,0,0.0008721805,0,On Time,Low Risk
1847,2,2,3,5,241,10,2,0,31,2724,1,0,0,1,1,1,0,0.0005220588,0,On Time,Low Risk
1848,4,2,5,1,269,3,2,0,2,2136,1,1,1,1,1,1,1,0.035039324,0,On Time,Low Risk
1849,3,2,5,5,123,2,1,0,60,1653,1,1,0,1,0,0,0,0.00073623384,0,On Time,Low Risk
1850,4,2,3,2,178,2,1,1,32,1329,1,0,0,1,0,0,1,0.001069354,0,On Time,Low Risk
1851,0,2,3,4,203,3,1,1,18,3127,1,0,2,0,0,1,0,0.0006026513,0,On Time,Low Risk
1852,1,2,3,1,169,10,2,0,15,1107,1,0,2,1,0,1,1,0.001394395,0,On Time,Low Risk
1853,2,2,3,5,190,10,2,0,27,2739,1,0,2,1,0,1,0,0.0005066231,0,On Time,Low Risk
1854,4,2,3,3,190,7,2,0,7,2400,1,0,1,1,0,1,0,0.062248472,0,On Time,Low Risk
1855,3,2,4,5,238,10,2,1,38,3556,1,1,0,0,1,1,0,0.000738506,0,On Time,Low Risk
1856,4,2,5,5,247,10,2,0,61,2206,1,1,0,1,1,1,0,0.00072154833,0,On Time,Low Risk
1857,0,2,4,1,190,10,1,0,35,3819,1,1,0,0,0,1,1,0.00049984467,0,On Time,Low Risk
1858,1,2,3,5,168,3,1,0,5,1143,1,0,1,1,0,1,0,0.17344472,0,On Time,Low Risk
1859,2,2,2,2,190,3,1,1,51,2380,1,0,0,1,0,1,1,0.00034449814,0,On Time,Low Risk
1860,4,2,2,5,170,8,1,1,14,1396,1,0,2,1,0,1,0,0.0014518414,0,On Time,Low Risk
1861,3,2,4,4,226,7,1,1,9,2182,1,1,1,1,1,1,0,0.076498725,0,On Time,Low Risk
1862,4,2,5,1,256,7,1,0,50,3837,1,1,0,0,1,1,1,0.0007152985,0,On Time,Low Risk
1863,0,2,2,1,104,7,1,1,30,1870,1,0,2,1,0,1,1,0.00052655285,0,On Time,Low Risk
1864,1,2,4,1,192,3,2,0,29,3347,1,1,2,0,0,1,1,0.0003453447,0,On Time,Low Risk
1865,2,2,4,3,213,3,2,1,57,3599,1,1,0,0,0,1,0,0.0004680141,0,On Time,Low Risk
1866,4,2,4,2,259,2,2,1,54,2244,1,1,0,1,1,0,1,0.00045834546,0,On Time,Low Risk
1867,3,2,3,4,257,2,0,1,15,3981,1,0,2,0,1,0,0,0.0008521272,0,On Time,Low Risk
1868,4,2,4,3,163,3,1,1,52,1891,1,1,0,1,0,1,0,0.0008458102,0,On Time,Low Risk
1869,0,2,2,3,211,3,2,0,55,3842,1,0,0,0,0,1,0,0.00049676583,0,On Time,Low Risk
1870,1,2,3,2,166,2,2,0,45,1741,1,0,0,1,0,0,1,0.0007101914,0,On Time,Low Risk
1871,2,2,3,1,245,4,0,0,47,3111,1,0,0,0,1,1,1,0.00044004718,0,On Time,Low Risk
1872,4,2,5,5,234,2,2,0,43,3822,1,1,0,0,1,0,0,0.0006235847,0,On Time,Low Risk
1873,3,2,4,4,234,2,0,1,2,2008,1,1,1,1,1,0,0,0.12795053,0,On Time,Low Risk
1874,4,2,3,4,180,3,1,0,52,1727,1,0,0,1,0,1,0,0.0006010629,0,On Time,Low Risk
1875,0,2,4,5,217,4,2,0,12,2217,1,1,2,1,1,1,0,0.00062554015,0,On Time,Low Risk
1876,1,2,4,5,253,3,1,0,58,3096,1,1,0,0,1,1,0,0.0005292219,0,On Time,Low Risk
1877,2,2,3,4,188,3,2,0,49,3221,1,0,0,0,0,1,0,0.00053044886,0,On Time,Low Risk
1878,4,2,2,2,274,3,0,0,60,2053,1,0,0,1,1,1,1,0.00033739736,0,On Time,Low Risk
1879,3,2,3,1,136,2,2,0,61,1509,1,0,0,1,0,0,1,0.00050358777,0,On Time,Low Risk
1880,4,2,3,1,143,2,1,0,63,1246,1,0,0,1,0,0,1,0.0009710089,0,On Time,Low Risk
1881,0,2,3,4,267,3,1,0,55,2923,1,0,0,1,1,1,0,0.0004458599,0,On Time,Low Risk
1882,1,2,3,1,198,2,2,0,49,3573,1,0,0,0,0,0,1,0.00044756473,0,On Time,Low Risk
1883,2,2,4,1,201,10,2,1,37,3402,1,1,0,0,0,1,1,0.00081390934,0,On Time,Low Risk
1884,4,2,3,5,241,10,2,1,41,3015,1,0,0,0,1,1,0,0.0006011039,0,On Time,Low Risk
1885,3,2,5,4,269,3,2,0,51,3415,1,1,0,0,1,1,0,0.00049994903,0,On Time,Low Risk
1886,4,2,5,3,123,2,1,0,30,1068,1,1,2,1,0,0,0,0.00077262253,0,On Time,Low Risk
1887,0,2,3,4,178,2,1,0,35,1183,1,0,0,1,0,0,0,0.00087735493,0,On Time,Low Risk
1888,1,2,3,5,203,3,1,0,58,3231,1,0,0,0,0,1,0,0.0004611087,0,On Time,Low Risk
1889,2,2,3,2,169,10,2,0,4,1665,1,0,1,1,0,1,1,0.23233625,0,On Time,Low Risk
1890,4,2,3,4,190,10,2,0,38,2018,1,0,0,1,0,1,0,0.001646338,0,On Time,Low Risk
1891,3,2,3,4,190,7,2,0,51,2391,1,0,0,1,0,1,0,0.00066077453,0,On Time,Low Risk
1892,4,1,4,5,238,10,2,0,44,3860,1,1,0,0,1,1,0,0.000627502,0,On Time,Low Risk
1893,0,1,5,1,247,10,2,0,57,2377,1,1,0,1,1,1,1,0.00090780185,0,On Time,Low Risk
1894,1,1,4,3,190,10,1,1,34,3935,1,1,0,0,0,1,0,0.0005343709,0,On Time,Low Risk
1895,2,1,3,2,168,3,1,1,15,1862,1,0,2,1,0,1,1,0.0010828767,0,On Time,Low Risk
1896,4,1,2,1,190,3,1,1,59,2108,1,0,0,1,0,1,1,0.0003733193,0,On Time,Low Risk
1897,3,1,2,3,170,8,1,1,61,1240,1,0,0,1,0,1,0,0.0010950821,0,On Time,Low Risk
1898,4,1,4,1,226,7,1,1,41,2964,1,1,0,1,1,1,1,0.00071991363,0,On Time,Low Risk
1899,0,1,5,2,256,7,1,0,41,2758,1,1,0,1,1,1,1,0.0007205774,0,On Time,Low Risk
1900,1,1,2,5,104,7,1,1,12,1064,1,0,2,1,0,1,0,0.00086765725,0,On Time,Low Risk
1901,2,1,4,4,192,3,2,1,39,2943,1,1,0,1,0,1,0,0.00031003272,0,On Time,Low Risk
1902,4,1,5,2,195,6,1,1,38,1338,1,1,0,1,0,1,1,0.0012175895,0,On Time,Low Risk
1903,3,1,3,5,271,4,1,1,51,1134,1,0,0,1,1,1,0,0.001399479,0,On Time,Low Risk
1904,4,1,2,1,296,5,2,1,29,1648,1,0,2,1,1,1,1,0.0014415606,0,On Time,Low Risk
1905,0,1,4,5,277,5,2,0,32,1055,1,1,0,1,1,1,0,0.0011828713,0,On Time,Low Risk
1906,1,1,2,4,140,3,1,1,32,1819,1,0,0,1,0,1,0,0.0009836887,0,On Time,Low Risk
1907,2,1,4,1,148,3,0,0,23,1814,1,1,2,1,0,1,1,0.0006213745,0,On Time,Low Risk
1908,4,1,4,5,238,2,1,0,1,2644,1,1,1,1,1,0,0,0.035617102,0,On Time,Low Risk
1909,3,1,5,3,220,3,1,1,37,2294,1,1,0,1,1,1,0,0.0005485446,0,On Time,Low Risk
1910,4,1,4,4,224,3,1,1,29,3623,1,1,2,0,1,1,0,0.00057891605,0,On Time,Low Risk
1911,0,1,4,5,162,3,1,0,31,1170,1,1,0,1,0,1,0,0.0009180033,0,On Time,Low Risk
1912,1,1,4,2,202,4,1,0,1,3602,1,1,1,0,0,1,1,0.10141721,0,On Time,Low Risk
1913,2,1,3,5,226,3,2,1,5,3914,1,0,1,0,1,1,0,0.028993635,0,On Time,Low Risk
1914,4,0,4,3,246,2,1,1,60,2086,1,1,0,1,1,0,0,0.00044968695,0,On Time,Low Risk
1915,3,0,5,2,223,3,1,0,51,3687,1,1,0,0,1,1,1,0.0005795871,0,On Time,Low Risk
1916,4,0,5,2,156,2,2,1,19,1311,1,1,2,1,0,0,1,0.00075297925,0,On Time,Low Risk
1917,0,0,2,5,189,2,1,1,38,3708,1,0,0,0,0,0,0,0.00050002144,0,On Time,Low Risk
1918,1,0,5,4,242,3,0,0,2,3564,1,1,1,0,1,1,0,0.026128286,0,On Time,Low Risk
1919,2,0,4,5,207,2,2,0,49,3736,1,1,0,0,0,0,0,0.00031746004,0,On Time,Low Risk
1920,4,0,3,3,161,3,1,0,24,1920,1,0,2,1,0,1,0,0.00094690744,0,On Time,Low Risk
1921,3,0,4,5,232,2,1,0,21,3128,1,1,2,0,1,0,0,0.0005093276,0,On Time,Low Risk
1922,4,0,6,4,194,3,1,1,10,2554,1,1,1,1,0,1,0,0.043654036,0,On Time,Low Risk
1923,0,0,5,5,161,3,2,0,59,1037,1,1,0,1,0,1,0,0.0008009983,0,On Time,Low Risk
1924,1,0,4,1,269,3,2,0,23,3652,1,1,2,0,1,1,1,0.00048679984,0,On Time,Low Risk
1925,2,0,3,3,219,2,1,0,41,3932,1,0,0,0,1,0,0,0.00038089318,0,On Time,Low Risk
1926,4,0,5,2,161,2,2,0,59,1859,1,1,0,1,0,0,1,0.0012222026,0,On Time,Low Risk
1927,3,0,3,1,264,4,1,1,33,3561,1,0,0,0,1,1,1,0.0005927159,0,On Time,Low Risk
1928,4,0,5,2,151,3,2,1,20,1395,1,1,2,1,0,1,1,0.0008590401,0,On Time,Low Risk
1929,0,0,5,5,177,2,0,0,31,2000,1,1,0,1,0,0,0,0.00084449066,0,On Time,Low Risk
1930,1,0,2,5,193,5,2,0,13,2882,1,0,2,1,0,1,0,0.00065009366,0,On Time,Low Risk
1931,2,0,4,4,212,4,2,1,16,2494,1,1,2,1,0,1,0,0.00068839086,0,On Time,Low Risk
1932,4,0,4,1,210,2,2,0,7,3405,1,1,1,0,0,0,1,0.041462954,0,On Time,Low Risk
1933,3,0,4,2,164,2,2,0,43,1976,1,1,0,1,0,0,1,0.0010448213,0,On Time,Low Risk
1934,4,0,4,2,219,3,1,1,2,3402,1,1,1,0,1,1,1,0.042487405,0,On Time,Low Risk
1935,0,0,4,4,216,4,2,1,27,3740,1,1,2,0,1,1,0,0.0006595247,0,On Time,Low Risk
1936,1,2,5,2,174,2,2,1,54,1091,1,1,0,1,0,0,1,0.0008897061,0,On Time,Low Risk
1937,2,2,3,5,199,2,1,1,46,2728,1,0,0,1,0,0,0,0.00037743602,0,On Time,Low Risk
1938,4,2,3,4,181,3,1,1,45,2486,1,0,0,1,0,1,0,0.00041853005,0,On Time,Low Risk
1939,3,2,3,2,220,3,1,1,22,2818,1,0,2,1,1,1,1,0.0005643584,0,On Time,Low Risk
1940,4,2,3,1,215,2,1,0,47,3678,1,0,0,0,1,0,1,0.0006661593,0,On Time,Low Risk
1941,0,2,4,5,248,4,0,0,56,2840,1,1,0,1,1,1,0,0.0005300827,0,On Time,Low Risk
1942,1,2,3,2,183,4,1,1,49,2414,1,0,0,1,0,1,1,0.00053159834,0,On Time,Low Risk
1943,2,2,4,2,194,4,2,0,26,3818,1,1,2,0,0,1,1,0.0007886401,0,On Time,Low Risk
1944,4,2,4,4,224,2,0,0,31,2084,1,1,0,1,1,0,0,0.00034071004,0,On Time,Low Risk
1945,3,2,4,4,184,3,1,0,52,3128,1,1,0,0,0,1,0,0.00039342704,0,On Time,Low Risk
1946,4,2,4,1,160,2,1,1,28,1276,1,1,2,1,0,0,1,0.0008650899,0,On Time,Low Risk
1947,0,2,5,1,182,3,1,1,8,3580,1,1,1,0,0,1,1,0.049669337,0,On Time,Low Risk
1948,1,2,3,2,116,2,1,0,22,1430,1,0,2,1,0,0,1,0.0006518473,0,On Time,Low Risk
1949,2,2,4,4,170,4,1,1,39,1868,1,1,0,1,0,1,0,0.0010734024,0,On Time,Low Risk
1950,4,2,5,1,201,2,2,0,54,2158,1,1,0,1,0,0,1,0.0007181499,0,On Time,Low Risk
1951,3,2,4,3,148,2,1,1,29,1809,1,1,2,1,0,0,0,0.0006967663,0,On Time,Low Risk
1952,4,2,5,1,165,3,1,0,27,1905,1,1,2,1,0,1,1,0.0014222026,0,On Time,Low Risk
1953,0,2,3,5,135,3,1,1,20,1772,1,0,2,1,0,1,0,0.0009333365,0,On Time,Low Risk
1954,1,2,4,4,263,2,2,0,41,3955,1,1,0,0,1,0,0,0.00040703826,0,On Time,Low Risk
1955,2,2,5,4,228,3,2,1,20,3382,1,1,2,0,1,1,0,0.0005584552,0,On Time,Low Risk
1956,4,2,6,5,275,5,2,1,51,3569,1,1,0,0,1,1,0,0.000695535,0,On Time,Low Risk
1957,3,2,4,1,224,3,1,1,27,3400,1,1,2,0,1,1,1,0.0005553584,0,On Time,Low Risk
1958,4,2,3,1,202,3,1,0,1,3738,1,0,1,0,0,1,1,0.044207726,0,On Time,Low Risk
1959,0,2,4,2,163,3,1,0,11,1926,1,1,2,1,0,1,1,0.00085341634,0,On Time,Low Risk
1960,1,2,4,5,268,3,1,0,64,2386,1,1,0,1,1,1,0,0.00043865817,0,On Time,Low Risk
1961,2,2,3,3,207,3,1,0,62,3277,1,0,0,0,0,1,0,0.0005072571,0,On Time,Low Risk
1962,4,2,2,3,117,2,2,1,36,1210,1,0,0,1,0,0,0,0.0008171557,0,On Time,Low Risk
1963,3,2,2,1,165,4,1,0,57,1881,1,0,0,1,0,1,1,0.0010752574,0,On Time,Low Risk
1964,4,2,3,3,181,2,0,1,65,3234,1,0,0,0,0,0,0,0.00032703948,0,On Time,Low Risk
1965,0,2,6,5,212,4,2,0,13,3676,1,1,2,0,0,1,0,0.0011094465,0,On Time,Low Risk
1966,1,2,3,4,226,3,2,0,26,2299,1,0,2,1,1,1,0,0.0004803728,0,On Time,Low Risk
1967,2,2,4,1,195,3,1,1,43,2849,1,1,0,1,0,1,1,0.0005565648,0,On Time,Low Risk
1968,4,2,4,5,263,2,2,1,13,2779,1,1,2,1,1,0,0,0.00053960155,0,On Time,Low Risk
1969,3,2,4,4,136,2,2,0,16,1131,1,1,2,1,0,0,0,0.0005640857,0,On Time,Low Risk
1970,4,2,3,5,163,2,1,0,49,1034,1,0,0,1,0,0,0,0.0009985309,0,On Time,Low Risk
1971,0,2,5,2,144,3,1,1,49,1202,1,1,0,1,0,1,1,0.0007044006,0,On Time,Low Risk
1972,1,2,4,4,240,3,1,0,62,3478,1,1,0,0,1,1,0,0.0004557506,0,On Time,Low Risk
1973,2,2,4,5,243,2,1,1,19,2829,1,1,2,1,1,0,0,0.00047162396,0,On Time,Low Risk
1974,4,2,5,1,201,3,2,1,19,2696,1,1,2,1,0,1,1,0.00074480893,0,On Time,Low Risk
1975,3,2,5,3,242,3,1,1,58,3411,1,1,0,0,1,1,0,0.0005848865,0,On Time,Low Risk
1976,4,2,3,1,187,2,0,1,56,3774,1,0,0,0,0,0,1,0.00046505147,0,On Time,Low Risk
1977,0,2,4,3,162,3,1,1,53,1194,1,1,0,1,0,1,0,0.00063516037,0,On Time,Low Risk
1978,1,2,3,3,147,3,1,1,16,1563,1,0,2,1,0,1,0,0.0006531613,0,On Time,Low Risk
1979,2,2,3,4,268,2,0,0,39,2822,1,0,0,1,1,0,0,0.000411591,0,On Time,Low Risk
1980,4,2,4,3,237,3,1,1,57,3952,1,1,0,0,1,1,0,0.0005286885,0,On Time,Low Risk
1981,3,2,3,2,157,2,1,1,29,1115,1,0,2,1,0,0,1,0.0007788386,0,On Time,Low Risk
1982,4,2,4,2,176,3,2,0,12,1750,1,1,2,1,0,1,1,0.0008645526,0,On Time,Low Risk
1983,0,2,4,5,134,4,1,1,36,1191,1,1,0,1,0,1,0,0.0010867355,0,On Time,Low Risk
1984,1,2,3,4,234,2,2,1,52,3543,1,0,0,0,1,0,0,0.00041253355,0,On Time,Low Risk
1985,2,2,3,3,154,2,1,0,57,1096,1,0,0,1,0,0,0,0.00049482065,0,On Time,Low Risk
1986,4,2,2,1,209,5,1,0,64,2016,1,0,0,1,0,1,1,0.0011891503,0,On Time,Low Risk
1987,3,2,5,4,138,2,2,1,38,1803,1,1,0,1,0,0,0,0.0007840934,0,On Time,Low Risk
1988,4,2,2,3,151,3,2,1,22,1024,1,0,2,1,0,1,0,0.001114727,0,On Time,Low Risk
1989,0,2,4,4,252,6,2,1,44,2676,1,1,0,1,1,1,0,0.0005098476,0,On Time,Low Risk
1990,1,2,3,1,155,2,2,0,6,1490,1,0,1,1,0,0,1,0.108763166,0,On Time,Low Risk
1991,2,2,3,3,139,4,0,1,17,1137,1,0,2,1,0,1,0,0.0008544213,0,On Time,Low Risk
1992,4,2,4,5,258,3,2,0,37,2289,1,1,0,1,1,1,0,0.00038351567,0,On Time,Low Risk
1993,3,2,4,2,172,3,1,1,1,1182,1,1,1,1,0,1,1,0.17725736,0,On Time,Low Risk
1994,4,2,4,3,239,3,1,0,28,2741,1,1,2,1,1,1,0,0.0005616902,0,On Time,Low Risk
1995,0,2,3,1,165,3,1,0,1,1417,1,0,1,1,0,1,1,0.0632256,0,On Time,Low Risk
1996,1,2,4,5,177,2,1,1,47,1536,1,1,0,1,0,0,0,0.0008526532,0,On Time,Low Risk
1997,2,2,5,1,187,2,1,0,17,3513,1,1,2,0,0,0,1,0.0007876878,0,On Time,Low Risk
1998,4,2,6,2,172,2,1,1,41,1006,1,1,0,1,0,0,1,0.0019175565,0,On Time,Low Risk
1999,3,2,4,4,168,3,1,0,35,1434,1,1,0,1,0,1,0,0.0006940097,0,On Time,Low Risk
2000,4,2,3,4,249,3,1,1,31,3489,1,0,0,0,1,1,0,0.0004829524,0,On Time,Low Risk
2001,0,2,4,3,135,3,2,0,11,1322,1,1,2,1,0,1,0,0.00066173245,0,On Time,Low Risk
2002,1,2,4,3,134,3,2,1,13,1985,1,1,2,1,0,1,0,0.0009471425,0,On Time,Low Risk
2003,2,2,3,1,269,2,1,0,35,3524,1,0,0,0,1,0,1,0.00044958194,0,On Time,Low Risk
2004,4,2,6,5,210,5,0,1,37,3236,1,1,0,0,0,1,0,0.00084737595,0,On Time,Low Risk
2005,3,2,5,4,285,6,0,1,63,3151,1,1,0,0,1,1,0,0.0003891577,0,On Time,Low Risk
2006,4,2,4,2,244,2,2,1,15,2857,1,1,2,1,1,0,1,0.000630965,0,On Time,Low Risk
2007,0,2,3,2,209,2,1,0,24,2748,1,0,2,1,0,0,1,0.0005467122,0,On Time,Low Risk
2008,1,2,4,3,154,3,2,1,52,1432,1,1,0,1,0,1,0,0.00038118288,0,On Time,Low Risk
2009,2,2,3,2,134,3,2,0,54,1932,1,0,0,1,0,1,1,0.0012109148,0,On Time,Low Risk
2010,4,2,3,5,168,4,2,1,23,1347,1,0,2,1,0,1,0,0.0010790614,0,On Time,Low Risk
2011,3,2,4,5,264,3,2,1,57,3753,1,1,0,0,1,1,0,0.00044941035,0,On Time,Low Risk
2012,4,2,4,2,276,6,0,0,36,2843,1,1,0,1,1,1,1,0.00035075343,0,On Time,Low Risk
2013,0,2,3,4,195,3,2,1,23,3499,1,0,2,0,0,1,0,0.00057765003,0,On Time,Low Risk
2014,1,2,5,3,174,5,2,1,47,1909,1,1,0,1,0,1,0,0.001276457,0,On Time,Low Risk
2015,2,2,3,4,241,3,1,0,50,3074,1,0,0,0,1,1,0,0.00047832145,0,On Time,Low Risk
2016,4,2,5,5,166,3,2,0,20,1267,1,1,2,1,0,1,0,0.0008514804,0,On Time,Low Risk
2017,3,2,3,2,190,3,1,1,37,3315,1,0,0,0,0,1,1,0.00040178027,0,On Time,Low Risk
2018,4,2,3,1,231,2,1,0,12,2123,1,0,2,1,1,0,1,0.0005435764,0,On Time,Low Risk
2019,0,2,5,4,206,4,1,0,3,3755,1,1,1,0,0,1,0,0.09617543,0,On Time,Low Risk
2020,1,2,4,4,212,3,2,1,50,2073,1,1,0,1,0,1,0,0.00049958384,0,On Time,Low Risk
2021,2,2,3,5,212,3,1,0,2,2456,1,0,1,1,0,1,0,0.027261805,0,On Time,Low Risk
2022,4,2,4,5,246,6,1,1,64,2271,1,1,0,1,1,1,0,0.00055416214,0,On Time,Low Risk
2023,3,2,4,4,264,2,2,0,12,2203,1,1,2,1,1,0,0,0.0005412883,0,On Time,Low Risk
2024,4,2,3,4,208,2,1,0,37,2537,1,0,0,1,0,0,0,0.0005778733,0,On Time,Low Risk
2025,0,2,3,4,210,3,1,0,7,2878,1,0,1,1,0,1,0,0.02807516,0,On Time,Low Risk
2026,1,2,3,2,183,3,1,0,44,2896,1,0,0,1,0,1,1,0.00039695497,0,On Time,Low Risk
2027,2,2,4,2,265,3,1,0,41,3498,1,1,0,0,1,1,1,0.00046724206,0,On Time,Low Risk
2028,4,2,3,5,187,3,1,1,20,2374,1,0,2,1,0,1,0,0.0005267873,0,On Time,Low Risk
2029,3,1,2,4,183,3,1,0,12,3090,1,0,2,0,0,1,0,0.00048290036,0,On Time,Low Risk
2030,4,1,3,3,176,2,1,0,58,1730,1,0,0,1,0,0,0,0.0006001399,0,On Time,Low Risk
2031,0,1,4,5,266,3,2,1,5,3718,1,1,1,0,1,1,0,0.043281313,0,On Time,Low Risk
2032,1,1,3,2,143,4,2,0,22,1249,1,0,2,1,0,1,1,0.000802615,0,On Time,Low Risk
2033,2,1,3,4,195,2,2,0,32,3719,1,0,0,0,0,0,0,0.00048354798,0,On Time,Low Risk
2034,4,1,3,2,264,4,0,0,32,2754,1,0,0,1,1,1,1,0.0005957386,0,On Time,Low Risk
2035,3,1,3,5,243,2,2,1,42,3421,1,0,0,0,1,0,0,0.0005291485,0,On Time,Low Risk
2036,4,1,5,2,142,2,1,0,55,1758,1,1,0,1,0,0,1,0.0012647393,0,On Time,Low Risk
2037,0,1,4,2,172,2,1,1,23,1019,1,1,2,1,0,0,1,0.0011795773,0,On Time,Low Risk
2038,1,1,4,1,280,3,2,1,2,3366,1,1,1,0,1,1,1,0.06526102,0,On Time,Low Risk
2039,2,1,3,2,254,2,1,1,37,2469,1,0,0,1,1,0,1,0.00060005725,0,On Time,Low Risk
2040,4,1,5,2,202,3,2,1,34,3885,1,1,0,0,0,1,1,0.00051445985,0,On Time,Low Risk
2041,3,1,5,3,110,5,1,1,21,1011,1,1,2,1,0,1,0,0.0007768029,0,On Time,Low Risk
2042,4,1,4,4,162,2,2,1,30,1158,1,1,2,1,0,0,0,0.0008558701,0,On Time,Low Risk
2043,0,1,3,3,183,3,2,1,21,2585,1,0,2,1,0,1,0,0.00042718998,0,On Time,Low Risk
2044,1,1,4,2,260,2,1,0,31,2805,1,1,0,1,1,0,1,0.00055632694,0,On Time,Low Risk
2045,2,1,3,5,109,5,1,1,27,1581,1,0,2,1,0,1,0,0.0004949185,0,On Time,Low Risk
2046,4,1,3,3,273,4,1,1,12,2151,1,0,2,1,1,1,0,0.0006296983,0,On Time,Low Risk
2047,3,1,5,2,262,6,2,1,10,3164,1,1,1,0,1,1,1,0.12672292,0,On Time,Low Risk
2048,4,1,2,4,239,5,1,0,59,2181,1,0,0,1,1,1,0,0.0005221743,0,On Time,Low Risk
2049,0,1,3,2,185,2,0,0,49,3864,1,0,0,0,0,0,1,0.00036421974,0,On Time,Low Risk
2050,1,1,4,4,248,3,2,1,59,2868,1,1,0,1,1,1,0,0.0005218021,0,On Time,Low Risk
2051,2,0,5,4,180,2,1,1,52,1122,1,1,0,1,0,0,0,0.00065923505,0,On Time,Low Risk
2052,4,0,4,5,221,3,1,0,43,3561,1,1,0,0,1,1,0,0.00044841517,0,On Time,Low Risk
2053,3,0,3,5,162,2,1,1,28,1948,1,0,2,1,0,0,0,0.0008058813,0,On Time,Low Risk
2054,4,0,2,5,162,4,2,1,49,1671,1,0,0,1,0,1,0,0.0009442812,0,On Time,Low Risk
2055,0,0,3,1,145,2,1,1,28,1313,1,0,2,1,0,0,1,0.00084069464,0,On Time,Low Risk
2056,1,0,5,3,228,3,2,0,38,3631,1,1,0,0,1,1,0,0.00048425142,0,On Time,Low Risk
2057,2,0,3,4,196,3,1,1,47,2447,1,0,0,1,0,1,0,0.0003732604,0,On Time,Low Risk
2058,4,0,3,4,254,2,0,1,56,3266,1,0,0,0,1,0,0,0.00050444796,0,On Time,Low Risk
2059,3,0,5,2,215,2,2,1,46,3942,1,1,0,0,1,0,1,0.00059310836,0,On Time,Low Risk
2060,4,0,5,2,265,3,2,0,33,2734,1,1,0,1,1,1,1,0.0005206562,0,On Time,Low Risk
2061,0,0,3,2,173,3,0,1,60,1582,1,0,0,1,0,1,1,0.0006039505,0,On Time,Low Risk
2062,1,0,4,2,233,7,2,1,64,3146,1,1,0,0,1,1,1,0.0007398577,0,On Time,Low Risk
2063,2,0,4,3,213,2,1,1,27,2034,1,1,2,1,0,0,0,0.00049976056,0,On Time,Low Risk
2064,4,0,4,1,124,2,2,1,22,1714,1,1,2,1,0,0,1,0.00056943466,0,On Time,Low Risk
2065,3,0,3,4,156,4,2,0,7,1492,1,0,1,1,0,1,0,0.31420678,0,On Time,Medium Risk
2066,4,0,3,1,265,3,2,1,11,2194,1,0,2,1,1,1,1,0.000539886,0,On Time,Low Risk
2067,0,0,3,1,139,3,0,0,6,1269,1,0,1,1,0,1,1,0.033934124,0,On Time,Low Risk
2068,1,0,2,4,225,10,0,1,46,2690,1,0,0,1,1,1,0,0.0005354693,0,On Time,Low Risk
2069,2,0,5,4,178,7,2,0,36,1179,1,1,0,1,0,1,0,0.0009199086,0,On Time,Low Risk
2070,4,0,3,4,190,10,2,0,32,2064,1,0,0,1,0,1,0,0.0007027612,0,On Time,Low Risk
2071,3,0,3,4,272,10,2,1,63,2455,1,0,0,1,1,1,0,0.0006279289,0,On Time,Low Risk
2072,4,0,3,1,153,2,2,0,51,1841,1,0,0,1,0,0,1,0.0007555925,0,On Time,Low Risk
2073,0,2,3,1,235,10,1,1,7,2991,1,0,1,1,1,1,1,0.0903233,0,On Time,Low Risk
2074,1,2,5,1,214,3,1,1,33,2562,1,1,0,1,0,1,1,0.0007108045,0,On Time,Low Risk
2075,2,2,3,4,175,2,1,0,2,1072,1,0,1,1,0,0,0,0.1209928,0,On Time,Low Risk
2076,4,2,3,1,176,3,1,0,63,1420,1,0,0,1,0,1,1,0.0005868398,0,On Time,Low Risk
2077,3,2,3,4,172,10,0,0,23,1875,1,0,2,1,0,1,0,0.0013375137,0,On Time,Low Risk
2078,4,2,5,2,195,6,1,1,35,1852,1,1,0,1,0,1,1,0.0016028839,0,On Time,Low Risk
2079,0,2,3,5,271,4,1,0,10,1679,1,0,1,1,1,1,0,0.5377714,1,Late,Medium Risk
2080,1,2,5,4,228,3,2,1,42,3145,1,1,0,0,1,1,0,0.00050355203,0,On Time,Low Risk
2081,2,2,3,4,196,3,1,0,52,2129,1,0,0,1,0,1,0,0.00046388945,0,On Time,Low Risk
2082,4,2,3,1,254,2,0,0,60,3590,1,0,0,0,1,0,1,0.0005264738,0,On Time,Low Risk
2083,3,2,5,4,215,2,2,1,34,2713,1,1,0,1,1,0,0,0.00066389,0,On Time,Low Risk
2084,4,2,5,5,265,3,2,1,46,3997,1,1,0,0,1,1,0,0.0009207039,0,On Time,Low Risk
2085,0,2,3,2,173,3,0,1,40,1723,1,0,0,1,0,1,1,0.0005681582,0,On Time,Low Risk
2086,1,2,4,2,233,7,2,1,56,3925,1,1,0,0,1,1,1,0.00068650435,0,On Time,Low Risk
2087,2,2,4,4,213,2,1,0,27,2938,1,1,2,1,0,0,0,0.00056550984,0,On Time,Low Risk
2088,4,2,4,2,124,2,2,1,50,1592,1,1,0,1,0,0,1,0.0006312567,0,On Time,Low Risk
2089,3,2,3,5,156,4,2,0,26,1769,1,0,2,1,0,1,0,0.00078562106,0,On Time,Low Risk
2090,4,2,3,1,265,3,2,0,61,3010,1,0,0,0,1,1,1,0.00045379848,0,On Time,Low Risk
2091,0,2,3,2,139,3,0,0,4,1546,1,0,1,1,0,1,1,0.030580672,0,On Time,Low Risk
2092,1,2,2,4,225,10,0,1,56,3384,1,0,0,0,1,1,0,0.00055736746,0,On Time,Low Risk
2093,2,2,5,4,178,7,2,1,52,1824,1,1,0,1,0,1,0,0.0012707436,0,On Time,Low Risk
2094,4,2,3,3,190,10,2,1,4,3062,1,0,1,0,0,1,0,0.0793618,0,On Time,Low Risk
2095,3,2,3,5,272,10,2,1,59,2182,1,0,0,1,1,1,0,0.0005747347,0,On Time,Low Risk
2096,4,2,3,4,153,2,2,1,37,1740,1,0,0,1,0,0,0,0.00058669155,0,On Time,Low Risk
2097,0,2,3,1,235,10,1,1,56,2175,1,0,0,1,1,1,1,0.0007934414,0,On Time,Low Risk
2098,1,2,5,4,214,3,1,1,52,3403,1,1,0,0,0,1,0,0.0006826034,0,On Time,Low Risk
2099,2,2,3,5,175,2,1,0,40,1460,1,0,0,1,0,0,0,0.00069107214,0,On Time,Low Risk
2100,4,2,3,2,176,3,1,0,29,1953,1,0,2,1,0,1,1,0.000984898,0,On Time,Low Risk
2101,3,2,3,1,172,10,0,0,30,1294,1,0,2,1,0,1,1,0.0009558362,0,On Time,Low Risk
2102,4,2,5,1,195,6,1,0,29,1039,1,1,2,1,0,1,1,0.0020269954,0,On Time,Low Risk
2103,0,2,3,5,164,3,1,1,61,1473,1,0,0,1,0,1,0,0.0005874016,0,On Time,Low Risk
2104,1,2,3,1,231,3,2,0,33,2755,1,0,0,1,1,1,1,0.00041895502,0,On Time,Low Risk
2105,2,2,5,5,248,3,2,0,9,3873,1,1,1,0,1,1,0,0.043217983,0,On Time,Low Risk
2106,4,2,4,5,237,2,2,0,60,3427,1,1,0,0,1,0,0,0.00048209963,0,On Time,Low Risk
2107,3,2,3,1,111,4,1,0,8,1620,1,0,1,1,0,1,1,0.033228125,0,On Time,Low Risk
2108,4,2,5,5,106,5,1,0,46,1275,1,1,0,1,0,1,0,0.00045895425,0,On Time,Low Risk
2109,0,2,4,2,139,3,1,1,29,1365,1,1,2,1,0,1,1,0.0010467916,0,On Time,Low Risk
2110,1,2,4,3,149,2,1,0,58,1657,1,1,0,1,0,0,0,0.00060144975,0,On Time,Low Risk
2111,2,2,4,5,180,3,1,0,24,1513,1,1,2,1,0,1,0,0.00084057974,0,On Time,Low Risk
2112,4,2,3,2,212,2,2,0,65,3776,1,0,0,0,0,0,1,0.0006472989,0,On Time,Low Risk
2113,3,2,4,2,183,3,1,1,5,3716,1,1,1,0,0,1,1,0.034127954,0,On Time,Low Risk
2114,4,2,6,4,164,5,1,1,20,1555,1,1,2,1,0,1,0,0.0014346008,0,On Time,Low Risk
2115,0,2,4,1,143,3,2,0,28,1197,1,1,2,1,0,1,1,0.00064271706,0,On Time,Low Risk
2116,1,2,3,3,162,2,2,1,5,1202,1,0,1,1,0,0,0,0.1511586,0,On Time,Low Risk
2117,2,2,4,2,202,4,2,1,56,3098,1,1,0,0,0,1,1,0.00066376314,0,On Time,Low Risk
2118,4,2,3,2,135,2,2,0,2,1150,1,0,1,1,0,0,1,0.15723331,0,On Time,Low Risk
2119,3,2,3,2,232,2,1,0,58,2054,1,0,0,1,1,0,1,0.0004950506,0,On Time,Low Risk
2120,4,2,3,3,218,3,1,1,19,3770,1,0,2,0,1,1,0,0.0006083458,0,On Time,Low Risk
2121,0,2,5,4,177,2,1,1,14,1735,1,1,2,1,0,0,0,0.0013799998,0,On Time,Low Risk
2122,1,2,4,4,168,2,2,1,63,1474,1,1,0,1,0,0,0,0.00074117986,0,On Time,Low Risk
2123,2,2,3,4,181,2,2,0,45,3448,1,0,0,0,0,0,0,0.0004607565,0,On Time,Low Risk
2124,4,2,3,2,238,2,1,0,29,3728,1,0,2,0,1,0,1,0.00069893576,0,On Time,Low Risk
2125,3,2,3,2,250,5,1,0,36,2717,1,0,0,1,1,1,1,0.0006158263,0,On Time,Low Risk
2126,4,2,3,1,152,2,1,0,25,1848,1,0,2,1,0,0,1,0.0009244085,0,On Time,Low Risk
2127,0,2,4,5,242,4,1,0,35,3215,1,1,0,0,1,1,0,0.00054894155,0,On Time,Low Risk
2128,1,2,3,1,236,2,0,1,2,3949,1,0,1,0,1,0,1,0.025687618,0,On Time,Low Risk
2129,2,2,4,1,238,4,1,0,22,3950,1,1,2,0,1,1,1,0.0007710816,0,On Time,Low Risk
2130,4,2,4,4,165,5,1,1,21,1727,1,1,2,1,0,1,0,0.00089415757,0,On Time,Low Risk
2131,3,2,4,2,271,3,2,1,50,3448,1,1,0,0,1,1,1,0.00047291417,0,On Time,Low Risk
2132,4,2,3,3,109,2,2,1,18,1661,1,0,2,1,0,0,0,0.0007504731,0,On Time,Low Risk
2133,0,2,4,1,235,3,0,0,22,3695,1,1,2,0,1,1,1,0.0005224329,0,On Time,Low Risk
2134,1,2,3,3,186,3,2,1,49,2356,1,0,0,1,0,1,0,0.00047514972,0,On Time,Low Risk
2135,2,2,4,1,202,2,1,1,40,2327,1,1,0,1,0,0,1,0.00053400575,0,On Time,Low Risk
2136,4,2,3,3,188,4,2,1,3,3075,1,0,1,0,0,1,0,0.10571165,0,On Time,Low Risk
2137,3,2,5,3,224,2,2,1,52,3824,1,1,0,0,1,0,0,0.00054988236,0,On Time,Low Risk
2138,4,2,5,3,239,4,1,1,3,3734,1,1,1,0,1,1,0,0.112054355,0,On Time,Low Risk
2139,0,2,2,3,140,2,2,1,20,1832,1,0,2,1,0,0,0,0.0009911564,0,On Time,Low Risk
2140,1,2,6,3,272,3,1,0,39,2518,1,1,0,1,1,1,0,0.00060772133,0,On Time,Low Risk
2141,2,2,3,3,160,3,2,0,65,1228,1,0,0,1,0,1,0,0.0005530714,0,On Time,Low Risk
2142,4,2,3,3,261,3,2,1,14,3479,1,0,2,0,1,1,0,0.0003613998,0,On Time,Low Risk
2143,3,2,3,5,199,3,2,0,62,3259,1,0,0,0,0,1,0,0.00041604787,0,On Time,Low Risk
2144,4,2,3,1,154,2,2,0,56,1300,1,0,0,1,0,0,1,0.00058263005,0,On Time,Low Risk
2145,0,2,3,5,237,3,1,1,55,2451,1,0,0,1,1,1,0,0.0004131733,0,On Time,Low Risk
2146,1,2,4,4,181,3,1,1,44,2070,1,1,0,1,0,1,0,0.00043761753,0,On Time,Low Risk
2147,2,2,3,3,133,6,1,0,10,1686,1,0,1,1,0,1,0,0.11905691,0,On Time,Low Risk
2148,4,2,3,4,150,3,2,1,47,1511,1,0,0,1,0,1,0,0.0005294025,0,On Time,Low Risk
2149,3,2,6,5,152,3,2,0,62,1325,1,1,0,1,0,1,0,0.00091745204,0,On Time,Low Risk
2150,4,2,6,1,142,5,1,0,30,1464,1,1,2,1,0,1,1,0.0010421948,0,On Time,Low Risk
2151,0,2,4,3,214,2,1,1,57,2078,1,1,0,1,0,0,0,0.00048725458,0,On Time,Low Risk
2152,1,2,5,1,155,2,2,0,40,1024,1,1,0,1,0,0,1,0.0007035144,0,On Time,Low Risk
2153,2,2,4,2,191,2,1,1,11,3985,1,1,2,0,0,0,1,0.00088201993,0,On Time,Low Risk
2154,4,2,4,5,133,2,2,1,39,1106,1,1,0,1,0,0,0,0.0007794426,0,On Time,Low Risk
2155,3,2,3,3,211,4,0,0,22,2942,1,0,2,1,0,1,0,0.00060438126,0,On Time,Low Risk
2156,4,2,4,3,212,4,1,1,28,2422,1,1,2,1,0,1,0,0.0007448118,0,On Time,Low Risk
2157,0,2,3,1,150,2,1,1,9,1158,1,0,1,1,0,0,1,0.2021314,0,On Time,Low Risk
2158,1,2,3,5,208,3,1,0,41,3977,1,0,0,0,0,1,0,0.00097259117,0,On Time,Low Risk
2159,2,2,4,2,157,2,2,1,15,1724,1,1,2,1,0,0,1,0.0007096508,0,On Time,Low Risk
2160,4,2,4,4,228,3,1,1,60,2715,1,1,0,1,1,1,0,0.00045572757,0,On Time,Low Risk
2161,3,2,3,4,254,2,2,0,44,3786,1,0,0,0,1,0,0,0.000591338,0,On Time,Low Risk
2162,4,2,4,2,270,2,1,1,65,3599,1,1,0,0,1,0,1,0.0005169287,0,On Time,Low Risk
2163,0,2,6,2,195,3,2,1,30,3462,1,1,2,0,0,1,1,0.00086810294,0,On Time,Low Risk
2164,1,2,4,5,193,4,1,1,33,2173,1,1,0,1,0,1,0,0.00050483085,0,On Time,Low Risk
2165,2,2,5,4,165,3,2,0,48,1240,1,1,0,1,0,1,0,0.00073861086,0,On Time,Low Risk
2166,4,1,3,1,177,2,1,1,38,1099,1,0,0,1,0,0,1,0.00066745025,0,On Time,Low Risk
2167,3,1,3,4,244,3,1,0,46,2844,1,0,0,1,1,1,0,0.00054068654,0,On Time,Low Risk
2168,4,1,3,2,151,2,1,1,26,1793,1,0,2,1,0,0,1,0.000823711,0,On Time,Low Risk
2169,0,1,3,1,164,2,1,1,2,1104,1,0,1,1,0,0,1,0.14636326,0,On Time,Low Risk
2170,1,1,5,1,165,3,1,0,37,1228,1,1,0,1,0,1,1,0.00065402215,0,On Time,Low Risk
2171,2,1,3,4,256,2,2,1,55,2247,1,0,0,1,1,0,0,0.0004355147,0,On Time,Low Risk
2172,4,1,4,4,150,4,1,1,5,1263,1,1,1,1,0,1,0,0.26587105,0,On Time,Low Risk
2173,3,1,2,3,255,3,1,1,27,3484,1,0,2,0,1,1,0,0.0005719657,0,On Time,Low Risk
2174,4,1,4,3,268,3,2,0,23,2996,1,1,2,1,1,1,0,0.0005217499,0,On Time,Low Risk
2175,0,1,3,5,166,3,1,0,1,1366,1,0,1,1,0,1,0,0.11352891,0,On Time,Low Risk
2176,1,1,3,5,230,3,1,0,49,3477,1,0,0,0,1,1,0,0.0004985223,0,On Time,Low Risk
2177,2,1,4,3,163,3,1,0,45,1395,1,1,0,1,0,1,0,0.0009416169,0,On Time,Low Risk
2178,4,1,4,4,139,3,0,0,64,1415,1,1,0,1,0,1,0,0.00043081923,0,On Time,Low Risk
2179,3,1,3,5,161,3,2,0,10,1978,1,0,1,1,0,1,0,0.114406414,0,On Time,Low Risk
2180,4,1,6,2,181,4,0,0,6,3003,1,1,1,0,0,1,1,0.0996539,0,On Time,Low Risk
2181,0,1,4,1,242,3,0,1,47,3489,1,1,0,0,1,1,1,0.00044464582,0,On Time,Low Risk
2182,1,1,3,3,151,3,1,0,24,1139,1,0,2,1,0,1,0,0.0009914968,0,On Time,Low Risk
2183,2,1,3,4,167,3,2,1,50,1068,1,0,0,1,0,1,0,0.0006850773,0,On Time,Low Risk
2184,4,1,3,2,257,3,1,0,25,2334,1,0,2,1,1,1,1,0.0006168649,0,On Time,Low Risk
2185,3,1,3,2,204,2,2,0,35,2090,1,0,0,1,0,0,1,0.00059173966,0,On Time,Low Risk
2186,4,1,5,3,219,3,1,1,1,2027,1,1,1,1,1,1,0,0.02944922,0,On Time,Low Risk
2187,0,1,3,4,202,3,2,1,28,3707,1,0,2,0,0,1,0,0.0004889542,0,On Time,Low Risk
2188,1,0,4,5,155,2,2,1,41,1367,1,1,0,1,0,0,0,0.0005381633,0,On Time,Low Risk
2189,2,0,3,3,183,3,0,0,6,3364,1,0,1,0,0,1,0,0.020378761,0,On Time,Low Risk
2190,4,0,5,1,184,3,1,0,19,2625,1,1,2,1,0,1,1,0.00045155766,0,On Time,Low Risk
2191,3,0,4,5,230,2,1,0,38,2890,1,1,0,1,1,0,0,0.00044628026,0,On Time,Low Risk
2192,4,0,4,2,139,4,1,0,41,1511,1,1,0,1,0,1,1,0.00076809054,0,On Time,Low Risk
2193,0,0,4,4,252,3,2,0,7,2477,1,1,1,1,1,1,0,0.025908345,0,On Time,Low Risk
2194,1,0,3,2,272,3,2,0,40,3766,1,0,0,0,1,1,1,0.00048635274,0,On Time,Low Risk
2195,2,0,3,2,134,3,1,0,20,1391,1,0,2,1,0,1,1,0.0011034245,0,On Time,Low Risk
2196,4,0,3,5,169,3,2,1,13,1934,1,0,2,1,0,1,0,0.00070460775,0,On Time,Low Risk
2197,3,0,4,2,214,2,1,1,49,3416,1,1,0,0,0,0,1,0.0006103564,0,On Time,Low Risk
2198,4,0,3,3,163,3,2,0,65,1614,1,0,0,1,0,1,0,0.00056117086,0,On Time,Low Risk
2199,0,0,4,2,150,3,1,0,48,1193,1,1,0,1,0,1,1,0.0008002151,0,On Time,Low Risk
2200,1,0,5,5,216,2,0,1,33,3202,1,1,0,0,1,0,0,0.0005878833,0,On Time,Low Risk
2201,2,0,5,2,116,5,0,0,56,1130,1,1,0,1,0,1,1,0.00057660765,0,On Time,Low Risk
2202,4,0,3,4,144,2,1,0,33,1811,1,0,0,1,0,0,0,0.0010003843,0,On Time,Low Risk
2203,3,0,5,3,266,3,1,0,19,2508,1,1,2,1,1,1,0,0.00066186045,0,On Time,Low Risk
2204,4,0,3,3,154,4,2,0,62,1616,1,0,0,1,0,1,0,0.00042991608,0,On Time,Low Risk
2205,0,0,4,3,255,5,1,1,18,3644,1,1,2,0,1,1,0,0.0006787863,0,On Time,Low Risk
2206,1,0,6,2,229,3,2,1,13,2322,1,1,2,1,1,1,1,0.00072151364,0,On Time,Low Risk
2207,2,0,2,1,111,3,2,1,16,1882,1,0,2,1,0,1,1,0.0004926489,0,On Time,Low Risk
2208,4,0,3,3,160,2,2,0,32,1718,1,0,0,1,0,0,0,0.0006314721,0,On Time,Low Risk
2209,3,0,3,1,184,2,1,0,31,3191,1,0,0,0,0,0,1,0.00037847605,0,On Time,Low Risk
2210,4,2,4,4,218,4,1,1,45,3234,1,1,0,0,1,1,0,0.00059534155,0,On Time,Low Risk
2211,0,2,5,1,137,2,1,1,52,1012,1,1,0,1,0,0,1,0.00092123396,0,On Time,Low Risk
2212,1,2,4,2,204,3,2,1,14,3829,1,1,2,0,0,1,1,0.00054219656,0,On Time,Low Risk
2213,2,2,6,1,105,5,1,0,57,1784,1,1,0,1,0,1,1,0.0006156517,0,On Time,Low Risk
2214,4,2,3,1,256,2,2,0,63,3046,1,0,0,0,1,0,1,0.00050278776,0,On Time,Low Risk
2215,3,2,4,2,182,2,2,0,54,3261,1,1,0,0,0,0,1,0.00042641023,0,On Time,Low Risk
2216,4,2,3,4,260,4,0,1,17,2666,1,0,2,1,1,1,0,0.000542755,0,On Time,Low Risk
2217,0,2,4,2,166,3,1,1,62,1944,1,1,0,1,0,1,1,0.00091459235,0,On Time,Low Risk
2218,1,2,5,2,160,4,2,1,43,1479,1,1,0,1,0,1,1,0.00089049054,0,On Time,Low Risk
2219,2,2,4,2,243,3,2,0,13,2850,1,1,2,1,1,1,1,0.0005394354,0,On Time,Low Risk
2220,4,2,6,5,240,4,2,1,62,2400,1,1,0,1,1,1,0,0.0007003152,0,On Time,Low Risk
2221,3,2,6,1,229,6,1,1,35,3239,1,1,0,0,1,1,1,0.00065651897,0,On Time,Low Risk
2222,4,2,3,1,164,2,1,1,2,1304,1,0,1,1,0,0,1,0.17775524,0,On Time,Low Risk
2223,0,2,3,4,234,3,2,0,37,2111,1,0,0,1,1,1,0,0.00045684972,0,On Time,Low Risk
2224,1,2,4,1,97,2,0,1,15,1836,1,1,2,1,0,0,1,0.00064342434,0,On Time,Low Risk
2225,2,2,4,3,258,3,1,0,12,2017,1,1,2,1,1,1,0,0.0007417281,0,On Time,Low Risk
2226,4,2,3,1,147,2,2,1,52,1934,1,0,0,1,0,0,1,0.0008198305,0,On Time,Low Risk
2227,3,2,4,3,180,4,1,1,14,1686,1,1,2,1,0,1,0,0.00087087014,0,On Time,Low Risk
2228,4,2,5,1,212,3,1,0,11,2073,1,1,2,1,0,1,1,0.00083167554,0,On Time,Low Risk
2229,0,2,3,4,198,2,2,1,19,2373,1,0,2,1,0,0,0,0.00047469974,0,On Time,Low Risk
2230,1,2,3,1,239,3,1,0,63,2154,1,0,0,1,1,1,1,0.00043568414,0,On Time,Low Risk
2231,2,2,4,3,158,2,1,1,46,1374,1,1,0,1,0,0,0,0.00085566414,0,On Time,Low Risk
2232,4,2,4,3,218,3,0,0,57,3311,1,1,0,0,1,1,0,0.0003843194,0,On Time,Low Risk
2233,3,2,4,4,156,3,1,1,20,1523,1,1,2,1,0,1,0,0.00046420598,0,On Time,Low Risk
2234,4,2,3,4,235,3,1,1,52,3447,1,0,0,0,1,1,0,0.0005463793,0,On Time,Low Risk
2235,0,2,4,5,168,3,1,0,4,1363,1,1,1,1,0,1,0,0.14706776,0,On Time,Low Risk
2236,1,2,3,1,178,3,0,0,36,1297,1,0,0,1,0,1,1,0.0006304408,0,On Time,Low Risk
2237,2,2,4,2,275,3,2,1,26,2449,1,1,2,1,1,1,1,0.00053246017,0,On Time,Low Risk
2238,4,2,3,4,139,2,1,1,45,1192,1,0,0,1,0,0,0,0.00093568704,0,On Time,Low Risk
2239,3,2,2,5,236,3,2,0,13,2171,1,0,2,1,1,1,0,0.0004945766,0,On Time,Low Risk
2240,4,2,3,4,155,2,1,0,37,1780,1,0,0,1,0,0,0,0.00043121018,0,On Time,Low Risk
2241,0,2,3,3,168,3,2,1,11,1008,1,0,2,1,0,1,0,0.0010561348,0,On Time,Low Risk
2242,1,2,4,1,151,2,1,1,42,1367,1,1,0,1,0,0,1,0.001033177,0,On Time,Low Risk
2243,2,2,3,4,113,4,1,0,56,1154,1,0,0,1,0,1,0,0.0008825815,0,On Time,Low Risk
2244,4,2,4,3,133,3,2,0,50,1861,1,1,0,1,0,1,0,0.0009092912,0,On Time,Low Risk
2245,3,2,5,4,163,4,2,1,57,1613,1,1,0,1,0,1,0,0.0009685332,0,On Time,Low Risk
2246,4,2,5,3,206,2,2,0,59,3278,1,1,0,0,0,0,0,0.00061719096,0,On Time,Low Risk
2247,0,2,3,2,177,2,2,0,23,1929,1,0,2,1,0,0,1,0.00088428945,0,On Time,Low Risk
2248,1,2,3,2,206,2,1,1,3,2261,1,0,1,1,0,0,1,0.026495116,0,On Time,Low Risk
2249,2,2,5,1,189,3,2,1,13,3492,1,1,2,0,0,1,1,0.00069308904,0,On Time,Low Risk
2250,4,2,3,4,270,2,1,1,39,3690,1,0,0,0,1,0,0,0.00045380887,0,On Time,Low Risk
2251,3,2,4,1,238,3,1,0,33,2013,1,1,0,1,1,1,1,0.0010238059,0,On Time,Low Risk
2252,4,2,5,1,143,2,1,1,46,1387,1,1,0,1,0,0,1,0.0014040031,0,On Time,Low Risk
2253,0,2,4,1,173,2,2,1,53,1251,1,1,0,1,0,0,1,0.0008666702,0,On Time,Low Risk
2254,1,2,3,5,134,3,2,1,38,1169,1,0,0,1,0,1,0,0.0010595557,0,On Time,Low Risk
2255,2,2,4,4,176,3,0,1,34,1283,1,1,0,1,0,1,0,0.00065672793,0,On Time,Low Risk
2256,4,2,4,3,160,2,2,0,38,1961,1,1,0,1,0,0,0,0.00077363366,0,On Time,Low Risk
2257,3,2,3,4,230,3,0,0,22,3546,1,0,2,0,1,1,0,0.00047114588,0,On Time,Low Risk
2258,4,2,4,5,178,3,1,0,5,1012,1,1,1,1,0,1,0,0.26605004,0,On Time,Low Risk
2259,0,2,3,2,256,4,1,0,18,2699,1,0,2,1,1,1,1,0.0005279369,0,On Time,Low Risk
2260,1,2,3,4,256,4,1,1,11,3030,1,0,2,0,1,1,0,0.0005709939,0,On Time,Low Risk
2261,2,2,3,2,208,4,2,1,52,2900,1,0,0,1,0,1,1,0.0007234111,0,On Time,Low Risk
2262,4,2,4,3,119,3,1,0,40,1233,1,1,0,1,0,1,0,0.0005556677,0,On Time,Low Risk
2263,3,2,3,3,114,6,1,0,26,1825,1,0,2,1,0,1,0,0.00077437866,0,On Time,Low Risk
2264,4,2,3,5,225,3,1,0,1,2864,1,0,1,1,1,1,0,0.023700586,0,On Time,Low Risk
2265,0,2,4,5,155,4,0,0,48,1972,1,1,0,1,0,1,0,0.00057163025,0,On Time,Low Risk
2266,1,2,4,4,223,3,2,0,51,3895,1,1,0,0,1,1,0,0.00041520057,0,On Time,Low Risk
2267,2,2,5,3,194,3,2,0,6,2736,1,1,1,1,0,1,0,0.022020144,0,On Time,Low Risk
2268,4,2,5,4,281,4,2,0,40,3381,1,1,0,0,1,1,0,0.000473708,0,On Time,Low Risk
2269,3,2,4,1,132,4,2,0,10,1343,1,1,1,1,0,1,1,0.08362602,0,On Time,Low Risk
2270,4,2,4,1,229,3,2,0,53,3423,1,1,0,0,1,1,1,0.00050598173,0,On Time,Low Risk
2271,0,2,4,2,251,3,1,0,10,3517,1,1,1,0,1,1,1,0.034009017,0,On Time,Low Risk
2272,1,2,4,1,113,3,1,0,60,1200,1,1,0,1,0,1,1,0.0004176059,0,On Time,Low Risk
2273,2,2,5,5,234,6,1,0,52,2615,1,1,0,1,1,1,0,0.0005885928,0,On Time,Low Risk
2274,4,2,3,3,181,2,2,1,58,3719,1,0,0,0,0,0,0,0.00041377696,0,On Time,Low Risk
2275,3,2,5,2,157,2,1,1,32,1497,1,1,0,1,0,0,1,0.0011367741,0,On Time,Low Risk
2276,4,2,3,1,155,3,1,1,49,1203,1,0,0,1,0,1,1,0.00046806855,0,On Time,Low Risk
2277,0,2,3,4,209,2,1,1,62,2935,1,0,0,1,0,0,0,0.0005032634,0,On Time,Low Risk
2278,1,2,4,3,264,3,1,0,39,2213,1,1,0,1,1,1,0,0.00043193874,0,On Time,Low Risk
2279,2,2,3,1,268,3,1,0,47,2479,1,0,0,1,1,1,1,0.00044581425,0,On Time,Low Risk
2280,4,2,6,1,224,3,2,1,64,2705,1,1,0,1,1,1,1,0.00065920333,0,On Time,Low Risk
2281,3,2,4,4,223,10,1,1,24,3271,1,1,2,0,1,1,0,0.00079187297,0,On Time,Low Risk
2282,4,2,3,2,191,3,0,0,42,2374,1,0,0,1,0,1,1,0.0003625581,0,On Time,Low Risk
2283,0,2,4,1,184,3,0,0,47,3081,1,1,0,0,0,1,1,0.00034881633,0,On Time,Low Risk
2284,1,2,6,5,174,3,2,0,32,1921,1,1,0,1,0,1,0,0.0015026439,0,On Time,Low Risk
2285,2,2,6,3,134,8,0,0,12,1371,1,1,2,1,0,1,0,0.0007657545,0,On Time,Low Risk
2286,4,2,4,1,135,2,0,0,25,1009,1,1,2,1,0,0,1,0.0007513042,0,On Time,Low Risk
2287,3,2,5,4,234,2,0,0,61,3084,1,1,0,0,1,0,0,0.000511515,0,On Time,Low Risk
2288,4,2,3,1,215,6,0,1,5,3432,1,0,1,0,1,1,1,0.05545032,0,On Time,Low Risk
2289,0,2,5,4,187,2,2,0,10,3549,1,1,1,0,0,0,0,0.040621497,0,On Time,Low Risk
2290,1,2,3,1,238,2,2,0,50,3438,1,0,0,0,1,0,1,0.0004223329,0,On Time,Low Risk
2291,2,2,4,2,273,4,1,0,26,3223,1,1,2,0,1,1,1,0.00072640856,0,On Time,Low Risk
2292,4,2,5,4,192,3,2,1,46,3709,1,1,0,0,0,1,0,0.0004668058,0,On Time,Low Risk
2293,3,2,3,5,268,4,0,1,5,3446,1,0,1,0,1,1,0,0.056041073,0,On Time,Low Risk
2294,4,2,3,5,225,3,1,0,12,2721,1,0,2,1,1,1,0,0.0005084787,0,On Time,Low Risk
2295,0,2,4,5,155,4,0,0,54,1408,1,1,0,1,0,1,0,0.0005489157,0,On Time,Low Risk
2296,1,2,4,2,223,3,2,0,56,3158,1,1,0,0,1,1,1,0.00042945793,0,On Time,Low Risk
2297,2,2,5,1,194,3,2,0,32,3003,1,1,0,0,0,1,1,0.00071278727,0,On Time,Low Risk
2298,4,2,5,4,281,4,2,1,56,3709,1,1,0,0,1,1,0,0.000473708,0,On Time,Low Risk
2299,3,2,4,5,132,4,2,0,28,1715,1,1,2,1,0,1,0,0.00054375804,0,On Time,Low Risk
2300,4,2,4,1,229,3,2,0,20,2891,1,1,2,1,1,1,1,0.0005734152,0,On Time,Low Risk
2301,0,2,4,1,251,3,1,0,33,2502,1,1,0,1,1,1,1,0.00047160508,0,On Time,Low Risk
2302,1,2,4,5,113,3,1,0,52,1741,1,1,0,1,0,1,0,0.00036432897,0,On Time,Low Risk
2303,2,1,5,2,234,6,1,0,58,2448,1,1,0,1,1,1,1,0.000833714,0,On Time,Low Risk
2304,4,1,3,3,181,2,2,0,52,3236,1,0,0,0,0,0,0,0.00040025453,0,On Time,Low Risk
2305,3,1,5,2,157,2,1,1,58,1654,1,1,0,1,0,0,1,0.0011289653,0,On Time,Low Risk
2306,4,1,3,3,155,3,1,1,20,1830,1,0,2,1,0,1,0,0.00064577267,0,On Time,Low Risk
2307,0,1,3,5,209,2,1,1,33,2603,1,0,0,1,0,0,0,0.00053431303,0,On Time,Low Risk
2308,1,1,4,1,264,3,1,1,13,3015,1,1,2,0,1,1,1,0.00059035385,0,On Time,Low Risk
2309,2,1,3,2,268,3,1,1,30,2867,1,0,2,1,1,1,1,0.0006591716,0,On Time,Low Risk
2310,4,1,6,2,224,3,2,0,26,3247,1,1,2,0,1,1,1,0.00073038955,0,On Time,Low Risk
2311,3,1,4,3,223,10,1,0,21,2943,1,1,2,1,1,1,0,0.0007895217,0,On Time,Low Risk
2312,4,1,3,5,191,3,0,0,17,2235,1,0,2,1,0,1,0,0.00044359802,0,On Time,Low Risk
2313,0,1,4,4,184,3,0,0,27,3967,1,1,2,0,0,1,0,0.0008019503,0,On Time,Low Risk
2314,1,1,6,4,174,3,2,0,14,1651,1,1,2,1,0,1,0,0.0014467549,0,On Time,Low Risk
2315,2,1,6,2,134,8,0,1,42,1054,1,1,0,1,0,1,1,0.0010529532,0,On Time,Low Risk
2316,4,1,4,5,135,2,0,0,22,1195,1,1,2,1,0,0,0,0.0010930399,0,On Time,Low Risk
2317,3,1,5,5,234,2,0,1,50,3914,1,1,0,0,1,0,0,0.0005832312,0,On Time,Low Risk
2318,4,1,3,1,215,6,0,1,42,3715,1,0,0,0,1,1,1,0.0005731371,0,On Time,Low Risk
2319,0,1,5,2,187,2,2,0,29,2863,1,1,2,1,0,0,1,0.0005683231,0,On Time,Low Risk
2320,1,1,3,2,238,2,2,0,32,3274,1,0,0,0,1,0,1,0.0005040517,0,On Time,Low Risk
2321,2,1,4,1,273,4,1,0,54,2611,1,1,0,1,1,1,1,0.0006432557,0,On Time,Low Risk
2322,4,1,5,5,192,3,2,0,37,2197,1,1,0,1,0,1,0,0.0003884844,0,On Time,Low Risk
2323,3,1,3,5,268,4,0,1,19,2893,1,0,2,1,1,1,0,0.00078840606,0,On Time,Low Risk
2324,4,1,3,4,164,3,1,1,5,1408,1,0,1,1,0,1,0,0.13914284,0,On Time,Low Risk
2325,0,0,2,2,255,3,1,1,59,1514,1,0,0,1,1,1,1,0.0008643236,0,On Time,Low Risk
2326,1,0,4,4,141,2,1,0,30,1130,1,1,2,1,0,0,0,0.00069528713,0,On Time,Low Risk
2327,2,0,2,5,202,3,1,1,50,2587,1,0,0,1,0,1,0,0.0003392345,0,On Time,Low Risk
2328,4,0,4,4,282,6,2,0,52,3009,1,1,0,0,1,1,0,0.0004439525,0,On Time,Low Risk
2329,3,0,6,4,190,3,1,1,7,3175,1,1,1,0,0,1,0,0.040136334,0,On Time,Low Risk
2330,4,0,4,2,192,4,1,0,61,2256,1,1,0,1,0,1,1,0.00042926654,0,On Time,Low Risk
2331,0,0,3,4,179,2,1,1,51,1041,1,0,0,1,0,0,0,0.00074848504,0,On Time,Low Risk
2332,1,0,4,3,238,2,2,1,43,2200,1,1,0,1,1,0,0,0.0003955056,0,On Time,Low Risk
2333,2,0,3,2,181,4,1,0,18,3696,1,0,2,0,0,1,1,0.0007637092,0,On Time,Low Risk
2334,4,0,5,2,128,5,2,0,45,1707,1,1,0,1,0,1,1,0.0005577695,0,On Time,Low Risk
2335,3,0,5,1,285,5,1,1,51,2063,1,1,0,1,1,1,1,0.00067271397,0,On Time,Low Risk
2336,4,0,5,5,273,3,2,0,18,2415,1,1,2,1,1,1,0,0.00047383376,0,On Time,Low Risk
2337,0,0,2,2,242,6,1,0,63,3144,1,0,0,0,1,1,1,0.00051754125,0,On Time,Low Risk
2338,1,0,3,4,226,3,2,0,22,3593,1,0,2,0,1,1,0,0.0005390612,0,On Time,Low Risk
2339,2,0,2,5,255,4,1,0,36,2093,1,0,0,1,1,1,0,0.0005275541,0,On Time,Low Risk
2340,4,0,5,1,198,2,2,0,37,3025,1,1,0,0,0,0,1,0.00045647184,0,On Time,Low Risk
2341,3,0,5,4,263,3,2,1,59,3978,1,1,0,0,1,1,0,0.001141034,0,On Time,Low Risk
2342,4,0,3,5,186,2,1,0,39,2197,1,0,0,1,0,0,0,0.00042528493,0,On Time,Low Risk
2343,0,0,5,2,260,3,1,0,22,2935,1,1,2,1,1,1,1,0.0005659409,0,On Time,Low Risk
2344,1,0,4,2,167,2,1,0,5,1169,1,1,1,1,0,0,1,0.19159739,0,On Time,Low Risk
2345,2,0,4,3,210,3,1,0,46,2344,1,1,0,1,0,1,0,0.00039967004,0,On Time,Low Risk
2346,4,0,4,5,216,3,1,0,20,3549,1,1,2,0,1,1,0,0.0005411665,0,On Time,Low Risk
2347,3,2,3,2,273,3,1,0,12,2154,1,0,2,1,1,1,1,0.0005727843,0,On Time,Low Risk
2348,4,2,5,1,153,2,1,0,55,1414,1,1,0,1,0,0,1,0.0009887457,0,On Time,Low Risk
2349,0,2,3,2,183,3,2,0,44,3809,1,0,0,0,0,1,1,0.00036777795,0,On Time,Low Risk
2350,1,2,4,1,224,3,2,0,36,3499,1,1,0,0,1,1,1,0.00043374125,0,On Time,Low Risk
2351,2,2,5,1,170,3,0,1,58,1651,1,1,0,1,0,1,1,0.0007321216,0,On Time,Low Risk
2352,4,2,5,1,237,4,1,1,33,2605,1,1,0,1,1,1,1,0.0008085192,0,On Time,Low Risk
2353,3,2,5,5,234,6,2,0,60,2443,1,1,0,1,1,1,0,0.0007059941,0,On Time,Low Risk
2354,4,2,3,2,264,3,2,0,43,3439,1,0,0,0,1,1,1,0.0004759963,0,On Time,Low Risk
2355,0,2,2,2,153,3,1,0,55,1273,1,0,0,1,0,1,1,0.00052569056,0,On Time,Low Risk
2356,1,2,4,3,228,4,1,1,61,3583,1,1,0,0,1,1,0,0.00050338695,0,On Time,Low Risk
2357,2,2,3,5,264,2,2,1,33,2021,1,0,0,1,1,0,0,0.0006112908,0,On Time,Low Risk
2358,4,2,4,3,267,3,1,0,42,2332,1,1,0,1,1,1,0,0.00045559552,0,On Time,Low Risk
2359,3,2,3,2,213,2,1,1,22,3248,1,0,2,0,0,0,1,0.0007409302,0,On Time,Low Risk
2360,4,2,4,1,181,3,2,1,38,3258,1,1,0,0,0,1,1,0.00043531173,0,On Time,Low Risk
2361,0,2,6,4,209,5,1,0,53,3169,1,1,0,0,0,1,0,0.00087033055,0,On Time,Low Risk
2362,1,2,3,2,165,3,1,0,19,1111,1,0,2,1,0,1,1,0.0008539537,0,On Time,Low Risk
2363,2,2,3,4,164,3,0,0,55,1293,1,0,0,1,0,1,0,0.0006857926,0,On Time,Low Risk
2364,4,2,5,5,141,2,2,1,14,1114,1,1,2,1,0,0,0,0.0012762357,0,On Time,Low Risk
2365,3,2,3,2,164,4,2,1,2,1701,1,0,1,1,0,1,1,0.40410653,0,On Time,Medium Risk
2366,4,2,3,3,178,2,2,1,4,1778,1,0,1,1,0,0,0,0.18361671,0,On Time,Low Risk
2367,0,2,5,4,200,3,2,1,24,2078,1,1,2,1,0,1,0,0.00055394165,0,On Time,Low Risk
2368,1,2,4,5,185,2,1,0,47,3974,1,1,0,0,0,0,0,0.0008720862,0,On Time,Low Risk
2369,2,2,2,1,180,2,2,0,31,1078,1,0,0,1,0,0,1,0.00057648646,0,On Time,Low Risk
2370,4,2,4,5,144,3,1,1,9,1526,1,1,1,1,0,1,0,0.058012396,0,On Time,Low Risk
2371,3,2,4,4,161,4,1,0,14,1194,1,1,2,1,0,1,0,0.0009535018,0,On Time,Low Risk
2372,4,2,4,5,152,3,2,1,25,1222,1,1,2,1,0,1,0,0.000633975,0,On Time,Low Risk
2373,0,2,2,3,129,3,1,1,50,1111,1,0,0,1,0,1,0,0.00056653324,0,On Time,Low Risk
2374,1,2,5,2,140,3,2,0,16,1969,1,1,2,1,0,1,1,0.0015326974,0,On Time,Low Risk
2375,2,2,4,1,270,4,2,0,64,3312,1,1,0,0,1,1,1,0.00056085136,0,On Time,Low Risk
2376,4,2,3,2,183,3,2,0,25,2023,1,0,2,1,0,1,1,0.00047313623,0,On Time,Low Risk
2377,3,2,4,1,264,3,1,0,39,3719,1,1,0,0,1,1,1,0.0004688098,0,On Time,Low Risk
2378,4,2,3,2,167,4,2,1,49,1973,1,0,0,1,0,1,1,0.0012007642,0,On Time,Low Risk
2379,0,2,5,1,219,3,1,1,14,2447,1,1,2,1,1,1,1,0.00066142285,0,On Time,Low Risk
2380,1,2,4,2,225,3,1,1,52,3189,1,1,0,0,1,1,1,0.00044328545,0,On Time,Low Risk
2381,2,2,4,1,228,3,1,0,53,2021,1,1,0,1,1,1,1,0.0008390081,0,On Time,Low Risk
2382,4,2,3,5,119,3,2,1,7,1021,1,0,1,1,0,1,0,0.12391633,0,On Time,Low Risk
2383,3,2,3,5,244,3,1,0,8,3154,1,0,1,0,1,1,0,0.032547843,0,On Time,Low Risk
2384,4,2,4,3,163,5,1,1,29,1349,1,1,2,1,0,1,0,0.0009400057,0,On Time,Low Risk
2385,0,2,4,5,260,3,2,1,59,3951,1,1,0,0,1,1,0,0.00036848563,0,On Time,Low Risk
2386,1,2,4,3,135,2,2,0,53,1073,1,1,0,1,0,0,0,0.00052142976,0,On Time,Low Risk
2387,2,2,5,2,167,3,2,0,7,1939,1,1,1,1,0,1,1,0.23797944,0,On Time,Low Risk
2388,4,2,4,4,233,3,2,0,14,2522,1,1,2,1,1,1,0,0.0005986705,0,On Time,Low Risk
2389,3,2,4,5,147,2,2,0,19,1940,1,1,2,1,0,0,0,0.0007529179,0,On Time,Low Risk
2390,4,2,2,4,159,2,1,0,17,1686,1,0,2,1,0,0,0,0.0006606275,0,On Time,Low Risk
2391,0,2,4,2,139,3,2,1,5,1674,1,1,1,1,0,1,1,0.084022224,0,On Time,Low Risk
2392,1,2,3,1,200,2,1,0,44,2651,1,0,0,1,0,0,1,0.0004545039,0,On Time,Low Risk
2393,2,2,4,1,221,3,1,0,3,2546,1,1,1,1,1,1,1,0.032010168,0,On Time,Low Risk
2394,4,2,4,3,158,3,1,1,18,1036,1,1,2,1,0,1,0,0.0008669767,0,On Time,Low Risk
2395,3,2,4,5,227,3,1,1,65,3984,1,1,0,0,1,1,0,0.0008524745,0,On Time,Low Risk
2396,4,2,3,3,179,3,2,0,12,1125,1,0,2,1,0,1,0,0.00069995027,0,On Time,Low Risk
2397,0,2,3,2,232,3,1,0,64,3131,1,0,0,0,1,1,1,0.0003987158,0,On Time,Low Risk
2398,1,2,3,3,139,2,1,1,9,1177,1,0,1,1,0,0,0,0.10787115,0,On Time,Low Risk
2399,2,2,6,3,195,2,2,1,21,3869,1,1,2,0,0,0,0,0.00077369675,0,On Time,Low Risk
2400,4,2,6,2,276,6,2,1,7,2437,1,1,1,1,1,1,1,0.06601844,0,On Time,Low Risk
2401,3,2,2,5,171,3,2,0,13,1101,1,0,2,1,0,1,0,0.00091964396,0,On Time,Low Risk
2402,4,2,5,4,259,3,2,0,43,2685,1,1,0,1,1,1,0,0.0004512089,0,On Time,Low Risk
2403,0,2,3,2,123,4,2,0,7,1596,1,0,1,1,0,1,1,0.07918565,0,On Time,Low Risk
2404,1,2,3,2,199,4,1,0,47,2208,1,0,0,1,0,1,1,0.0005218151,0,On Time,Low Risk
2405,2,2,4,3,226,2,1,0,32,2912,1,1,0,1,1,0,0,0.00036411456,0,On Time,Low Risk
2406,4,2,4,2,149,3,2,0,54,1506,1,1,0,1,0,1,1,0.00062459,0,On Time,Low Risk
2407,3,2,3,5,115,3,2,1,60,1122,1,0,0,1,0,1,0,0.0005379956,0,On Time,Low Risk
2408,4,2,3,2,243,2,2,1,26,2719,1,0,2,1,1,0,1,0.0006023226,0,On Time,Low Risk
2409,0,2,2,4,136,6,2,1,58,1479,1,0,0,1,0,1,0,0.0006117646,0,On Time,Low Risk
2410,1,2,3,2,180,2,1,0,6,1811,1,0,1,1,0,0,1,0.19791402,0,On Time,Low Risk
2411,2,2,4,1,274,4,2,1,57,3332,1,1,0,0,1,1,1,0.0005962589,0,On Time,Low Risk
2412,4,2,6,5,233,6,2,1,48,3341,1,1,0,0,1,1,0,0.0007038353,0,On Time,Low Risk
2413,3,2,3,2,254,2,2,0,2,3239,1,0,1,0,1,0,1,0.032052346,0,On Time,Low Risk
2414,4,2,4,5,153,3,0,0,3,1347,1,1,1,1,0,1,0,0.08352604,0,On Time,Low Risk
2415,0,2,6,3,175,5,2,0,64,1860,1,1,0,1,0,1,0,0.0016965461,0,On Time,Low Risk
2416,1,2,5,2,207,2,1,0,35,2184,1,1,0,1,0,0,1,0.0006523622,0,On Time,Low Risk
2417,2,2,3,1,153,2,1,0,6,1314,1,0,1,1,0,0,1,0.12138575,0,On Time,Low Risk
2418,4,2,3,4,228,2,2,1,65,3943,1,0,0,0,1,0,0,0.00052684126,0,On Time,Low Risk
2419,3,2,5,2,96,2,1,0,50,1186,1,1,0,1,0,0,1,0.00084083166,0,On Time,Low Risk
2420,4,2,4,4,241,3,0,1,39,3798,1,1,0,0,1,1,0,0.00041341636,0,On Time,Low Risk
2421,0,2,5,2,249,5,0,0,28,2846,1,1,2,1,1,1,1,0.0005439506,0,On Time,Low Risk
2422,1,2,3,3,188,5,1,1,25,3992,1,0,2,0,0,1,0,0.0013275481,0,On Time,Low Risk
2423,2,2,3,2,154,2,0,0,4,1009,1,0,1,1,0,0,1,0.10467064,0,On Time,Low Risk
2424,4,2,4,4,226,2,0,1,53,3154,1,1,0,0,1,0,0,0.00034357043,0,On Time,Low Risk
2425,3,2,5,3,250,2,1,0,14,2064,1,1,2,1,1,0,0,0.00065816496,0,On Time,Low Risk
2426,4,2,3,1,150,2,2,0,46,1431,1,0,0,1,0,0,1,0.0005012347,0,On Time,Low Risk
2427,0,2,3,5,267,2,1,0,16,2913,1,0,2,1,1,0,0,0.0004345095,0,On Time,Low Risk
2428,1,2,4,3,223,3,1,1,35,2715,1,1,0,1,1,1,0,0.00041051165,0,On Time,Low Risk
2429,2,2,4,5,192,3,2,0,41,3873,1,1,0,0,0,1,0,0.00026864646,0,On Time,Low Risk
2430,4,2,3,2,143,3,1,0,58,1785,1,0,0,1,0,1,1,0.0007701897,0,On Time,Low Risk
2431,3,2,3,5,113,2,1,0,19,1660,1,0,2,1,0,0,0,0.00045074485,0,On Time,Low Risk
2432,4,2,4,1,135,3,2,1,39,1549,1,1,0,1,0,1,1,0.0004205313,0,On Time,Low Risk
2433,0,2,4,4,189,4,0,0,56,2646,1,1,0,1,0,1,0,0.0003705531,0,On Time,Low Risk
2434,1,2,3,2,245,3,2,1,13,3775,1,0,2,0,1,1,1,0.00046697113,0,On Time,Low Risk
2435,2,2,3,5,181,2,1,1,29,2217,1,0,2,1,0,0,0,0.0004519017,0,On Time,Low Risk
2436,4,2,3,2,207,2,2,0,37,2460,1,0,0,1,0,0,1,0.0006526149,0,On Time,Low Risk
2437,3,2,3,1,169,2,2,0,19,1183,1,0,2,1,0,0,1,0.0007979217,0,On Time,Low Risk
2438,4,2,4,5,206,3,1,0,65,2598,1,1,0,1,0,1,0,0.0004788139,0,On Time,Low Risk
2439,0,2,2,5,117,3,1,1,44,1192,1,0,0,1,0,1,0,0.0008849541,0,On Time,Low Risk
2440,1,1,2,1,115,3,0,1,42,1247,1,0,0,1,0,1,1,0.0004197393,0,On Time,Low Risk
2441,2,1,3,3,149,3,1,0,63,1196,1,0,0,1,0,1,0,0.0009005874,0,On Time,Low Risk
2442,4,1,4,5,133,3,2,1,3,1403,1,1,1,1,0,1,0,0.042858396,0,On Time,Low Risk
2443,3,1,4,3,271,2,2,1,22,2595,1,1,2,1,1,0,0,0.0005935068,0,On Time,Low Risk
2444,4,1,2,5,116,3,1,0,3,1688,1,0,1,1,0,1,0,0.0445358,0,On Time,Low Risk
2445,0,1,3,5,139,2,2,1,64,1857,1,0,0,1,0,0,0,0.0008098157,0,On Time,Low Risk
2446,1,1,4,3,216,3,2,1,35,2567,1,1,0,1,1,1,0,0.00046278664,0,On Time,Low Risk
2447,2,1,3,5,165,2,0,0,37,1234,1,0,0,1,0,0,0,0.00080264977,0,On Time,Low Risk
2448,4,1,6,5,286,4,1,0,31,3774,1,1,0,0,1,1,0,0.00056165294,0,On Time,Low Risk
2449,3,1,5,3,136,3,2,0,13,1446,1,1,2,1,0,1,0,0.0006104553,0,On Time,Low Risk
2450,4,1,4,5,225,4,1,1,48,2767,1,1,0,1,1,1,0,0.000569251,0,On Time,Low Risk
2451,0,1,4,2,163,3,1,0,27,1639,1,1,2,1,0,1,1,0.0007923021,0,On Time,Low Risk
2452,1,1,4,3,272,4,1,1,61,2857,1,1,0,1,1,1,0,0.0006232119,0,On Time,Low Risk
2453,2,1,4,3,135,2,0,1,24,1292,1,1,2,1,0,0,0,0.0006545687,0,On Time,Low Risk
2454,4,1,4,5,184,3,1,0,64,3812,1,1,0,0,0,1,0,0.00038316668,0,On Time,Low Risk
2455,3,1,4,5,219,2,2,0,28,2164,1,1,2,1,1,0,0,0.0005576871,0,On Time,Low Risk
2456,4,1,3,3,249,2,2,1,53,2323,1,0,0,1,1,0,0,0.00054715347,0,On Time,Low Risk
2457,0,1,2,3,142,3,1,0,46,1694,1,0,0,1,0,1,0,0.0007426157,0,On Time,Low Risk
2458,1,1,5,2,137,3,2,1,47,1023,1,1,0,1,0,1,1,0.0007608236,0,On Time,Low Risk
2459,2,1,2,5,168,3,1,1,37,1717,1,0,0,1,0,1,0,0.0007677166,0,On Time,Low Risk
2460,4,1,5,5,165,3,2,0,32,1798,1,1,0,1,0,1,0,0.00091668486,0,On Time,Low Risk
2461,3,1,3,3,199,2,1,1,4,3553,1,0,1,0,0,0,0,0.025326395,0,On Time,Low Risk
2462,4,0,3,3,246,3,1,1,27,3648,1,0,2,0,1,1,0,0.0005849428,0,On Time,Low Risk
2463,0,0,5,2,224,4,2,1,43,2336,1,1,0,1,1,1,1,0.00059152255,0,On Time,Low Risk
2464,1,0,5,5,216,6,1,1,54,2075,1,1,0,1,1,1,0,0.0008345056,0,On Time,Low Risk
2465,2,0,5,3,167,2,1,1,3,1140,1,1,1,1,0,0,0,0.14855742,0,On Time,Low Risk
2466,4,0,4,2,182,3,2,1,14,3413,1,1,2,0,0,1,1,0.00037093024,0,On Time,Low Risk
2467,3,0,6,1,126,3,2,0,37,1697,1,1,0,1,0,1,1,0.00050454895,0,On Time,Low Risk
2468,4,0,5,1,170,3,2,0,48,1299,1,1,0,1,0,1,1,0.0005670027,0,On Time,Low Risk
2469,0,0,4,2,148,3,2,1,2,1805,1,1,1,1,0,1,1,0.13449468,0,On Time,Low Risk
2470,1,0,4,2,141,3,2,1,61,1875,1,1,0,1,0,1,1,0.00085719716,0,On Time,Low Risk
2471,2,0,5,5,169,2,2,0,14,1497,1,1,2,1,0,0,0,0.0009746751,0,On Time,Low Risk
2472,4,0,5,2,143,3,2,1,12,1802,1,1,2,1,0,1,1,0.00097378495,0,On Time,Low Risk
2473,3,0,4,5,156,3,1,0,60,1553,1,1,0,1,0,1,0,0.0004613351,0,On Time,Low Risk
2474,4,0,5,1,241,4,2,0,19,2193,1,1,2,1,1,1,1,0.00071819365,0,On Time,Low Risk
2475,0,0,3,4,212,3,2,0,13,2307,1,0,2,1,0,1,0,0.00063869817,0,On Time,Low Risk
2476,1,0,5,3,265,3,2,1,30,2293,1,1,2,1,1,1,0,0.0005608666,0,On Time,Low Risk
2477,2,0,3,4,243,3,1,0,60,2980,1,0,0,1,1,1,0,0.00046627503,0,On Time,Low Risk
2478,4,0,5,2,209,4,2,1,15,3330,1,1,2,0,0,1,1,0.0007418706,0,On Time,Low Risk
2479,3,0,4,5,229,3,2,1,21,2688,1,1,2,1,1,1,0,0.00042603016,0,On Time,Low Risk
2480,4,0,3,1,257,2,1,0,45,3496,1,0,0,0,1,0,1,0.0004678301,0,On Time,Low Risk
2481,0,0,5,5,209,3,1,1,49,3893,1,1,0,0,0,1,0,0.0005631738,0,On Time,Low Risk
2482,1,0,3,3,142,3,2,1,23,1897,1,0,2,1,0,1,0,0.0011881335,0,On Time,Low Risk
2483,2,0,3,5,208,4,2,1,12,3181,1,0,2,0,0,1,0,0.0005450498,0,On Time,Low Risk
2484,4,2,6,3,167,6,1,0,15,1278,1,1,2,1,0,1,0,0.0009962906,0,On Time,Low Risk
2485,3,2,3,5,266,3,2,1,16,2334,1,0,2,1,1,1,0,0.0005061576,0,On Time,Low Risk
2486,4,2,5,3,210,2,2,1,44,3382,1,1,0,0,0,0,0,0.00064389576,0,On Time,Low Risk
2487,0,2,2,2,147,2,2,0,49,1447,1,0,0,1,0,0,1,0.00050925213,0,On Time,Low Risk
2488,1,2,5,2,132,2,2,1,8,1665,1,1,1,1,0,0,1,0.06578691,0,On Time,Low Risk
2489,2,2,3,4,269,3,2,0,21,3716,1,0,2,0,1,1,0,0.00051270117,0,On Time,Low Risk
2490,4,2,5,3,148,3,2,0,48,1099,1,1,0,1,0,1,0,0.00065535895,0,On Time,Low Risk
2491,3,2,4,5,268,2,0,1,32,3675,1,1,0,0,1,0,0,0.00047015815,0,On Time,Low Risk
2492,4,2,3,5,156,2,1,0,43,1301,1,0,0,1,0,0,0,0.00064722676,0,On Time,Low Risk
2493,0,2,5,1,222,4,1,1,63,3506,1,1,0,0,1,1,1,0.000754776,0,On Time,Low Risk
2494,1,2,4,5,151,3,0,0,31,1365,1,1,0,1,0,1,0,0.0009945342,0,On Time,Low Risk
2495,2,2,3,3,236,3,1,0,28,3652,1,0,2,0,1,1,0,0.00054911216,0,On Time,Low Risk
2496,4,2,3,5,229,3,2,0,12,3049,1,0,2,0,1,1,0,0.0005330383,0,On Time,Low Risk
2497,3,2,4,3,261,3,1,1,42,2664,1,1,0,1,1,1,0,0.00030696802,0,On Time,Low Risk
2498,4,2,2,1,229,4,1,1,6,3757,1,0,1,0,1,1,1,0.10173788,0,On Time,Low Risk
2499,0,2,4,5,205,3,1,0,60,2317,1,1,0,1,0,1,0,0.00041861384,0,On Time,Low Risk
2500,1,2,3,4,240,2,1,1,8,3883,1,0,1,0,1,0,0,0.03504051,0,On Time,Low Risk
2501,2,2,4,3,209,6,1,0,59,2622,1,1,0,1,0,1,0,0.00050084735,0,On Time,Low Risk
2502,4,2,2,1,252,2,1,1,35,2526,1,0,0,1,1,0,1,0.00043382106,0,On Time,Low Risk
2503,3,2,3,4,140,2,2,1,48,1102,1,0,0,1,0,0,0,0.0006971625,0,On Time,Low Risk
2504,4,2,5,4,156,2,1,0,57,1842,1,1,0,1,0,0,0,0.0008922329,0,On Time,Low Risk
2505,0,2,2,2,190,8,2,1,33,3448,1,0,0,0,0,1,1,0.00040344038,0,On Time,Low Risk
2506,1,2,3,4,138,6,2,1,5,1853,1,0,1,1,0,1,0,0.16909745,0,On Time,Low Risk
2507,2,2,5,4,243,3,1,0,35,2899,1,1,0,1,1,1,0,0.00055622536,0,On Time,Low Risk
2508,4,2,3,1,183,2,1,1,58,3027,1,0,0,0,0,0,1,0.00041785097,0,On Time,Low Risk
2509,3,2,3,5,190,10,2,1,26,3244,1,0,2,0,0,1,0,0.00072516943,0,On Time,Low Risk
2510,4,2,5,1,235,2,1,1,27,2451,1,1,2,1,1,0,1,0.0008169132,0,On Time,Low Risk
2511,0,2,3,2,143,6,2,1,63,1953,1,0,0,1,0,1,1,0.0009804673,0,On Time,Low Risk
2512,1,2,3,1,176,2,2,0,45,1470,1,0,0,1,0,0,1,0.00067337404,0,On Time,Low Risk
2513,2,2,3,5,178,3,1,0,39,1498,1,0,0,1,0,1,0,0.000673599,0,On Time,Low Risk
2514,4,2,3,2,270,2,2,0,59,3706,1,0,0,0,1,0,1,0.00051160547,0,On Time,Low Risk
2515,3,2,4,4,141,2,1,1,7,1479,1,1,1,1,0,0,0,0.066164166,0,On Time,Low Risk
2516,4,2,4,3,220,3,2,1,8,3342,1,1,1,0,1,1,0,0.03857981,0,On Time,Low Risk
2517,0,2,5,5,264,3,2,0,56,3482,1,1,0,0,1,1,0,0.00045356064,0,On Time,Low Risk
2518,1,2,3,5,150,2,1,0,48,1256,1,0,0,1,0,0,0,0.0007791552,0,On Time,Low Risk
2519,2,2,3,4,175,3,2,1,4,1519,1,0,1,1,0,1,0,0.14778353,0,On Time,Low Risk
2520,4,2,2,4,223,3,2,0,19,3356,1,0,2,0,1,1,0,0.0005918965,0,On Time,Low Risk
2521,3,2,4,4,162,10,0,1,12,1583,1,1,2,1,0,1,0,0.00069492636,0,On Time,Low Risk
2522,4,2,6,4,221,10,2,1,42,2972,1,1,0,1,1,1,0,0.0008141793,0,On Time,Low Risk
2523,0,2,5,1,216,3,1,1,40,2668,1,1,0,1,1,1,1,0.0006114481,0,On Time,Low Risk
2524,1,2,5,5,133,10,2,1,9,1724,1,1,1,1,0,1,0,0.08760509,0,On Time,Low Risk
2525,2,2,4,2,191,3,0,1,3,2353,1,1,1,1,0,1,1,0.009937587,0,On Time,Low Risk
2526,4,2,4,5,156,3,1,1,39,1483,1,1,0,1,0,1,0,0.0003878688,0,On Time,Low Risk
2527,3,2,4,1,252,3,2,0,30,2669,1,1,2,1,1,1,1,0.00054819544,0,On Time,Low Risk
2528,4,2,3,5,198,3,1,1,2,3417,1,0,1,0,0,1,0,0.038703706,0,On Time,Low Risk
2529,0,2,2,3,139,8,2,1,21,1033,1,0,2,1,0,1,0,0.0016521313,0,On Time,Low Risk
2530,1,2,2,1,255,3,1,1,19,1551,1,0,2,1,1,1,1,0.00094921945,0,On Time,Low Risk
2531,2,2,4,1,141,2,1,0,23,1689,1,1,2,1,0,0,1,0.0007450628,0,On Time,Low Risk
2532,4,2,4,1,151,3,0,0,39,1458,1,1,0,1,0,1,1,0.000378333,0,On Time,Low Risk
2533,3,2,3,5,236,3,1,0,54,3976,1,0,0,0,1,1,0,0.00088774104,0,On Time,Low Risk
2534,4,2,3,4,229,3,2,0,46,3223,1,0,0,0,1,1,0,0.0005174458,0,On Time,Low Risk
2535,0,2,4,3,261,3,1,0,6,2787,1,1,1,1,1,1,0,0.016253565,0,On Time,Low Risk
2536,1,2,2,1,229,4,1,0,11,3614,1,0,2,0,1,1,1,0.0005622537,0,On Time,Low Risk
2537,2,2,4,4,205,3,1,0,58,2522,1,1,0,1,0,1,0,0.0004431139,0,On Time,Low Risk
2538,4,2,3,4,240,2,1,0,33,3489,1,0,0,0,1,0,0,0.00048109132,0,On Time,Low Risk
2539,3,2,4,4,209,6,1,1,62,3532,1,1,0,0,0,1,0,0.00063214137,0,On Time,Low Risk
2540,4,2,2,5,252,2,1,0,21,2070,1,0,2,1,1,0,0,0.00049019785,0,On Time,Low Risk
2541,0,2,3,3,140,2,2,0,30,1547,1,0,2,1,0,0,0,0.0006709104,0,On Time,Low Risk
2542,1,2,5,3,156,2,1,1,1,1147,1,1,1,1,0,0,0,0.121751554,0,On Time,Low Risk
2543,2,2,2,5,190,8,2,1,11,2976,1,0,2,1,0,1,0,0.00049700355,0,On Time,Low Risk
2544,4,2,3,3,138,6,2,1,49,1078,1,0,0,1,0,1,0,0.00094732933,0,On Time,Low Risk
2545,3,2,5,4,243,3,1,0,43,2866,1,1,0,1,1,1,0,0.0005786027,0,On Time,Low Risk
2546,4,2,3,5,183,2,1,0,10,2621,1,0,1,1,0,0,0,0.021532893,0,On Time,Low Risk
2547,0,2,3,5,190,10,2,1,32,2931,1,0,0,1,0,1,0,0.00037378975,0,On Time,Low Risk
2548,1,2,5,2,235,2,1,0,61,3451,1,1,0,0,1,0,1,0.0006950764,0,On Time,Low Risk
2549,2,2,3,1,143,6,2,1,2,1323,1,0,1,1,0,1,1,0.10190355,0,On Time,Low Risk
2550,4,2,3,3,176,2,2,1,34,1856,1,0,0,1,0,0,0,0.0010152105,0,On Time,Low Risk
2551,3,2,3,1,178,3,1,0,11,1481,1,0,2,1,0,1,1,0.00060564175,0,On Time,Low Risk
2552,4,2,3,5,270,2,2,0,46,2716,1,0,0,1,1,0,0,0.00047581393,0,On Time,Low Risk
2553,0,2,4,1,141,2,1,1,10,1340,1,1,1,1,0,0,1,0.108285785,0,On Time,Low Risk
2554,1,2,4,5,220,3,2,0,63,3109,1,1,0,0,1,1,0,0.00041725233,0,On Time,Low Risk
2555,2,2,5,5,264,3,2,0,23,2837,1,1,2,1,1,1,0,0.00054906326,0,On Time,Low Risk
2556,4,2,3,5,150,2,1,1,29,1934,1,0,2,1,0,0,0,0.0007954217,0,On Time,Low Risk
2557,3,2,3,3,175,3,2,0,32,1848,1,0,0,1,0,1,0,0.0008578512,0,On Time,Low Risk
2558,4,2,2,5,223,3,2,1,35,3437,1,0,0,0,1,1,0,0.00045924657,0,On Time,Low Risk
2559,0,2,4,3,162,10,0,1,25,1764,1,1,2,1,0,1,0,0.00064357,0,On Time,Low Risk
2560,1,2,6,3,221,10,2,0,13,2219,1,1,2,1,1,1,0,0.0010953973,0,On Time,Low Risk
2561,2,2,5,5,216,3,1,0,5,3137,1,1,1,0,1,1,0,0.034099206,0,On Time,Low Risk
2562,4,2,5,2,133,10,2,1,53,1674,1,1,0,1,0,1,1,0.00087638997,0,On Time,Low Risk
2563,3,2,4,3,191,3,0,0,45,3714,1,1,0,0,0,1,0,0.00025119804,0,On Time,Low Risk
2564,4,2,4,5,156,3,1,0,33,1836,1,1,0,1,0,1,0,0.0006006303,0,On Time,Low Risk
2565,0,2,4,2,252,3,2,0,43,3273,1,1,0,0,1,1,1,0.00043508815,0,On Time,Low Risk
2566,1,2,3,2,198,3,1,1,15,3250,1,0,2,0,0,1,1,0.0004724575,0,On Time,Low Risk
2567,2,2,2,4,139,8,2,0,62,1180,1,0,0,1,0,1,0,0.00087091944,0,On Time,Low Risk
2568,4,2,2,4,255,3,1,0,55,1663,1,0,0,1,1,1,0,0.0007359967,0,On Time,Low Risk
2569,3,2,4,2,141,2,1,0,8,1495,1,1,1,1,0,0,1,0.11065518,0,On Time,Low Risk
2570,4,2,5,2,263,2,2,0,63,1254,1,1,0,1,1,0,1,0.0011712906,0,On Time,Low Risk
2571,0,2,3,3,179,3,2,0,41,1892,1,0,0,1,0,1,0,0.0007402047,0,On Time,Low Risk
2572,1,2,4,5,212,4,1,1,21,1014,1,1,2,1,0,1,0,0.0019507302,0,On Time,Low Risk
2573,2,2,2,1,282,5,1,0,51,1362,1,0,0,1,1,1,1,0.0009671565,0,On Time,Low Risk
2574,4,2,3,5,165,3,2,1,33,1500,1,0,0,1,0,1,0,0.0006815049,0,On Time,Low Risk
2575,3,2,4,1,189,2,2,0,63,3474,1,1,0,0,0,0,1,0.0005087999,0,On Time,Low Risk
2576,4,2,5,5,157,4,2,1,60,1407,1,1,0,1,0,1,0,0.00078098977,0,On Time,Low Risk
2577,0,1,3,4,167,3,1,1,14,1420,1,0,2,1,0,1,0,0.00082698814,0,On Time,Low Risk
2578,1,1,3,1,175,2,1,1,42,1668,1,0,0,1,0,0,1,0.00080906757,0,On Time,Low Risk
2579,2,1,3,4,150,2,2,1,64,1777,1,0,0,1,0,0,0,0.0007154567,0,On Time,Low Risk
2580,4,1,4,2,128,5,1,0,28,1247,1,1,2,1,0,1,1,0.0006579188,0,On Time,Low Risk
2581,3,1,5,2,236,2,1,1,24,3679,1,1,2,0,1,0,1,0.0009510566,0,On Time,Low Risk
2582,4,1,4,3,162,2,2,0,58,1708,1,1,0,1,0,0,0,0.00061467494,0,On Time,Low Risk
2583,0,1,5,4,230,2,2,0,48,3743,1,1,0,0,1,0,0,0.0005441383,0,On Time,Low Risk
2584,1,1,5,3,225,4,1,0,60,2130,1,1,0,1,1,1,0,0.000690403,0,On Time,Low Risk
2585,2,1,2,2,285,2,2,0,16,2223,1,0,2,1,1,0,1,0.00060756004,0,On Time,Low Risk
2586,4,1,4,5,246,2,2,1,31,2415,1,1,0,1,1,0,0,0.0005113456,0,On Time,Low Risk
2587,3,1,4,4,196,2,1,0,6,2718,1,1,1,1,0,0,0,0.02457863,0,On Time,Low Risk
2588,4,1,5,4,211,6,1,1,33,3955,1,1,0,0,0,1,0,0.0007622336,0,On Time,Low Risk
2589,0,1,3,1,197,2,1,1,4,3621,1,0,1,0,0,0,1,0.036389522,0,On Time,Low Risk
2590,1,1,5,3,203,2,1,0,37,3531,1,1,0,0,0,0,0,0.0005043845,0,On Time,Low Risk
2591,2,1,4,2,161,3,2,0,10,1928,1,1,1,1,0,1,1,0.18902563,0,On Time,Low Risk
2592,4,1,5,5,266,4,2,1,62,2201,1,1,0,1,1,1,0,0.0007495218,0,On Time,Low Risk
2593,3,1,4,1,190,3,1,0,32,2774,1,1,0,1,0,1,1,0.0003715425,0,On Time,Low Risk
2594,4,1,3,2,140,3,1,0,42,1465,1,0,0,1,0,1,1,0.0006502464,0,On Time,Low Risk
2595,0,1,4,1,274,4,2,1,61,3402,1,1,0,0,1,1,1,0.00077785994,0,On Time,Low Risk
2596,1,1,4,2,168,3,1,1,59,1717,1,1,0,1,0,1,1,0.00083052606,0,On Time,Low Risk
2597,2,1,3,5,189,3,1,0,61,2203,1,0,0,1,0,1,0,0.0004707762,0,On Time,Low Risk
2598,4,1,3,2,231,3,1,0,56,2714,1,0,0,1,1,1,1,0.0005785465,0,On Time,Low Risk
2599,3,0,5,1,189,3,2,0,14,3318,1,1,2,0,0,1,1,0.00057303085,0,On Time,Low Risk
2600,4,0,4,1,220,2,2,1,38,2368,1,1,0,1,1,0,1,0.00041602188,0,On Time,Low Risk
2601,0,0,5,4,190,2,2,0,23,3960,1,1,2,0,0,0,0,0.00040931164,0,On Time,Low Risk
2602,1,0,4,2,238,3,1,1,30,3423,1,1,2,0,1,1,1,0.00065890147,0,On Time,Low Risk
2603,2,0,4,4,220,2,2,0,33,2897,1,1,0,1,1,0,0,0.0003743453,0,On Time,Low Risk
2604,4,0,4,5,194,2,0,1,44,2651,1,1,0,1,0,0,0,0.00036095444,0,On Time,Low Risk
2605,3,0,3,3,203,3,2,1,29,3261,1,0,2,0,0,1,0,0.00054551184,0,On Time,Low Risk
2606,4,0,3,5,258,3,1,1,21,3446,1,0,2,0,1,1,0,0.0005078773,0,On Time,Low Risk
2607,0,0,3,5,151,3,1,1,3,1273,1,0,1,1,0,1,0,0.12230263,0,On Time,Low Risk
2608,1,0,3,2,218,3,2,0,52,2149,1,0,0,1,1,1,1,0.00043007263,0,On Time,Low Risk
2609,2,0,5,1,265,3,2,1,6,2452,1,1,1,1,1,1,1,0.029404072,0,On Time,Low Risk
2610,4,0,4,1,157,3,2,1,31,1712,1,1,0,1,0,1,1,0.0004365998,0,On Time,Low Risk
2611,3,0,4,2,214,3,2,0,20,2009,1,1,2,1,0,1,1,0.0012429086,0,On Time,Low Risk
2612,4,0,4,4,221,4,2,1,14,2932,1,1,2,1,1,1,0,0.0005653603,0,On Time,Low Risk
2613,0,0,3,2,149,2,2,1,37,1699,1,0,0,1,0,0,1,0.00056032423,0,On Time,Low Risk
2614,1,0,4,2,273,5,2,0,6,2126,1,1,1,1,1,1,1,0.17525703,0,On Time,Low Risk
2615,2,0,5,1,253,5,1,1,31,3836,1,1,0,0,1,1,1,0.000918779,0,On Time,Low Risk
2616,4,0,3,5,102,6,2,1,3,1341,1,0,1,1,0,1,0,0.10090023,0,On Time,Low Risk
2617,3,0,4,1,258,2,1,0,56,3186,1,1,0,0,1,0,1,0.00041658262,0,On Time,Low Risk
2618,4,0,4,2,273,2,1,0,9,3383,1,1,1,0,1,0,1,0.040034667,0,On Time,Low Risk
2619,0,0,4,2,187,2,1,1,54,2191,1,1,0,1,0,0,1,0.00045224707,0,On Time,Low Risk
2620,1,0,5,1,151,2,2,0,30,1377,1,1,2,1,0,0,1,0.0010157431,0,On Time,Low Risk
2621,2,2,2,4,120,2,2,1,13,1240,1,0,2,1,0,0,0,0.0007105728,0,On Time,Low Risk
2622,4,2,3,1,254,2,1,1,56,3463,1,0,0,0,1,0,1,0.0005542218,0,On Time,Low Risk
2623,3,2,5,3,149,3,2,0,43,1005,1,1,0,1,0,1,0,0.0009202102,0,On Time,Low Risk
2624,4,2,4,1,152,3,0,1,26,1464,1,1,2,1,0,1,1,0.00042916244,0,On Time,Low Risk
2625,0,2,5,4,187,3,1,0,53,3172,1,1,0,0,0,1,0,0.0005320586,0,On Time,Low Risk
2626,1,2,4,4,170,2,1,1,34,1512,1,1,0,1,0,0,0,0.0009792388,0,On Time,Low Risk
2627,2,2,3,3,156,3,0,0,20,1305,1,0,2,1,0,1,0,0.00052571035,0,On Time,Low Risk
2628,4,2,4,5,228,2,1,1,63,3401,1,1,0,0,1,0,0,0.00041916515,0,On Time,Low Risk
2629,3,2,3,1,272,2,1,1,51,2719,1,0,0,1,1,0,1,0.00047708195,0,On Time,Low Risk
2630,4,2,3,1,140,2,1,0,6,1435,1,0,1,1,0,0,1,0.06967319,0,On Time,Low Risk
2631,0,2,3,5,185,2,2,1,27,3624,1,0,2,0,0,0,0,0.00042872512,0,On Time,Low Risk
2632,1,2,5,3,167,3,1,0,5,1772,1,1,1,1,0,1,0,0.15617916,0,On Time,Low Risk
2633,2,2,4,5,244,3,1,0,49,3914,1,1,0,0,1,1,0,0.0004601164,0,On Time,Low Risk
2634,4,2,3,4,229,6,2,0,33,2815,1,0,0,1,1,1,0,0.0005645636,0,On Time,Low Risk
2635,3,2,4,1,273,3,2,0,25,3717,1,1,2,0,1,1,1,0.00056668743,0,On Time,Low Risk
2636,4,2,4,3,204,3,1,1,30,3774,1,1,2,0,0,1,0,0.00056759344,0,On Time,Low Risk
2637,0,2,4,3,154,3,2,1,10,1711,1,1,1,1,0,1,0,0.055390164,0,On Time,Low Risk
2638,1,2,3,1,254,4,1,0,33,2542,1,0,0,1,1,1,1,0.0006101976,0,On Time,Low Risk
2639,2,2,3,2,151,3,1,1,40,1173,1,0,0,1,0,1,1,0.00084980216,0,On Time,Low Risk
2640,4,2,3,5,242,5,2,0,61,3688,1,0,0,0,1,1,0,0.00063264073,0,On Time,Low Risk
2641,3,2,4,5,137,2,2,0,14,1796,1,1,2,1,0,0,0,0.00046367772,0,On Time,Low Risk
2642,4,2,4,4,163,2,1,0,41,1634,1,1,0,1,0,0,0,0.0006369417,0,On Time,Low Risk
2643,0,2,3,3,143,3,2,0,16,1343,1,0,2,1,0,1,0,0.0007782098,0,On Time,Low Risk
2644,1,2,4,4,196,3,1,0,11,3244,1,1,2,0,0,1,0,0.00047552033,0,On Time,Low Risk
2645,2,2,4,3,264,2,1,0,38,3877,1,1,0,0,1,0,0,0.00040580623,0,On Time,Low Risk
2646,4,2,4,1,217,3,2,1,2,2692,1,1,1,1,1,1,1,0.039402407,0,On Time,Low Risk
2647,3,2,3,3,124,3,2,1,59,1959,1,0,0,1,0,1,0,0.0010439532,0,On Time,Low Risk
2648,4,2,3,1,269,3,1,1,61,3542,1,0,0,0,1,1,1,0.00045386772,0,On Time,Low Risk
2649,0,2,3,1,135,4,2,1,47,1840,1,0,0,1,0,1,1,0.0013189706,0,On Time,Low Risk
2650,1,2,2,1,192,3,0,1,46,3206,1,0,0,0,0,1,1,0.0002472119,0,On Time,Low Risk
2651,2,2,4,1,274,4,2,0,42,2430,1,1,0,1,1,1,1,0.0005947687,0,On Time,Low Risk
2652,4,2,3,2,162,4,1,1,25,1316,1,0,2,1,0,1,1,0.001098819,0,On Time,Low Risk
2653,3,2,3,3,158,3,1,0,20,1431,1,0,2,1,0,1,0,0.00060546515,0,On Time,Low Risk
2654,4,2,5,3,225,3,2,1,59,2270,1,1,0,1,1,1,0,0.0005079679,0,On Time,Low Risk
2655,0,2,2,5,150,3,1,0,16,1738,1,0,2,1,0,1,0,0.0009263253,0,On Time,Low Risk
2656,1,2,6,3,154,5,2,0,57,1117,1,1,0,1,0,1,0,0.0011745789,0,On Time,Low Risk
2657,2,2,3,1,181,3,2,1,34,3306,1,0,0,0,0,1,1,0.00050576765,0,On Time,Low Risk
2658,4,2,3,4,272,3,1,1,44,2548,1,0,0,1,1,1,0,0.00044717026,0,On Time,Low Risk
2659,3,2,3,3,160,4,2,1,58,1496,1,0,0,1,0,1,0,0.00083879585,0,On Time,Low Risk
2660,4,2,5,5,145,3,2,0,37,1993,1,1,0,1,0,1,0,0.0010454765,0,On Time,Low Risk
2661,0,2,4,4,143,5,0,0,5,1027,1,1,1,1,0,1,0,0.20580061,0,On Time,Low Risk
2662,1,2,4,1,201,4,2,1,59,2925,1,1,0,1,0,1,1,0.0006493788,0,On Time,Low Risk
2663,2,2,4,3,242,4,1,1,62,3997,1,1,0,0,1,1,0,0.0009926457,0,On Time,Low Risk
2664,4,2,4,4,151,2,1,0,38,1001,1,1,0,1,0,0,0,0.0008977648,0,On Time,Low Risk
2665,3,2,4,4,199,2,2,1,25,3705,1,1,2,0,0,0,0,0.0005096197,0,On Time,Low Risk
2666,4,2,4,1,178,3,2,1,9,1006,1,1,1,1,0,1,1,0.19458991,0,On Time,Low Risk
2667,0,2,3,2,138,3,1,1,49,1923,1,0,0,1,0,1,1,0.0007426614,0,On Time,Low Risk
2668,1,2,5,3,162,4,2,1,38,1407,1,1,0,1,0,1,0,0.00091167167,0,On Time,Low Risk
2669,2,2,4,3,154,3,1,1,33,1101,1,1,0,1,0,1,0,0.00051052915,0,On Time,Low Risk
2670,4,2,3,1,206,2,2,0,56,2069,1,0,0,1,0,0,1,0.0006487132,0,On Time,Low Risk
2671,3,2,5,2,246,2,1,0,4,3617,1,1,1,0,1,0,1,0.04614289,0,On Time,Low Risk
2672,4,2,4,3,233,2,2,0,47,3606,1,1,0,0,1,0,0,0.0004978862,0,On Time,Low Risk
2673,0,2,4,1,251,4,2,0,33,2906,1,1,0,1,1,1,1,0.0005982336,0,On Time,Low Risk
2674,1,2,3,1,165,3,2,1,61,1313,1,0,0,1,0,1,1,0.0006454284,0,On Time,Low Risk
2675,2,2,4,3,183,2,1,0,32,3709,1,1,0,0,0,0,0,0.0003474107,0,On Time,Low Risk
2676,4,2,3,2,109,3,1,0,30,1597,1,0,2,1,0,1,1,0.0004753973,0,On Time,Low Risk
2677,3,2,5,3,209,4,2,0,7,2675,1,1,1,1,0,1,0,0.09616051,0,On Time,Low Risk
2678,4,2,5,2,168,3,1,0,50,1486,1,1,0,1,0,1,1,0.00078773947,0,On Time,Low Risk
2679,0,2,5,3,210,2,1,1,19,3920,1,1,2,0,0,0,0,0.00059702405,0,On Time,Low Risk
2680,1,2,3,1,185,2,1,0,41,3787,1,0,0,0,0,0,1,0.00045081813,0,On Time,Low Risk
2681,2,2,5,2,243,2,2,1,58,2758,1,1,0,1,1,0,1,0.0005422103,0,On Time,Low Risk
2682,4,2,3,4,258,3,1,0,55,2777,1,0,0,1,1,1,0,0.00040962486,0,On Time,Low Risk
2683,3,2,4,4,279,5,2,0,56,2697,1,1,0,1,1,1,0,0.00092096976,0,On Time,Low Risk
2684,4,2,3,1,160,3,1,1,57,1833,1,0,0,1,0,1,1,0.0006838131,0,On Time,Low Risk
2685,0,2,3,1,185,4,1,0,35,3648,1,0,0,0,0,1,1,0.00060433807,0,On Time,Low Risk
2686,1,2,4,3,271,4,1,0,24,3499,1,1,2,0,1,1,0,0.0006229972,0,On Time,Low Risk
2687,2,2,4,2,273,2,1,0,31,2229,1,1,0,1,1,0,1,0.0005114526,0,On Time,Low Risk
2688,4,2,3,4,208,3,2,0,23,2100,1,0,2,1,0,1,0,0.00071790145,0,On Time,Low Risk
2689,3,2,2,2,137,3,1,0,20,1823,1,0,2,1,0,1,1,0.0006433489,0,On Time,Low Risk
2690,4,2,4,1,198,3,2,0,56,3135,1,1,0,0,0,1,1,0.000623909,0,On Time,Low Risk
2691,0,2,5,1,236,4,0,0,64,3231,1,1,0,0,1,1,1,0.00060046744,0,On Time,Low Risk
2692,1,2,5,5,133,2,1,0,18,1134,1,1,2,1,0,0,0,0.0011983658,0,On Time,Low Risk
2693,2,2,4,2,191,3,2,0,12,3676,1,1,2,0,0,1,1,0.0003304109,0,On Time,Low Risk
2694,4,2,3,1,202,3,1,0,51,3551,1,0,0,0,0,1,1,0.0005780176,0,On Time,Low Risk
2695,3,2,5,1,162,5,1,0,47,1727,1,1,0,1,0,1,1,0.0011628103,0,On Time,Low Risk
2696,4,2,5,1,224,2,1,0,14,2959,1,1,2,1,1,0,1,0.00072275684,0,On Time,Low Risk
2697,0,2,4,2,191,2,0,1,65,3082,1,1,0,0,0,0,1,0.00019859053,0,On Time,Low Risk
2698,1,2,3,5,272,2,2,1,31,2438,1,0,0,1,1,0,0,0.00035043622,0,On Time,Low Risk
2699,2,2,4,3,269,3,1,0,7,2538,1,1,1,1,1,1,0,0.02420082,0,On Time,Low Risk
2700,4,2,4,2,179,3,0,0,30,1076,1,1,2,1,0,1,1,0.0005905289,0,On Time,Low Risk
2701,3,2,3,5,225,2,1,0,56,2596,1,0,0,1,1,0,0,0.00038668737,0,On Time,Low Risk
2702,4,2,3,2,132,2,2,1,6,1185,1,0,1,1,0,0,1,0.06447348,0,On Time,Low Risk
2703,0,2,5,3,244,3,1,0,52,3118,1,1,0,0,1,1,0,0.00054211856,0,On Time,Low Risk
2704,1,2,3,4,185,2,1,0,62,2849,1,0,0,1,0,0,0,0.00045387138,0,On Time,Low Risk
2705,2,2,3,3,257,3,1,1,64,3103,1,0,0,0,1,1,0,0.00044171035,0,On Time,Low Risk
2706,4,2,3,3,253,5,1,0,63,3788,1,0,0,0,1,1,0,0.0007238235,0,On Time,Low Risk
2707,3,2,4,3,174,3,1,0,5,1502,1,1,1,1,0,1,0,0.10102579,0,On Time,Low Risk
2708,4,2,2,1,200,3,2,1,34,2199,1,0,0,1,0,1,1,0.00051527086,0,On Time,Low Risk
2709,0,2,3,1,150,3,2,0,8,1745,1,0,1,1,0,1,1,0.13086686,0,On Time,Low Risk
2710,1,2,3,2,137,3,2,0,9,1347,1,0,1,1,0,1,1,0.04880598,0,On Time,Low Risk
2711,2,2,3,1,181,3,2,1,29,2981,1,0,2,1,0,1,1,0.0005585119,0,On Time,Low Risk
2712,4,2,5,2,246,2,2,1,13,2652,1,1,2,1,1,0,1,0.0008035452,0,On Time,Low Risk
2713,3,2,3,3,237,5,1,1,48,2057,1,0,0,1,1,1,0,0.0006370485,0,On Time,Low Risk
2714,4,1,3,5,226,3,2,1,55,2465,1,0,0,1,1,1,0,0.00047117303,0,On Time,Low Risk
2715,0,1,4,4,225,3,1,1,51,2892,1,1,0,1,1,1,0,0.0004909807,0,On Time,Low Risk
2716,1,1,3,2,268,2,1,1,20,2731,1,0,2,1,1,0,1,0.00062911405,0,On Time,Low Risk
2717,2,1,4,3,146,3,1,1,41,1140,1,1,0,1,0,1,0,0.0009571941,0,On Time,Low Risk
2718,4,1,4,5,159,3,1,1,2,1048,1,1,1,1,0,1,0,0.17850156,0,On Time,Low Risk
2719,3,1,3,1,135,3,1,0,38,1829,1,0,0,1,0,1,1,0.0008221129,0,On Time,Low Risk
2720,4,1,3,2,134,2,2,0,45,1946,1,0,0,1,0,0,1,0.0012276571,0,On Time,Low Risk
2721,0,1,4,3,210,3,1,1,3,2742,1,1,1,1,0,1,0,0.027375739,0,On Time,Low Risk
2722,1,1,4,4,238,3,1,0,13,2042,1,1,2,1,1,1,0,0.00064219447,0,On Time,Low Risk
2723,2,1,4,3,214,4,1,1,34,3446,1,1,0,0,0,1,0,0.0007211689,0,On Time,Low Risk
2724,4,1,4,2,204,4,1,0,35,2725,1,1,0,1,0,1,1,0.00072356797,0,On Time,Low Risk
2725,3,1,4,1,227,3,1,1,5,3100,1,1,1,0,1,1,1,0.038859695,0,On Time,Low Risk
2726,4,1,4,3,253,3,0,0,18,2849,1,1,2,1,1,1,0,0.0005989273,0,On Time,Low Risk
2727,0,1,2,3,126,4,0,0,3,1364,1,0,1,1,0,1,0,0.07953432,0,On Time,Low Risk
2728,1,1,4,4,208,2,0,0,20,2759,1,1,2,1,0,0,0,0.00045844004,0,On Time,Low Risk
2729,2,1,4,4,179,3,1,1,48,1943,1,1,0,1,0,1,0,0.00073628046,0,On Time,Low Risk
2730,4,1,3,1,132,2,2,1,62,1909,1,0,0,1,0,0,1,0.0009437712,0,On Time,Low Risk
2731,3,1,3,4,144,3,1,1,56,1496,1,0,0,1,0,1,0,0.00076838484,0,On Time,Low Risk
2732,4,1,3,3,236,2,2,0,58,3360,1,0,0,0,1,0,0,0.0005852289,0,On Time,Low Risk
2733,0,1,4,4,235,3,1,0,17,3715,1,1,2,0,1,1,0,0.0006481246,0,On Time,Low Risk
2734,1,1,4,5,254,3,1,1,29,3885,1,1,2,0,1,1,0,0.0008053431,0,On Time,Low Risk
2735,2,1,3,2,144,5,2,1,43,1027,1,0,0,1,0,1,1,0.0013949781,0,On Time,Low Risk
2736,4,0,5,1,272,3,2,1,27,2415,1,1,2,1,1,1,1,0.0004838876,0,On Time,Low Risk
2737,3,0,3,3,191,4,2,0,17,3675,1,0,2,0,0,1,0,0.00051070703,0,On Time,Low Risk
2738,4,0,5,3,177,4,2,1,60,1159,1,1,0,1,0,1,0,0.0005843624,0,On Time,Low Risk
2739,0,0,5,4,226,3,1,0,46,3149,1,1,0,0,1,1,0,0.00055951544,0,On Time,Low Risk
2740,1,0,3,4,132,2,2,1,12,1493,1,0,2,1,0,0,0,0.0006840755,0,On Time,Low Risk
2741,2,0,3,1,121,5,1,0,60,1577,1,0,0,1,0,1,1,0.00054080074,0,On Time,Low Risk
2742,4,0,4,2,171,3,1,0,40,1021,1,1,0,1,0,1,1,0.0007939863,0,On Time,Low Risk
2743,3,0,3,3,178,3,0,1,12,1900,1,0,2,1,0,1,0,0.00063222094,0,On Time,Low Risk
2744,4,0,4,3,132,4,2,1,10,1767,1,1,1,1,0,1,0,0.07651414,0,On Time,Low Risk
2745,0,0,6,4,249,5,2,1,43,3078,1,1,0,0,1,1,0,0.00074560574,0,On Time,Low Risk
2746,1,0,2,4,159,3,2,1,47,1547,1,0,0,1,0,1,0,0.00062835566,0,On Time,Low Risk
2747,2,0,5,2,171,3,0,1,34,1029,1,1,0,1,0,1,1,0.0009041026,0,On Time,Low Risk
2748,4,0,3,3,150,3,1,1,6,1775,1,0,1,1,0,1,0,0.12962084,0,On Time,Low Risk
2749,3,0,4,4,178,3,1,0,1,1165,1,1,1,1,0,1,0,0.12994379,0,On Time,Low Risk
2750,4,0,3,3,192,7,0,0,25,2152,1,0,2,1,0,1,0,0.00045371975,0,On Time,Low Risk
2751,0,0,3,5,214,8,0,1,50,3628,1,0,0,0,0,1,0,0.0006654511,0,On Time,Low Risk
2752,1,0,5,3,225,7,2,0,45,3162,1,1,0,0,1,1,0,0.00067639124,0,On Time,Low Risk
2753,2,0,5,4,167,7,2,0,23,1691,1,1,2,1,0,1,0,0.0010041211,0,On Time,Low Risk
2754,4,0,3,5,245,4,2,1,4,2769,1,0,1,1,1,1,0,0.08751446,0,On Time,Low Risk
2755,3,0,4,5,138,7,2,1,60,1366,1,1,0,1,0,1,0,0.00050029316,0,On Time,Low Risk
2756,4,0,4,4,173,3,2,0,64,1847,1,1,0,1,0,1,0,0.0008491939,0,On Time,Low Risk
2757,0,0,3,5,98,3,2,0,48,1635,1,0,0,1,0,1,0,0.00055169617,0,On Time,Low Risk
2758,1,2,3,1,231,2,1,1,44,3688,1,0,0,0,1,0,1,0.00040289023,0,On Time,Low Risk
2759,2,2,5,5,149,7,2,0,50,1346,1,1,0,1,0,1,0,0.0006264801,0,On Time,Low Risk
2760,4,2,3,1,206,3,2,1,28,2892,1,0,2,1,0,1,1,0.00068362645,0,On Time,Low Risk
2761,3,2,5,3,264,10,2,0,34,3441,1,1,0,0,1,1,0,0.0008039166,0,On Time,Low Risk
2762,4,2,3,1,193,2,2,0,23,2728,1,0,2,1,0,0,1,0.00080502743,0,On Time,Low Risk
2763,0,2,5,1,263,2,2,0,4,1092,1,1,1,1,1,0,1,0.52355635,1,Late,Medium Risk
2764,1,2,3,2,191,4,2,0,16,2277,1,0,2,1,0,1,1,0.00035455346,0,On Time,Low Risk
2765,2,2,5,4,177,4,2,1,48,1920,1,1,0,1,0,1,0,0.0013891899,0,On Time,Low Risk
2766,4,2,5,5,226,3,1,1,50,2348,1,1,0,1,1,1,0,0.00052572286,0,On Time,Low Risk
2767,3,2,3,1,132,2,2,0,16,1731,1,0,2,1,0,0,1,0.0005289816,0,On Time,Low Risk
2768,4,2,3,1,121,5,1,1,62,1505,1,0,0,1,0,1,1,0.00043156467,0,On Time,Low Risk
2769,0,2,4,2,171,3,1,1,34,1352,1,1,0,1,0,1,1,0.00096760987,0,On Time,Low Risk
2770,1,2,3,3,178,3,0,1,43,1517,1,0,0,1,0,1,0,0.0006182678,0,On Time,Low Risk
2771,2,2,4,4,132,4,2,0,44,1692,1,1,0,1,0,1,0,0.0005629854,0,On Time,Low Risk
2772,4,2,6,5,249,5,2,1,26,3897,1,1,2,0,1,1,0,0.00088953867,0,On Time,Low Risk
2773,3,2,2,3,159,3,2,0,39,1477,1,0,0,1,0,1,0,0.00051711546,0,On Time,Low Risk
2774,4,2,5,5,171,3,0,1,14,1554,1,1,2,1,0,1,0,0.00077347335,0,On Time,Low Risk
2775,0,2,3,1,150,3,1,0,43,1831,1,0,0,1,0,1,1,0.000767593,0,On Time,Low Risk
2776,1,2,4,1,178,3,1,1,19,1906,1,1,2,1,0,1,1,0.0012528547,0,On Time,Low Risk
2777,2,2,3,3,192,7,0,0,36,3634,1,0,0,0,0,1,0,0.00030084688,0,On Time,Low Risk
2778,4,2,3,4,214,8,0,0,6,2924,1,0,1,1,0,1,0,0.076824695,0,On Time,Low Risk
2779,3,2,5,3,225,7,2,0,17,3516,1,1,2,0,1,1,0,0.0009031357,0,On Time,Low Risk
2780,4,2,5,4,167,7,2,0,43,1619,1,1,0,1,0,1,0,0.00093158585,0,On Time,Low Risk
2781,0,2,3,2,245,4,2,1,60,2178,1,0,0,1,1,1,1,0.0005087781,0,On Time,Low Risk
2782,1,2,4,4,138,7,2,1,65,1530,1,1,0,1,0,1,0,0.0003711435,0,On Time,Low Risk
2783,2,2,4,4,173,3,2,0,61,1609,1,1,0,1,0,1,0,0.0007963254,0,On Time,Low Risk
2784,4,2,3,2,98,3,2,0,60,1057,1,0,0,1,0,1,1,0.00083314575,0,On Time,Low Risk
2785,3,2,3,1,231,2,1,1,24,3811,1,0,2,0,1,0,1,0.00052295503,0,On Time,Low Risk
2786,4,2,5,3,149,7,2,0,51,1425,1,1,0,1,0,1,0,0.0006109393,0,On Time,Low Risk
2787,0,2,3,5,206,3,2,1,21,3746,1,0,2,0,0,1,0,0.00047430914,0,On Time,Low Risk
2788,1,2,5,4,264,10,2,0,34,2960,1,1,0,1,1,1,0,0.000836822,0,On Time,Low Risk
2789,2,2,3,5,193,2,2,0,12,3730,1,0,2,0,0,0,0,0.00046342984,0,On Time,Low Risk
2790,4,2,5,2,263,2,2,0,51,1657,1,1,0,1,1,0,1,0.0013170029,0,On Time,Low Risk
2791,3,2,2,5,282,5,1,1,63,1173,1,0,0,1,1,1,0,0.0015416949,0,On Time,Low Risk
2792,4,2,5,4,193,3,1,1,55,2758,1,1,0,1,0,1,0,0.0006005124,0,On Time,Low Risk
2793,0,2,4,4,171,3,2,0,11,1594,1,1,2,1,0,1,0,0.00086971745,0,On Time,Low Risk
2794,1,2,3,5,212,3,1,0,19,2703,1,0,2,1,0,1,0,0.00054864027,0,On Time,Low Risk
2795,2,2,2,1,159,2,1,0,44,1213,1,0,0,1,0,0,1,0.0005316774,0,On Time,Low Risk
2796,4,2,3,2,102,4,2,1,57,1220,1,0,0,1,0,1,1,0.0009752863,0,On Time,Low Risk
2797,3,2,3,2,145,2,2,0,29,1690,1,0,2,1,0,0,1,0.00093838375,0,On Time,Low Risk
2798,4,2,3,1,225,2,0,0,43,2585,1,0,0,1,1,0,1,0.00044842798,0,On Time,Low Risk
2799,0,2,2,1,174,3,2,0,12,1358,1,0,2,1,0,1,1,0.0007566715,0,On Time,Low Risk
2800,1,2,4,3,223,4,1,0,25,3148,1,1,2,0,1,1,0,0.0005877715,0,On Time,Low Risk
2801,2,2,3,5,185,2,1,0,36,3501,1,0,0,0,0,0,0,0.00040976293,0,On Time,Low Risk
2802,4,2,4,5,245,3,2,1,6,2717,1,1,1,1,1,1,0,0.031701386,0,On Time,Low Risk
2803,3,2,3,3,99,3,0,1,63,1223,1,0,0,1,0,1,0,0.0006282802,0,On Time,Low Risk
2804,4,2,3,3,141,4,1,0,35,1417,1,0,0,1,0,1,0,0.0007306217,0,On Time,Low Risk
2805,0,2,4,2,222,2,2,0,16,2518,1,1,2,1,1,0,1,0.00044240546,0,On Time,Low Risk
2806,1,2,3,2,192,3,2,0,64,3233,1,0,0,0,0,1,1,0.00026591393,0,On Time,Low Risk
2807,2,2,3,1,187,4,2,1,42,3621,1,0,0,0,0,1,1,0.0007462957,0,On Time,Low Risk
2808,4,2,4,2,216,2,1,0,26,2431,1,1,2,1,1,0,1,0.00069859845,0,On Time,Low Risk
2809,3,2,3,2,146,4,1,1,13,1790,1,0,2,1,0,1,1,0.0014062311,0,On Time,Low Risk
2810,4,2,3,2,207,2,1,1,20,3419,1,0,2,0,0,0,1,0.00077034015,0,On Time,Low Risk
2811,0,2,4,2,225,2,1,0,6,2010,1,1,1,1,1,0,1,0.24793069,0,On Time,Low Risk
2812,1,2,3,4,230,2,2,0,15,2302,1,0,2,1,1,0,0,0.00045560027,0,On Time,Low Risk
2813,2,2,3,2,173,3,2,0,37,1990,1,0,0,1,0,1,1,0.0010628104,0,On Time,Low Risk
2814,4,2,4,4,127,4,0,1,54,1239,1,1,0,1,0,1,0,0.00051757006,0,On Time,Low Risk
2815,3,2,3,3,214,2,1,1,28,3869,1,0,2,0,0,0,0,0.0006803971,0,On Time,Low Risk
2816,4,2,4,1,161,3,1,1,59,1454,1,1,0,1,0,1,1,0.0005086336,0,On Time,Low Risk
2817,0,2,4,2,262,2,1,0,37,3523,1,1,0,0,1,0,1,0.00042702854,0,On Time,Low Risk
2818,1,2,5,2,157,3,1,1,1,1798,1,1,1,1,0,1,1,0.16229554,0,On Time,Low Risk
2819,2,2,3,1,164,3,2,0,9,1803,1,0,1,1,0,1,1,0.1424764,0,On Time,Low Risk
2820,4,2,4,4,174,2,1,0,11,1577,1,1,2,1,0,0,0,0.0008087889,0,On Time,Low Risk
2821,3,2,2,2,188,4,2,1,39,2424,1,0,0,1,0,1,1,0.00060672447,0,On Time,Low Risk
2822,4,2,3,1,141,2,1,0,4,1297,1,0,1,1,0,0,1,0.08991659,0,On Time,Low Risk
2823,0,2,5,5,134,2,2,1,64,1785,1,1,0,1,0,0,0,0.0010971042,0,On Time,Low Risk
2824,1,2,2,4,147,2,2,0,65,1738,1,0,0,1,0,0,0,0.0005675074,0,On Time,Low Risk
2825,2,2,4,1,180,3,2,1,27,1551,1,1,2,1,0,1,1,0.0009145614,0,On Time,Low Risk
2826,4,2,3,3,225,2,2,1,55,2259,1,0,0,1,1,0,0,0.0005012032,0,On Time,Low Risk
2827,3,2,2,3,172,3,2,0,11,1522,1,0,2,1,0,1,0,0.0008855134,0,On Time,Low Risk
2828,4,2,6,2,131,5,2,0,5,1718,1,1,1,1,0,1,1,0.18318719,0,On Time,Low Risk
2829,0,2,3,1,270,4,1,1,47,3487,1,0,0,0,1,1,1,0.00063381216,0,On Time,Low Risk
2830,1,2,3,4,172,3,1,1,56,1103,1,0,0,1,0,1,0,0.0008245234,0,On Time,Low Risk
2831,2,2,4,5,198,3,2,1,33,2129,1,1,0,1,0,1,0,0.00041571364,0,On Time,Low Risk
2832,4,2,4,2,167,3,1,1,21,1637,1,1,2,1,0,1,1,0.00082590536,0,On Time,Low Risk
2833,3,2,2,2,168,5,2,0,1,1885,1,0,1,1,0,1,1,0.46374586,0,On Time,Medium Risk
2834,4,2,4,1,165,4,2,0,34,1831,1,1,0,1,0,1,1,0.0011823706,0,On Time,Low Risk
2835,0,2,4,5,149,6,2,1,40,1974,1,1,0,1,0,1,0,0.00067184644,0,On Time,Low Risk
2836,1,2,3,3,186,3,1,1,24,3262,1,0,2,0,0,1,0,0.00054625334,0,On Time,Low Risk
2837,2,2,4,1,151,2,1,0,47,1682,1,1,0,1,0,0,1,0.0008064751,0,On Time,Low Risk
2838,4,2,3,5,146,3,2,0,30,1569,1,0,2,1,0,1,0,0.00074659224,0,On Time,Low Risk
2839,3,2,4,5,232,2,1,1,54,2526,1,1,0,1,1,0,0,0.0004203223,0,On Time,Low Risk
2840,4,2,4,1,177,2,1,0,22,1698,1,1,2,1,0,0,1,0.0007722056,0,On Time,Low Risk
2841,0,2,4,4,149,2,2,0,19,1665,1,1,2,1,0,0,0,0.0006067765,0,On Time,Low Risk
2842,1,2,4,2,180,3,1,1,3,1518,1,1,1,1,0,1,1,0.1594199,0,On Time,Low Risk
2843,2,2,5,5,172,2,2,0,40,1446,1,1,0,1,0,0,0,0.0010815663,0,On Time,Low Risk
2844,4,2,5,2,160,3,2,1,44,1054,1,1,0,1,0,1,1,0.00058777485,0,On Time,Low Risk
2845,3,2,3,2,206,2,2,0,28,2822,1,0,2,1,0,0,1,0.0006349407,0,On Time,Low Risk
2846,4,2,4,5,146,3,1,0,9,1685,1,1,1,1,0,1,0,0.0709047,0,On Time,Low Risk
2847,0,2,2,1,257,2,1,0,24,2130,1,0,2,1,1,0,1,0.00041467865,0,On Time,Low Risk
2848,1,2,5,5,219,3,2,1,27,3430,1,1,2,0,1,1,0,0.00059217546,0,On Time,Low Risk
2849,2,2,4,2,274,2,2,1,55,3416,1,1,0,0,1,0,1,0.00043670804,0,On Time,Low Risk
2850,4,2,2,2,177,5,1,1,36,1249,1,0,0,1,0,1,1,0.00084537466,0,On Time,Low Risk
2851,3,1,4,3,209,2,2,1,57,3741,1,1,0,0,0,0,0,0.00053239777,0,On Time,Low Risk
2852,4,1,4,1,207,2,1,1,2,3242,1,1,1,0,0,0,1,0.06320683,0,On Time,Low Risk
2853,0,1,4,4,153,3,1,0,27,1613,1,1,2,1,0,1,0,0.000576431,0,On Time,Low Risk
2854,1,1,4,4,158,3,1,0,61,1507,1,1,0,1,0,1,0,0.00067795685,0,On Time,Low Risk
2855,2,1,3,4,261,2,2,0,52,3340,1,0,0,0,1,0,0,0.00040583583,0,On Time,Low Risk
2856,4,1,4,1,182,6,1,1,41,2047,1,1,0,1,0,1,1,0.00045566805,0,On Time,Low Risk
2857,3,1,2,3,128,2,2,0,53,1530,1,0,0,1,0,0,0,0.00051797234,0,On Time,Low Risk
2858,4,1,2,1,178,3,1,1,6,1184,1,0,1,1,0,1,1,0.13796891,0,On Time,Low Risk
2859,0,1,2,4,198,3,1,1,37,2555,1,0,0,1,0,1,0,0.00048705772,0,On Time,Low Risk
2860,1,1,4,3,137,3,2,1,46,1299,1,1,0,1,0,1,0,0.00038062115,0,On Time,Low Risk
2861,2,1,4,1,168,2,1,0,41,1515,1,1,0,1,0,0,1,0.00090641977,0,On Time,Low Risk
2862,4,1,3,3,248,4,1,0,36,3276,1,0,0,0,1,1,0,0.0006537483,0,On Time,Low Risk
2863,3,1,5,2,225,3,2,0,29,2411,1,1,2,1,1,1,1,0.000670308,0,On Time,Low Risk
2864,4,1,5,4,239,2,1,1,35,2107,1,1,0,1,1,0,0,0.00057951035,0,On Time,Low Risk
2865,0,1,5,4,256,3,1,0,43,3658,1,1,0,0,1,1,0,0.0006005209,0,On Time,Low Risk
2866,1,1,5,1,109,2,0,1,23,1479,1,1,2,1,0,0,1,0.00048581345,0,On Time,Low Risk
2867,2,1,3,3,274,2,2,0,59,3436,1,0,0,0,1,0,0,0.0004990227,0,On Time,Low Risk
2868,4,1,5,4,157,4,1,0,65,1951,1,1,0,1,0,1,0,0.0009061927,0,On Time,Low Risk
2869,3,1,3,2,125,3,2,0,12,1212,1,0,2,1,0,1,1,0.0005787687,0,On Time,Low Risk
2870,4,1,4,5,203,2,1,0,20,2421,1,1,2,1,0,0,0,0.00059829344,0,On Time,Low Risk
2871,0,1,3,3,120,3,1,0,55,1534,1,0,0,1,0,1,0,0.0006793328,0,On Time,Low Risk
2872,1,1,3,5,194,4,2,0,21,2695,1,0,2,1,0,1,0,0.0006335942,0,On Time,Low Risk
2873,2,0,4,2,257,4,0,1,58,2269,1,1,0,1,1,1,1,0.0006135845,0,On Time,Low Risk
2874,4,0,4,4,233,2,2,1,39,2291,1,1,0,1,1,0,0,0.00045568714,0,On Time,Low Risk
2875,3,0,5,2,193,2,1,0,1,2775,1,1,1,1,0,0,1,0.024451844,0,On Time,Low Risk
2876,4,0,5,3,202,6,1,0,34,2936,1,1,0,1,0,1,0,0.00046637945,0,On Time,Low Risk
2877,0,0,4,5,270,3,1,1,30,2720,1,1,2,1,1,1,0,0.0005845237,0,On Time,Low Risk
2878,1,0,5,5,240,3,2,0,12,2723,1,1,2,1,1,1,0,0.00053512596,0,On Time,Low Risk
2879,2,0,3,2,224,3,2,1,63,2085,1,0,0,1,1,1,1,0.00044065248,0,On Time,Low Risk
2880,4,0,4,1,195,2,2,1,19,2878,1,1,2,1,0,0,1,0.0005197203,0,On Time,Low Risk
2881,3,0,3,2,165,3,2,1,47,1639,1,0,0,1,0,1,1,0.0006477871,0,On Time,Low Risk
2882,4,0,4,1,164,2,2,0,3,1124,1,1,1,1,0,0,1,0.2159425,0,On Time,Low Risk
2883,0,0,3,1,105,3,1,1,58,1304,1,0,0,1,0,1,1,0.0002573593,0,On Time,Low Risk
2884,1,0,3,1,248,3,1,1,9,2616,1,0,1,1,1,1,1,0.027486008,0,On Time,Low Risk
2885,2,0,4,3,269,6,2,1,62,3950,1,1,0,0,1,1,0,0.00049189717,0,On Time,Low Risk
2886,4,0,4,1,253,3,1,1,36,2591,1,1,0,1,1,1,1,0.00054274185,0,On Time,Low Risk
2887,3,0,3,1,231,4,2,0,60,3755,1,0,0,0,1,1,1,0.0006237351,0,On Time,Low Risk
2888,4,0,3,1,164,2,1,0,39,1532,1,0,0,1,0,0,1,0.00066344213,0,On Time,Low Risk
2889,0,0,3,3,176,3,2,1,14,1705,1,0,2,1,0,1,0,0.0006684414,0,On Time,Low Risk
2890,1,0,4,3,149,3,2,1,17,1990,1,1,2,1,0,1,0,0.0007150096,0,On Time,Low Risk
2891,2,0,4,5,187,5,2,1,16,3781,1,1,2,0,0,1,0,0.00073767034,0,On Time,Low Risk
2892,4,0,3,2,150,2,1,1,53,1319,1,0,0,1,0,0,1,0.00080627645,0,On Time,Low Risk
2893,3,0,3,2,190,3,2,1,18,2715,1,0,2,1,0,1,1,0.00045620976,0,On Time,Low Risk
2894,4,0,4,1,226,3,1,1,42,3077,1,1,0,0,1,1,1,0.0005052831,0,On Time,Low Risk
2895,0,2,3,4,98,2,1,0,32,1539,1,0,0,1,0,0,0,0.000681781,0,On Time,Low Risk
2896,1,2,3,5,152,2,2,0,6,1800,1,0,1,1,0,0,0,0.1431817,0,On Time,Low Risk
2897,2,2,2,2,173,2,2,1,34,1575,1,0,0,1,0,0,1,0.00088299706,0,On Time,Low Risk
2898,4,2,4,1,160,2,0,0,65,1861,1,1,0,1,0,0,1,0.0005908205,0,On Time,Low Risk
2899,3,2,4,2,180,3,1,1,22,1261,1,1,2,1,0,1,1,0.00081983674,0,On Time,Low Risk
2900,4,2,3,2,175,2,2,0,12,1817,1,0,2,1,0,0,1,0.0012282728,0,On Time,Low Risk
2901,0,2,3,3,274,3,1,1,6,2986,1,0,1,1,1,1,0,0.0232984,0,On Time,Low Risk
2902,1,2,4,1,216,4,1,1,4,2263,1,1,1,1,1,1,1,0.11818374,0,On Time,Low Risk
2903,2,2,6,2,283,2,1,0,18,3077,1,1,2,0,1,0,1,0.0006100415,0,On Time,Low Risk
2904,4,2,6,4,192,3,0,0,19,2944,1,1,2,1,0,1,0,0.00052815006,0,On Time,Low Risk
2905,3,2,3,4,236,4,2,0,43,2584,1,0,0,1,1,1,0,0.00065149483,0,On Time,Low Risk
2906,4,2,4,2,232,3,0,1,46,2835,1,1,0,1,1,1,1,0.0004984812,0,On Time,Low Risk
2907,0,2,2,3,204,4,1,0,20,3135,1,0,2,0,0,1,0,0.00067559135,0,On Time,Low Risk
2908,1,2,3,2,138,2,2,0,46,1436,1,0,0,1,0,0,1,0.00039825827,0,On Time,Low Risk
2909,2,2,3,4,154,2,1,1,29,1016,1,0,2,1,0,0,0,0.0010908637,0,On Time,Low Risk
2910,4,2,4,3,244,2,1,1,17,3125,1,1,2,0,1,0,0,0.0005642505,0,On Time,Low Risk
2911,3,2,3,2,144,3,2,0,48,1867,1,0,0,1,0,1,1,0.0008827173,0,On Time,Low Risk
2912,4,2,3,4,274,3,2,1,19,3076,1,0,2,0,1,1,0,0.00050209474,0,On Time,Low Risk
2913,0,2,3,2,182,3,1,0,54,3972,1,0,0,0,0,1,1,0.00087803067,0,On Time,Low Risk
2914,1,2,6,1,250,5,1,0,53,3352,1,1,0,0,1,1,1,0.0007840075,0,On Time,Low Risk
2915,2,2,4,4,207,2,2,0,14,2945,1,1,2,1,0,0,0,0.0005089088,0,On Time,Low Risk
2916,4,2,3,4,242,3,0,1,54,3011,1,0,0,0,1,1,0,0.0004220033,0,On Time,Low Risk
2917,3,2,5,1,154,2,1,1,37,1671,1,1,0,1,0,0,1,0.0014683944,0,On Time,Low Risk
2918,4,2,4,4,176,3,2,1,53,1472,1,1,0,1,0,1,0,0.00069046055,0,On Time,Low Risk
2919,0,2,3,5,252,3,1,1,18,3701,1,0,2,0,1,1,0,0.00049533026,0,On Time,Low Risk
2920,1,2,4,1,147,3,2,1,32,1666,1,1,0,1,0,1,1,0.00051501085,0,On Time,Low Risk
2921,2,2,5,3,157,4,1,1,1,1306,1,1,1,1,0,1,0,0.2473961,0,On Time,Low Risk
2922,4,2,3,1,257,2,2,1,37,3517,1,0,0,0,1,0,1,0.00050278776,0,On Time,Low Risk
2923,3,2,4,3,172,3,2,0,6,1261,1,1,1,1,0,1,0,0.11640837,0,On Time,Low Risk
2924,4,2,4,3,134,3,0,0,22,1629,1,1,2,1,0,1,0,0.0004977206,0,On Time,Low Risk
2925,0,2,2,2,152,4,1,0,48,1212,1,0,0,1,0,1,1,0.00071275263,0,On Time,Low Risk
2926,1,2,3,1,161,3,1,0,57,1918,1,0,0,1,0,1,1,0.0007100323,0,On Time,Low Risk
2927,2,2,3,1,269,3,1,1,47,3033,1,0,0,0,1,1,1,0.0004475389,0,On Time,Low Risk
2928,4,2,2,3,164,2,2,1,64,1689,1,0,0,1,0,0,0,0.0008621369,0,On Time,Low Risk
2929,3,2,5,3,114,6,2,0,60,1746,1,1,0,1,0,1,0,0.000677029,0,On Time,Low Risk
2930,4,2,6,5,213,6,1,1,7,2709,1,1,1,1,0,1,0,0.123980425,0,On Time,Low Risk
2931,0,2,4,4,255,3,2,0,60,2777,1,1,0,1,1,1,0,0.00041593265,0,On Time,Low Risk
2932,1,2,3,3,135,3,2,0,28,1329,1,0,2,1,0,1,0,0.0008038818,0,On Time,Low Risk
2933,2,2,3,2,155,3,2,0,7,1434,1,0,1,1,0,1,1,0.09082932,0,On Time,Low Risk
2934,4,2,6,3,273,4,2,0,32,2532,1,1,0,1,1,1,0,0.00068847684,0,On Time,Low Risk
2935,3,2,4,3,135,3,1,0,15,1008,1,1,2,1,0,1,0,0.0012038914,0,On Time,Low Risk
2936,4,2,4,4,170,3,1,1,29,1188,1,1,2,1,0,1,0,0.00095063675,0,On Time,Low Risk
2937,0,2,6,4,138,5,2,0,15,1181,1,1,2,1,0,1,0,0.0012288925,0,On Time,Low Risk
2938,1,2,3,2,213,4,1,1,53,3502,1,0,0,0,0,1,1,0.00063629885,0,On Time,Low Risk
2939,2,2,4,5,156,5,0,0,55,1619,1,1,0,1,0,1,0,0.0005795189,0,On Time,Low Risk
2940,4,2,3,1,139,2,1,1,47,1241,1,0,0,1,0,0,1,0.00078644423,0,On Time,Low Risk
2941,3,2,3,1,263,3,2,1,6,2715,1,0,1,1,1,1,1,0.027376877,0,On Time,Low Risk
2942,4,2,2,3,160,4,1,0,53,1850,1,0,0,1,0,1,0,0.0009817479,0,On Time,Low Risk
2943,0,2,3,3,148,2,1,1,39,1402,1,0,0,1,0,0,0,0.00068156625,0,On Time,Low Risk
2944,1,2,4,3,259,3,0,1,45,3761,1,1,0,0,1,1,0,0.0003415341,0,On Time,Low Risk
2945,2,2,5,4,273,3,1,0,60,3384,1,1,0,0,1,1,0,0.00043092764,0,On Time,Low Risk
2946,4,2,3,2,212,3,2,0,9,2521,1,0,1,1,0,1,1,0.039802395,0,On Time,Low Risk
2947,3,2,3,5,144,6,1,0,46,1110,1,0,0,1,0,1,0,0.0012251,0,On Time,Low Risk
2948,4,2,2,2,193,3,2,1,64,2867,1,0,0,1,0,1,1,0.00051395403,0,On Time,Low Risk
2949,0,2,5,2,198,3,1,0,44,3706,1,1,0,0,0,1,1,0.00049407384,0,On Time,Low Risk
2950,1,2,3,5,207,4,1,0,45,3770,1,0,0,0,0,1,0,0.00055303157,0,On Time,Low Risk
2951,2,2,6,1,236,4,1,0,10,2030,1,1,1,1,1,1,1,0.17107287,0,On Time,Low Risk
2952,4,2,4,2,165,3,1,1,7,1702,1,1,1,1,0,1,1,0.19690727,0,On Time,Low Risk
2953,3,2,3,3,162,3,1,1,3,1693,1,0,1,1,0,1,0,0.14114623,0,On Time,Low Risk
2954,4,2,4,2,184,3,1,0,63,3609,1,1,0,0,0,1,1,0.00043750205,0,On Time,Low Risk
2955,0,2,5,5,145,2,2,1,48,1834,1,1,0,1,0,0,0,0.0012705988,0,On Time,Low Risk
2956,1,2,3,3,228,2,2,1,27,3473,1,0,2,0,1,0,0,0.00043206313,0,On Time,Low Risk
2957,2,2,5,5,213,2,0,1,12,2522,1,1,2,1,0,0,0,0.0006738841,0,On Time,Low Risk
2958,4,2,2,2,146,3,2,0,1,1162,1,0,1,1,0,1,1,0.10925336,0,On Time,Low Risk
2959,3,2,4,2,220,3,0,0,39,2459,1,1,0,1,1,1,1,0.00041313804,0,On Time,Low Risk
2960,4,2,3,4,231,3,2,0,49,3441,1,0,0,0,1,1,0,0.0005634779,0,On Time,Low Risk
2961,0,2,3,4,212,8,1,0,56,3337,1,0,0,0,0,1,0,0.0006449223,0,On Time,Low Risk
2962,1,2,4,3,202,3,1,0,48,2213,1,1,0,1,0,1,0,0.00036390146,0,On Time,Low Risk
2963,2,2,5,5,208,8,1,1,39,2905,1,1,0,1,0,1,0,0.00063212455,0,On Time,Low Risk
2964,4,2,3,3,200,3,1,1,46,2460,1,0,0,1,0,1,0,0.00046195602,0,On Time,Low Risk
2965,3,2,3,2,250,3,1,0,37,2736,1,0,0,1,1,1,1,0.00046782658,0,On Time,Low Risk
2966,4,2,3,5,126,2,1,0,29,1192,1,0,2,1,0,0,0,0.0009450678,0,On Time,Low Risk
2967,0,2,4,1,222,4,2,0,42,2762,1,1,0,1,1,1,1,0.00061293534,0,On Time,Low Risk
2968,1,2,6,2,236,4,1,0,61,3140,1,1,0,0,1,1,1,0.0009746904,0,On Time,Low Risk
2969,2,2,4,3,165,3,1,1,4,1484,1,1,1,1,0,1,0,0.101988986,0,On Time,Low Risk
2970,4,2,3,4,162,3,1,1,17,1700,1,0,2,1,0,1,0,0.00070162053,0,On Time,Low Risk
2971,3,2,4,3,184,3,1,0,37,3436,1,1,0,0,0,1,0,0.0003661589,0,On Time,Low Risk
2972,4,2,5,3,145,2,2,1,6,1965,1,1,1,1,0,0,0,0.20184284,0,On Time,Low Risk
2973,0,2,3,4,228,2,2,1,46,3306,1,0,0,0,1,0,0,0.0003813946,0,On Time,Low Risk
2974,1,2,5,3,213,2,0,0,27,2581,1,1,2,1,0,0,0,0.00057180104,0,On Time,Low Risk
2975,2,2,2,3,146,3,2,1,18,1289,1,0,2,1,0,1,0,0.00080595113,0,On Time,Low Risk
2976,4,2,4,1,220,3,0,1,2,3886,1,1,1,0,1,1,1,0.03483878,0,On Time,Low Risk
2977,3,2,3,4,231,3,2,1,39,3792,1,0,0,0,1,1,0,0.00050849305,0,On Time,Low Risk
2978,4,2,3,4,212,8,1,0,34,2750,1,0,0,1,0,1,0,0.0010185024,0,On Time,Low Risk
2979,0,2,4,5,202,3,1,0,38,2651,1,1,0,1,0,1,0,0.000396579,0,On Time,Low Risk
2980,1,2,5,2,208,8,1,1,62,3450,1,1,0,0,0,1,1,0.0007511843,0,On Time,Low Risk
2981,2,2,3,3,200,3,1,1,4,3791,1,0,1,0,0,1,0,0.027461164,0,On Time,Low Risk
2982,4,2,3,1,250,3,1,0,8,3617,1,0,1,0,1,1,1,0.041846722,0,On Time,Low Risk
2983,3,2,3,5,126,2,1,0,63,1141,1,0,0,1,0,0,0,0.0006413005,0,On Time,Low Risk
2984,4,2,4,3,222,4,2,1,49,3697,1,1,0,0,1,1,0,0.00057267316,0,On Time,Low Risk
2985,0,2,3,3,273,6,1,1,6,1771,1,0,1,1,1,1,0,0.4746117,0,On Time,Medium Risk
2986,1,2,6,5,161,4,2,0,20,1338,1,1,2,1,0,1,0,0.0014700377,0,On Time,Low Risk
2987,2,2,5,1,236,3,2,0,10,1347,1,1,1,1,1,1,1,0.30317363,0,On Time,Medium Risk
2988,4,1,6,3,281,5,2,0,8,1864,1,1,1,1,1,1,0,0.54419357,1,Late,Medium Risk
2989,3,1,5,3,168,4,1,1,7,1298,1,1,1,1,0,1,0,0.3640571,0,On Time,Medium Risk
2990,4,1,5,1,206,4,1,1,62,1137,1,1,0,1,0,1,1,0.0011722009,0,On Time,Low Risk
2991,0,1,4,1,144,4,0,1,5,1294,1,1,1,1,0,1,1,0.09412004,0,On Time,Low Risk
2992,1,1,5,3,239,5,2,0,19,2988,1,1,2,1,1,1,0,0.00094257103,0,On Time,Low Risk
2993,2,1,3,5,129,3,2,0,52,1513,1,0,0,1,0,1,0,0.00042973412,0,On Time,Low Risk
2994,4,1,4,5,201,4,2,1,46,3498,1,1,0,0,0,1,0,0.0005081858,0,On Time,Low Risk
2995,3,1,5,5,160,3,2,1,55,1911,1,1,0,1,0,1,0,0.0007225574,0,On Time,Low Risk
2996,4,1,6,5,130,6,1,0,60,1971,1,1,0,1,0,1,0,0.00080348237,0,On Time,Low Risk
2997,0,1,3,1,132,4,2,1,58,1067,1,0,0,1,0,1,1,0.00060467626,0,On Time,Low Risk
2998,1,1,4,2,185,4,2,0,36,2583,1,1,0,1,0,1,1,0.0006880646,0,On Time,Low Risk
2999,2,1,5,1,271,4,1,0,4,2718,1,1,1,1,1,1,1,0.1222829,0,On Time,Low Risk
3000,4,1,5,2,168,2,2,1,20,1539,1,1,2,1,0,0,1,0.0014127662,0,On Time,Low Risk
3001,3,1,5,5,154,3,2,0,50,1389,1,1,0,1,0,1,0,0.0006434724,0,On Time,Low Risk
3002,4,1,3,3,203,3,1,1,4,3114,1,0,1,0,0,1,0,0.04121673,0,On Time,Low Risk
3003,0,1,3,1,274,3,1,1,4,2087,1,0,1,1,1,1,1,0.043902475,0,On Time,Low Risk
3004,1,1,5,4,280,4,1,0,19,3298,1,1,2,0,1,1,0,0.0009443955,0,On Time,Low Risk
3005,2,1,4,5,196,2,1,1,51,3151,1,1,0,0,0,0,0,0.00039409276,0,On Time,Low Risk
3006,4,1,5,2,159,3,2,0,63,1675,1,1,0,1,0,1,1,0.0008778441,0,On Time,Low Risk
3007,3,1,5,4,269,3,2,1,15,2522,1,1,2,1,1,1,0,0.00070328446,0,On Time,Low Risk
3008,4,1,4,3,161,3,1,0,52,1199,1,1,0,1,0,1,0,0.00062818354,0,On Time,Low Risk
3009,0,1,3,1,159,2,2,0,44,1806,1,0,0,1,0,0,1,0.0005635002,0,On Time,Low Risk
3010,1,0,5,4,147,6,2,0,21,1145,1,1,2,1,0,1,0,0.0007813609,0,On Time,Low Risk
3011,2,0,3,3,214,2,2,0,4,3754,1,0,1,0,0,0,0,0.027842082,0,On Time,Low Risk
3012,4,0,4,5,157,4,2,0,12,1038,1,1,2,1,0,1,0,0.0007546858,0,On Time,Low Risk
3013,3,0,5,5,147,2,2,1,19,1936,1,1,2,1,0,0,0,0.0008730806,0,On Time,Low Risk
3014,4,0,5,4,182,3,2,0,11,3545,1,1,2,0,0,1,0,0.00037014604,0,On Time,Low Risk
3015,0,0,3,5,188,2,1,0,12,2711,1,0,2,1,0,0,0,0.00050899637,0,On Time,Low Risk
3016,1,0,3,1,104,2,1,1,1,1021,1,0,1,1,0,0,1,0.05151862,0,On Time,Low Risk
3017,2,0,5,5,195,3,1,1,55,2641,1,1,0,1,0,1,0,0.000541432,0,On Time,Low Risk
3018,4,0,4,1,235,2,0,1,64,2107,1,1,0,1,1,0,1,0.00045308075,0,On Time,Low Risk
3019,3,0,4,5,219,2,2,0,21,3830,1,1,2,0,1,0,0,0.0004495483,0,On Time,Low Risk
3020,4,0,4,5,253,2,1,0,36,3389,1,1,0,0,1,0,0,0.0005403993,0,On Time,Low Risk
3021,0,0,3,3,253,4,2,0,57,2489,1,0,0,1,1,1,0,0.0006215213,0,On Time,Low Risk
3022,1,0,4,1,167,3,1,1,42,1197,1,1,0,1,0,1,1,0.0006203824,0,On Time,Low Risk
3023,2,0,4,2,211,2,1,0,39,2520,1,1,0,1,0,0,1,0.0005104087,0,On Time,Low Risk
3024,4,0,3,4,155,3,2,1,4,1548,1,0,1,1,0,1,0,0.06786728,0,On Time,Low Risk
3025,3,0,6,1,231,4,2,0,23,2455,1,1,2,1,1,1,1,0.000894121,0,On Time,Low Risk
3026,4,0,5,4,182,4,1,1,61,3063,1,1,0,0,0,1,0,0.00043149287,0,On Time,Low Risk
3027,0,0,3,5,212,2,2,1,56,3547,1,0,0,0,0,0,0,0.0004380443,0,On Time,Low Risk
3028,1,0,3,1,107,3,0,0,13,1861,1,0,2,1,0,1,1,0.00044423697,0,On Time,Low Risk
3029,2,0,5,2,172,4,0,0,61,1161,1,1,0,1,0,1,1,0.0006753091,0,On Time,Low Risk
3030,4,0,3,2,224,3,1,1,40,2180,1,0,0,1,1,1,1,0.0004448703,0,On Time,Low Risk
3031,3,0,3,4,209,3,0,0,37,3650,1,0,0,0,0,1,0,0.0004170644,0,On Time,Low Risk
3032,4,2,4,5,268,2,2,1,46,3076,1,1,0,0,1,0,0,0.00046289605,0,On Time,Low Risk
3033,0,2,3,2,141,4,1,1,9,1909,1,0,1,1,0,1,1,0.29080015,0,On Time,Low Risk
3034,1,2,4,4,260,2,1,1,17,3068,1,1,2,0,1,0,0,0.0005023633,0,On Time,Low Risk
3035,2,2,5,4,151,4,2,1,10,1441,1,1,1,1,0,1,0,0.36384,0,On Time,Medium Risk
3036,4,2,5,2,184,2,2,1,27,3276,1,1,2,0,0,0,1,0.00066190714,0,On Time,Low Risk
3037,3,2,5,1,270,3,0,1,52,3908,1,1,0,0,1,1,1,0.0003983065,0,On Time,Low Risk
3038,4,2,5,4,135,2,2,0,20,1908,1,1,2,1,0,0,0,0.0013001157,0,On Time,Low Risk
3039,0,2,4,3,276,4,1,0,3,3889,1,1,1,0,1,1,0,0.11479765,0,On Time,Low Risk
3040,1,2,4,4,177,3,2,1,23,1142,1,1,2,1,0,1,0,0.0009952779,0,On Time,Low Risk
3041,2,2,3,2,149,3,2,0,64,1920,1,0,0,1,0,1,1,0.000998031,0,On Time,Low Risk
3042,4,2,4,3,220,4,1,1,19,3602,1,1,2,0,1,1,0,0.00064787536,0,On Time,Low Risk
3043,3,2,4,5,267,3,1,0,53,3742,1,1,0,0,1,1,0,0.00048316095,0,On Time,Low Risk
3044,4,2,3,2,274,3,2,0,50,3958,1,0,0,0,1,1,1,0.00048947043,0,On Time,Low Risk
3045,0,2,4,4,243,3,1,1,10,3327,1,1,1,0,1,1,0,0.033056725,0,On Time,Low Risk
3046,1,2,5,1,166,2,1,1,44,1647,1,1,0,1,0,0,1,0.0012968705,0,On Time,Low Risk
3047,2,2,5,2,225,3,2,1,1,2049,1,1,1,1,1,1,1,0.027899126,0,On Time,Low Risk
3048,4,2,3,3,138,2,2,0,40,1117,1,0,0,1,0,0,0,0.00066848093,0,On Time,Low Risk
3049,3,2,4,3,141,4,2,0,38,1599,1,1,0,1,0,1,0,0.000613229,0,On Time,Low Risk
3050,4,2,3,4,271,4,2,0,16,2693,1,0,2,1,1,1,0,0.00057517557,0,On Time,Low Risk
3051,0,2,6,5,243,3,2,0,35,2374,1,1,0,1,1,1,0,0.00066970877,0,On Time,Low Risk
3052,1,2,3,3,231,3,2,1,53,2333,1,0,0,1,1,1,0,0.0004372258,0,On Time,Low Risk
3053,2,2,5,4,168,3,1,1,34,1779,1,1,0,1,0,1,0,0.0010768961,0,On Time,Low Risk
3054,4,2,5,3,264,2,1,0,61,2025,1,1,0,1,1,0,0,0.00054765336,0,On Time,Low Risk
3055,3,2,4,3,233,3,2,1,26,2624,1,1,2,1,1,1,0,0.0005212725,0,On Time,Low Risk
3056,4,2,4,2,247,5,2,0,17,3630,1,1,2,0,1,1,1,0.00078142935,0,On Time,Low Risk
3057,0,2,3,4,176,3,1,0,4,1095,1,0,1,1,0,1,0,0.18356615,0,On Time,Low Risk
3058,1,2,5,5,257,4,2,1,31,2040,1,1,0,1,1,1,0,0.00062104646,0,On Time,Low Risk
3059,2,2,3,1,147,4,1,1,18,1613,1,0,2,1,0,1,1,0.00080653315,0,On Time,Low Risk
3060,4,2,5,5,195,2,1,0,6,3936,1,1,1,0,0,0,0,0.053963862,0,On Time,Low Risk
3061,3,2,2,4,153,2,2,0,57,1264,1,0,0,1,0,0,0,0.00059556396,0,On Time,Low Risk
3062,4,2,3,5,237,4,1,1,28,3903,1,0,2,0,1,1,0,0.00068986334,0,On Time,Low Risk
3063,0,2,6,4,217,5,1,0,7,3725,1,1,1,0,1,1,0,0.12172625,0,On Time,Low Risk
3064,1,2,5,1,140,4,2,1,48,1322,1,1,0,1,0,1,1,0.0005801609,0,On Time,Low Risk
3065,2,2,2,5,164,4,2,1,2,1439,1,0,1,1,0,1,0,0.4384444,0,On Time,Medium Risk
3066,4,2,3,3,243,3,2,0,27,2052,1,0,2,1,1,1,0,0.0005574918,0,On Time,Low Risk
3067,3,2,3,4,158,3,0,1,41,1137,1,0,0,1,0,1,0,0.00064354914,0,On Time,Low Risk
3068,4,2,5,5,180,4,0,1,10,1200,1,1,1,1,0,1,0,0.30160317,0,On Time,Medium Risk
3069,0,2,4,3,139,3,1,1,64,1814,1,1,0,1,0,1,0,0.0006097741,0,On Time,Low Risk
3070,1,2,4,4,162,2,2,1,8,1386,1,1,1,1,0,0,0,0.18435946,0,On Time,Low Risk
3071,2,2,5,3,206,4,1,1,18,3104,1,1,2,0,0,1,0,0.0007441367,0,On Time,Low Risk
3072,4,2,3,2,238,2,1,1,19,2196,1,0,2,1,1,0,1,0.0006889231,0,On Time,Low Risk
3073,3,2,5,3,254,2,2,1,4,3297,1,1,1,0,1,0,0,0.03323312,0,On Time,Low Risk
3074,4,2,5,3,270,3,2,1,38,3669,1,1,0,0,1,1,0,0.00043532107,0,On Time,Low Risk
3075,0,2,3,2,255,2,1,1,18,3732,1,0,2,0,1,0,1,0.00041037903,0,On Time,Low Risk
3076,1,2,4,4,182,2,1,0,13,3332,1,1,2,0,0,0,0,0.00042869098,0,On Time,Low Risk
3077,2,2,3,3,149,2,2,1,7,1145,1,0,1,1,0,0,0,0.18042314,0,On Time,Low Risk
3078,4,2,4,1,221,5,2,1,22,3075,1,1,2,0,1,1,1,0.0007822732,0,On Time,Low Risk
3079,3,2,4,5,135,2,1,1,60,1026,1,1,0,1,0,0,0,0.0011366735,0,On Time,Low Risk
3080,4,2,3,1,188,2,1,0,14,2074,1,0,2,1,0,0,1,0.0005567157,0,On Time,Low Risk
3081,0,2,5,5,194,3,1,1,47,2256,1,1,0,1,0,1,0,0.00048217244,0,On Time,Low Risk
3082,1,2,4,3,134,2,2,0,29,1010,1,1,2,1,0,0,0,0.0009922046,0,On Time,Low Risk
3083,2,2,3,4,210,2,2,1,29,3142,1,0,2,0,0,0,0,0.0005630957,0,On Time,Low Risk
3084,4,2,4,2,169,2,1,1,22,1322,1,1,2,1,0,0,1,0.0014673902,0,On Time,Low Risk
3085,3,2,3,3,147,2,1,0,52,1040,1,0,0,1,0,0,0,0.0010133563,0,On Time,Low Risk
3086,4,2,4,1,213,3,1,0,21,3585,1,1,2,0,0,1,1,0.0007413363,0,On Time,Low Risk
3087,0,2,3,2,223,2,1,1,64,3595,1,0,0,0,1,0,1,0.00039769735,0,On Time,Low Risk
3088,1,2,4,1,233,2,2,0,60,2671,1,1,0,1,1,0,1,0.00040820052,0,On Time,Low Risk
3089,2,2,4,2,218,2,0,1,1,2990,1,1,1,1,1,0,1,0.019284781,0,On Time,Low Risk
3090,4,2,4,5,219,3,2,1,27,3684,1,1,2,0,1,1,0,0.00053325325,0,On Time,Low Risk
3091,3,2,3,2,145,2,1,0,44,1212,1,0,0,1,0,0,1,0.0008589575,0,On Time,Low Risk
3092,4,2,3,3,257,3,1,1,44,3370,1,0,0,0,1,1,0,0.00048250007,0,On Time,Low Risk
3093,0,2,3,1,238,6,2,0,59,3375,1,0,0,0,1,1,1,0.00056052586,0,On Time,Low Risk
3094,1,2,4,1,145,6,1,1,32,1673,1,1,0,1,0,1,1,0.0006259221,0,On Time,Low Risk
3095,2,2,4,4,243,3,1,0,36,2111,1,1,0,1,1,1,0,0.00045170853,0,On Time,Low Risk
3096,4,2,4,4,179,2,1,1,18,1369,1,1,2,1,0,0,0,0.0014076038,0,On Time,Low Risk
3097,3,2,2,3,188,2,0,1,25,2033,1,0,2,1,0,0,0,0.0003977229,0,On Time,Low Risk
3098,4,2,4,4,168,3,2,1,53,1782,1,1,0,1,0,1,0,0.00068048335,0,On Time,Low Risk
3099,0,2,5,4,157,4,1,1,58,1252,1,1,0,1,0,1,0,0.000610072,0,On Time,Low Risk
3100,1,2,3,4,172,3,1,1,32,1943,1,0,0,1,0,1,0,0.0009036943,0,On Time,Low Risk
3101,2,2,5,1,195,3,1,1,37,3690,1,1,0,0,0,1,1,0.0006803173,0,On Time,Low Risk
3102,4,2,3,2,225,3,1,0,59,3488,1,0,0,0,1,1,1,0.0005047017,0,On Time,Low Risk
3103,3,2,3,3,227,2,2,0,24,2749,1,0,2,1,1,0,0,0.0005241083,0,On Time,Low Risk
3104,4,2,3,5,159,3,1,1,46,1857,1,0,0,1,0,1,0,0.0007457393,0,On Time,Low Risk
3105,0,2,2,2,273,3,1,1,56,2633,1,0,0,1,1,1,1,0.00043533085,0,On Time,Low Risk
3106,1,2,5,2,214,6,1,0,3,3234,1,1,1,0,0,1,1,0.10887906,0,On Time,Low Risk
3107,2,2,4,2,175,3,2,0,34,1005,1,1,0,1,0,1,1,0.000823137,0,On Time,Low Risk
3108,4,2,3,5,213,2,1,0,39,2857,1,0,0,1,0,0,0,0.0005638736,0,On Time,Low Risk
3109,3,2,4,3,190,4,2,1,12,3115,1,1,2,0,0,1,0,0.00051538134,0,On Time,Low Risk
3110,4,2,4,2,265,4,2,0,40,2637,1,1,0,1,1,1,1,0.00058120274,0,On Time,Low Risk
3111,0,2,4,4,146,4,1,1,12,1899,1,1,2,1,0,1,0,0.0011770917,0,On Time,Low Risk
3112,1,2,5,4,229,2,2,0,44,2419,1,1,0,1,1,0,0,0.00048741137,0,On Time,Low Risk
3113,2,2,3,5,195,3,2,0,47,2439,1,0,0,1,0,1,0,0.00044942598,0,On Time,Low Risk
3114,4,2,2,5,151,3,1,1,34,1652,1,0,0,1,0,1,0,0.00062562537,0,On Time,Low Risk
3115,3,2,4,2,217,3,1,1,1,3133,1,1,1,0,1,1,1,0.037358787,0,On Time,Low Risk
3116,4,2,4,4,134,3,1,0,14,1716,1,1,2,1,0,1,0,0.00065925386,0,On Time,Low Risk
3117,0,2,3,5,195,2,1,0,42,3814,1,0,0,0,0,0,0,0.0004165471,0,On Time,Low Risk
3118,1,2,4,3,142,4,1,1,29,1420,1,1,2,1,0,1,0,0.0006926044,0,On Time,Low Risk
3119,2,2,2,4,182,4,2,1,1,3624,1,0,1,0,0,1,0,0.14977954,0,On Time,Low Risk
3120,4,2,4,2,155,5,1,0,48,1043,1,1,0,1,0,1,1,0.0008021792,0,On Time,Low Risk
3121,3,2,3,5,238,2,2,0,34,2726,1,0,0,1,1,0,0,0.000449682,0,On Time,Low Risk
3122,4,2,4,1,182,3,2,0,49,3198,1,1,0,0,0,1,1,0.00039733486,0,On Time,Low Risk
3123,0,2,4,1,237,4,2,0,22,2231,1,1,2,1,1,1,1,0.0007893957,0,On Time,Low Risk
3124,1,2,4,4,222,3,1,0,24,3503,1,1,2,0,1,1,0,0.0005163547,0,On Time,Low Risk
3125,2,1,5,4,177,2,2,0,45,1664,1,1,0,1,0,0,0,0.0010840503,0,On Time,Low Risk
3126,4,1,4,4,197,3,2,0,41,3280,1,1,0,0,0,1,0,0.0004639443,0,On Time,Low Risk
3127,3,1,3,1,224,3,1,0,48,3672,1,0,0,0,1,1,1,0.00047696012,0,On Time,Low Risk
3128,4,1,3,3,193,2,1,1,19,3097,1,0,2,0,0,0,0,0.00058003917,0,On Time,Low Risk
3129,0,1,3,1,169,3,0,1,24,1740,1,0,2,1,0,1,1,0.00066199864,0,On Time,Low Risk
3130,1,1,3,4,248,2,2,0,15,2983,1,0,2,1,1,0,0,0.0005668117,0,On Time,Low Risk
3131,2,1,6,5,246,4,2,1,50,3618,1,1,0,0,1,1,0,0.00087924674,0,On Time,Low Risk
3132,4,1,4,1,232,3,2,1,55,2686,1,1,0,1,1,1,1,0.00052601285,0,On Time,Low Risk
3133,3,1,3,5,251,3,1,0,21,2476,1,0,2,1,1,1,0,0.0006041339,0,On Time,Low Risk
3134,4,1,3,4,163,3,2,1,58,1443,1,0,0,1,0,1,0,0.0006337255,0,On Time,Low Risk
3135,0,1,6,4,201,2,1,1,4,5916,1,1,1,0,0,0,0,0.49348235,0,On Time,Medium Risk
3136,1,1,6,5,141,3,2,1,8,5031,0,1,1,0,0,1,0,0.79513156,1,Late,High Risk
3137,2,1,3,3,219,3,1,1,4,5956,0,0,1,0,1,1,0,0.6214238,1,Late,High Risk
3138,4,1,4,3,161,3,0,1,7,4245,0,1,1,0,0,1,0,0.5960443,1,Late,Medium Risk
3139,3,1,4,5,225,4,2,1,5,4622,0,1,1,0,1,1,0,0.78148574,1,Late,High Risk
3140,4,1,5,3,277,3,2,1,1,4186,1,1,1,0,1,1,0,0.4832221,0,On Time,Medium Risk
3141,0,1,3,3,256,4,2,1,3,4732,0,0,1,0,1,1,0,0.5615772,1,Late,Medium Risk
3142,1,1,6,2,153,5,1,0,1,4597,1,1,1,0,0,1,1,0.7318971,1,Late,High Risk
3143,2,1,4,4,135,3,1,0,4,4651,1,1,1,0,0,1,0,0.78896445,1,Late,High Risk
3144,4,1,3,3,253,3,2,1,7,5085,0,0,1,0,1,1,0,0.6647233,1,Late,High Risk
3145,3,1,4,5,139,3,1,1,5,5335,0,1,1,0,0,1,0,0.72447944,1,Late,High Risk
3146,4,1,3,5,136,2,0,0,1,4971,0,0,1,0,0,0,0,0.77951914,1,Late,High Risk
3147,0,0,4,1,172,3,2,1,7,4883,0,1,1,0,0,1,1,0.66669255,1,Late,High Risk
3148,1,0,4,2,272,3,0,0,6,4559,0,1,1,0,1,1,1,0.647152,1,Late,High Risk
3149,2,0,3,3,207,3,0,1,1,5632,1,0,1,0,0,1,0,0.60657775,1,Late,High Risk
3150,4,0,2,3,134,3,1,1,4,5958,0,0,1,0,0,1,0,0.7517303,1,Late,High Risk
3151,3,0,3,3,238,8,2,0,3,4943,0,0,1,0,1,1,0,0.69056404,1,Late,High Risk
3152,4,0,2,4,274,10,0,1,3,4167,1,0,1,0,1,1,0,0.43719813,0,On Time,Medium Risk
3153,0,0,4,2,237,6,1,0,8,5695,0,1,1,0,1,1,1,0.7167332,1,Late,High Risk
3154,1,0,3,2,153,10,0,1,2,5455,0,0,1,0,0,1,1,0.5132225,1,Late,Medium Risk
3155,2,0,4,1,223,3,1,0,8,4974,1,1,1,0,1,1,1,0.6059914,1,Late,High Risk
3156,4,0,3,4,149,3,1,1,1,5040,1,0,1,0,0,1,0,0.77878034,1,Late,High Risk
3157,3,0,3,5,132,3,1,1,7,4013,1,0,1,0,0,1,0,0.19610438,0,On Time,Low Risk
3158,4,0,4,2,246,3,1,0,7,5616,0,1,1,0,1,1,1,0.68101215,1,Late,High Risk
3159,0,0,4,2,159,5,1,0,4,5547,1,1,1,0,0,1,1,0.7039706,1,Late,High Risk
3160,1,0,3,1,162,8,0,0,10,5429,0,0,1,0,0,1,1,0.6697217,1,Late,High Risk
3161,2,0,3,3,123,5,2,0,5,4292,0,0,1,0,0,1,0,0.76794577,1,Late,High Risk
3162,4,0,5,1,231,7,0,0,9,5558,0,1,1,0,1,1,1,0.77112347,1,Late,High Risk
3163,3,0,3,1,213,10,2,1,9,4862,0,0,1,0,0,1,1,0.78410345,1,Late,High Risk
3164,4,0,5,2,160,3,0,1,1,5834,0,1,1,0,0,1,1,0.7671496,1,Late,High Risk
3165,0,0,4,4,225,5,1,1,5,5060,1,1,1,0,1,1,0,0.65864825,1,Late,High Risk
3166,1,0,3,1,178,3,1,1,3,4811,0,0,1,0,0,1,1,0.66015327,1,Late,High Risk
3167,2,0,4,1,273,3,2,1,5,5055,0,1,1,0,1,1,1,0.67039895,1,Late,High Risk
3168,4,0,3,2,129,3,0,1,9,4342,1,0,1,0,0,1,1,0.49841166,0,On Time,Medium Risk
3169,3,2,3,1,273,6,1,0,9,1198,1,0,1,1,1,1,1,0.5379086,1,Late,Medium Risk
3170,4,2,6,3,161,4,2,1,8,1247,0,1,1,1,0,1,0,0.5779958,1,Late,Medium Risk
3171,0,2,4,5,139,3,1,0,3,5824,1,1,1,0,0,1,0,0.5629334,1,Late,Medium Risk
3172,1,2,3,2,136,2,0,0,6,4002,1,0,1,0,0,0,1,0.37096757,0,On Time,Medium Risk
3173,2,2,4,4,172,3,2,0,1,4201,0,1,1,0,0,1,0,0.7153002,1,Late,High Risk
3174,4,2,4,2,272,3,0,1,7,5927,0,1,1,0,1,1,1,0.5765103,1,Late,Medium Risk
3175,3,2,3,2,207,3,0,0,3,4909,1,0,1,0,0,1,1,0.54351586,1,Late,Medium Risk
3176,4,2,2,3,134,3,1,1,6,4444,1,0,1,0,0,1,0,0.6585699,1,Late,High Risk
3177,0,2,3,2,238,8,2,1,3,4388,1,0,1,0,1,1,1,0.589086,1,Late,Medium Risk
3178,1,2,2,1,274,10,0,0,1,5622,0,0,1,0,1,1,1,0.6799518,1,Late,High Risk
3179,2,2,4,3,237,6,1,1,8,5588,0,1,1,0,1,1,0,0.6084435,1,Late,High Risk
3180,4,2,3,2,153,10,0,0,7,5305,0,0,1,0,0,1,1,0.5792326,1,Late,Medium Risk
3181,3,2,4,2,223,3,1,1,7,4026,1,1,1,0,1,1,1,0.60490185,1,Late,High Risk
3182,4,2,3,5,149,3,1,0,9,5412,0,0,1,0,0,1,0,0.7772757,1,Late,High Risk
3183,0,2,3,3,132,3,1,1,6,5721,1,0,1,0,0,1,0,0.4850049,0,On Time,Medium Risk
3184,1,2,4,3,246,3,1,0,5,4710,0,1,1,0,1,1,0,0.6133754,1,Late,High Risk
3185,2,2,4,3,159,5,1,1,4,4666,1,1,1,0,0,1,0,0.57618135,1,Late,Medium Risk
3186,4,2,3,3,162,8,0,0,10,4842,0,0,1,0,0,1,0,0.6054362,1,Late,High Risk
3187,3,2,3,1,123,5,2,0,10,4231,0,0,1,0,0,1,1,0.8862497,1,Late,High Risk
3188,4,2,5,5,231,7,0,1,6,5755,0,1,1,0,1,1,0,0.48667192,0,On Time,Medium Risk
3189,0,2,3,3,213,10,2,1,2,4847,0,0,1,0,0,1,0,0.7025278,1,Late,High Risk
3190,1,2,5,1,160,3,0,1,2,5141,1,1,1,0,0,1,1,0.61338127,1,Late,High Risk
3191,2,2,4,3,225,5,1,1,8,4195,0,1,1,0,1,1,0,0.64776397,1,Late,High Risk
3192,4,2,3,5,178,3,1,0,3,5540,0,0,1,0,0,1,0,0.7519879,1,Late,High Risk
3193,3,2,4,5,273,3,2,1,2,4374,0,1,1,0,1,1,0,0.5941406,1,Late,Medium Risk
3194,4,2,3,3,129,3,0,1,7,5197,1,0,1,0,0,1,0,0.44986552,0,On Time,Medium Risk
3195,0,2,3,1,273,6,1,1,1,1293,0,0,1,1,1,1,1,0.6514291,1,Late,High Risk
3196,1,2,6,4,161,4,2,1,3,1747,1,1,1,1,0,1,0,0.61424816,1,Late,High Risk
3197,2,2,5,2,206,4,1,1,5,1149,0,1,1,1,0,1,1,0.64439636,1,Late,High Risk
3198,4,2,4,5,296,2,2,1,1,1678,0,1,1,1,1,0,0,0.6849758,1,Late,High Risk
3199,3,2,3,2,249,5,2,0,6,1887,0,0,1,1,1,1,1,0.67338085,1,Late,High Risk
3200,4,2,4,4,301,5,1,1,6,1931,0,1,1,1,1,1,0,0.69777584,1,Late,High Risk
3201,0,2,4,3,296,3,1,1,4,1991,0,1,1,1,1,1,0,0.61193556,1,Late,High Risk
3202,1,2,3,5,205,4,1,1,2,1648,0,0,1,1,0,1,0,0.5243045,1,Late,Medium Risk
3203,2,2,3,3,132,2,1,0,9,4355,1,0,1,0,0,0,0,0.5677625,1,Late,Medium Risk
3204,4,2,4,2,223,3,0,1,5,4282,0,1,1,0,1,1,1,0.6168476,1,Late,High Risk
3205,3,2,3,1,190,3,2,0,2,4312,0,0,1,0,0,1,1,0.6179588,1,Late,High Risk
3206,4,2,5,3,194,3,1,0,1,4331,0,1,1,0,0,1,0,0.65146,1,Late,High Risk
3207,0,2,2,4,176,2,2,0,2,5138,0,0,1,0,0,0,0,0.78608096,1,Late,High Risk
3208,1,2,6,4,227,5,2,0,8,4388,0,1,1,0,1,1,0,0.65927076,1,Late,High Risk
3209,2,2,5,1,149,2,1,1,9,5435,0,1,1,0,0,0,1,0.7818447,1,Late,High Risk
3210,4,2,5,2,173,2,1,1,7,5836,0,1,1,0,0,0,1,0.79420424,1,Late,High Risk
3211,3,2,3,2,181,2,1,0,6,5410,0,0,1,0,0,0,1,0.77948594,1,Late,High Risk
3212,4,2,3,5,251,2,1,1,4,4015,0,0,1,0,1,0,0,0.38555133,0,On Time,Medium Risk
3213,0,2,4,5,243,3,1,0,2,4909,0,1,1,0,1,1,0,0.61911875,1,Late,High Risk
3214,1,2,3,4,210,3,1,1,10,4398,1,0,1,0,0,1,0,0.6504759,1,Late,High Risk
3215,2,2,5,2,145,4,2,0,9,4028,0,1,1,0,0,1,1,0.7548592,1,Late,High Risk
3216,4,2,3,1,196,3,1,1,10,4546,0,0,1,0,0,1,1,0.7853753,1,Late,High Risk
3217,3,2,3,4,154,2,2,1,5,5735,1,0,1,0,0,0,0,0.5412494,1,Late,Medium Risk
3218,4,2,4,1,164,4,1,1,6,4432,1,1,1,0,0,1,1,0.72191805,1,Late,High Risk
3219,0,2,4,2,210,3,2,0,1,4379,1,1,1,0,0,1,1,0.6408885,1,Late,High Risk
3220,1,2,5,3,212,2,1,0,7,5219,0,1,1,0,0,0,0,0.687101,1,Late,High Risk
3221,2,2,3,1,263,2,2,1,9,4868,1,0,1,0,1,0,1,0.62940055,1,Late,High Risk
3222,4,2,3,4,155,2,1,1,3,5481,1,0,1,0,0,0,0,0.6429175,1,Late,High Risk
3223,3,2,3,4,223,2,1,1,9,4211,0,0,1,0,1,0,0,0.7217266,1,Late,High Risk
3224,4,2,5,4,269,3,1,0,3,4489,0,1,1,0,1,1,0,0.6358535,1,Late,High Risk
3225,0,2,3,4,117,3,1,0,6,4046,0,0,1,0,0,1,0,0.68197024,1,Late,High Risk
3226,1,2,4,4,151,2,1,1,3,4105,1,1,1,0,0,0,0,0.5698931,1,Late,Medium Risk
3227,2,2,4,2,271,3,2,1,4,4743,1,1,1,0,1,1,1,0.5153998,1,Late,Medium Risk
3228,4,2,3,3,205,3,1,1,10,5714,0,0,1,0,0,1,0,0.5685341,1,Late,Medium Risk
3229,3,2,5,3,210,5,2,1,9,5431,1,1,1,0,0,1,0,0.731192,1,Late,High Risk
3230,4,2,4,1,133,2,2,1,8,4277,0,1,1,0,0,0,1,0.63985044,1,Late,High Risk
3231,0,2,5,2,215,6,2,0,5,5195,1,1,1,0,1,1,1,0.59205735,1,Late,Medium Risk
3232,1,2,2,3,140,3,1,0,2,4691,0,0,1,0,0,1,0,0.79410595,1,Late,High Risk
3233,2,2,3,3,255,2,1,1,8,5955,1,0,1,0,1,0,0,0.6850469,1,Late,High Risk
3234,4,2,2,5,159,3,1,1,5,4190,0,0,1,0,0,1,0,0.6906356,1,Late,High Risk
3235,3,2,5,3,169,2,1,1,8,5352,1,1,1,0,0,0,0,0.69934994,1,Late,High Risk
3236,4,2,5,4,182,2,2,1,2,4554,1,1,1,0,0,0,0,0.7499777,1,Late,High Risk
3237,0,2,2,5,231,2,1,0,10,4406,1,0,1,0,1,0,0,0.5520077,1,Late,Medium Risk
3238,1,2,3,4,177,3,1,0,6,4445,0,0,1,0,0,1,0,0.71063924,1,Late,High Risk
3239,2,2,4,3,250,3,2,0,3,5055,1,1,1,0,1,1,0,0.5717268,1,Late,Medium Risk
3240,4,2,4,2,145,3,2,0,4,5122,1,1,1,0,0,1,1,0.738869,1,Late,High Risk
3241,3,2,2,5,117,3,0,0,2,4268,1,0,1,0,0,1,0,0.7321377,1,Late,High Risk
3242,4,2,3,4,170,3,1,1,5,4716,1,0,1,0,0,1,0,0.6253732,1,Late,High Risk
3243,0,2,4,4,173,3,0,0,9,5382,1,1,1,0,0,1,0,0.686703,1,Late,High Risk
3244,1,2,4,2,232,3,2,1,8,4658,1,1,1,0,1,1,1,0.60720634,1,Late,High Risk
3245,2,2,3,2,231,4,2,1,4,5510,0,0,1,0,1,1,1,0.71021086,1,Late,High Risk
3246,4,2,3,4,136,3,2,1,2,4524,1,0,1,0,0,1,0,0.78664577,1,Late,High Risk
3247,3,2,4,1,189,3,2,1,5,4496,1,1,1,0,0,1,1,0.6556457,1,Late,High Risk
3248,4,2,5,4,222,3,1,1,7,5340,0,1,1,0,1,1,0,0.68419546,1,Late,High Risk
3249,0,2,4,3,148,3,0,0,7,5034,1,1,1,0,0,1,0,0.55808794,1,Late,Medium Risk
3250,1,2,5,2,265,2,2,0,7,5464,1,1,1,0,1,0,1,0.5435481,1,Late,Medium Risk
3251,2,2,4,1,181,2,1,0,3,5877,0,1,1,0,0,0,1,0.74664426,1,Late,High Risk
3252,4,2,6,5,189,2,0,1,4,5898,1,1,1,0,0,0,0,0.6392593,1,Late,High Risk
3253,3,2,3,2,160,3,2,0,6,4808,1,0,1,0,0,1,1,0.6857648,1,Late,High Risk
3254,4,2,3,3,235,3,2,0,10,4186,0,0,1,0,1,1,0,0.70252764,1,Late,High Risk
3255,0,2,3,4,100,3,2,1,4,4191,0,0,1,0,0,1,0,0.7315748,1,Late,High Risk
3256,1,2,5,5,135,4,2,0,7,5765,1,1,1,0,0,1,0,0.5502251,1,Late,Medium Risk
3257,2,2,5,2,137,3,1,1,6,4883,0,1,1,0,0,1,1,0.5929226,1,Late,Medium Risk
3258,4,2,4,2,222,3,0,0,9,5337,0,1,1,0,1,1,1,0.7181853,1,Late,High Risk
3259,3,2,5,1,246,3,2,0,10,4078,1,1,1,0,1,1,1,0.6069333,1,Late,High Risk
3260,4,2,3,3,202,3,2,0,8,5486,1,0,1,0,0,1,0,0.68095994,1,Late,High Risk
3261,0,2,4,5,273,3,1,0,1,5043,1,1,1,0,1,1,0,0.5346735,1,Late,Medium Risk
3262,1,1,5,1,248,2,1,0,9,5881,1,1,1,0,1,0,1,0.5878587,1,Late,Medium Risk
3263,2,1,4,4,199,4,2,0,5,4194,0,1,1,0,0,1,0,0.606606,1,Late,High Risk
3264,4,1,4,3,209,3,2,1,7,4104,1,1,1,0,0,1,0,0.4527407,0,On Time,Medium Risk
3265,3,1,4,5,216,2,1,1,2,4905,0,1,1,0,1,0,0,0.6800353,1,Late,High Risk
3266,4,1,4,2,227,3,1,1,2,4318,1,1,1,0,1,1,1,0.62620986,1,Late,High Risk
3267,0,1,3,1,216,4,2,0,4,4416,0,0,1,0,1,1,1,0.7341852,1,Late,High Risk
3268,1,1,2,3,242,2,2,0,1,5892,1,0,1,0,1,0,0,0.4889328,0,On Time,Medium Risk
3269,2,1,5,4,217,3,2,0,8,4949,1,1,1,0,1,1,0,0.6344665,1,Late,High Risk
3270,4,1,2,2,160,3,2,0,9,4613,0,0,1,0,0,1,1,0.78061026,1,Late,High Risk
3271,3,1,5,3,141,2,2,1,4,5257,0,1,1,0,0,0,0,0.73590195,1,Late,High Risk
3272,4,1,5,4,263,2,2,0,5,4595,0,1,1,0,1,0,0,0.7555054,1,Late,High Risk
3273,0,1,5,4,171,4,1,1,7,5359,1,1,1,0,0,1,0,0.67490035,1,Late,High Risk
3274,1,1,3,5,195,2,1,0,4,4864,0,0,1,0,0,0,0,0.69080234,1,Late,High Risk
3275,2,1,3,5,237,3,1,1,4,5561,1,0,1,0,1,1,0,0.646576,1,Late,High Risk
3276,4,1,2,5,241,4,1,0,4,5693,1,0,1,0,1,1,0,0.49604964,0,On Time,Medium Risk
3277,3,1,3,4,134,3,2,0,9,4230,1,0,1,0,0,1,0,0.6984938,1,Late,High Risk
3278,4,1,5,5,156,3,1,0,5,5398,1,1,1,0,0,1,0,0.6023096,1,Late,High Risk
3279,0,1,3,4,211,2,1,1,6,6000,0,0,1,0,0,0,0,0.6308531,1,Late,High Risk
3280,1,1,3,2,243,2,1,0,5,4769,0,0,1,0,1,0,1,0.5977357,1,Late,Medium Risk
3281,2,1,4,3,196,2,2,0,7,4116,1,1,1,0,0,0,0,0.39606658,0,On Time,Medium Risk
3282,4,1,3,3,242,2,2,0,7,4960,0,0,1,0,1,0,0,0.6837873,1,Late,High Risk
3283,3,1,3,4,175,3,1,0,3,4449,0,0,1,0,0,1,0,0.663208,1,Late,High Risk
3284,4,0,2,2,155,3,1,1,1,5154,0,0,1,0,0,1,1,0.6802536,1,Late,High Risk
3285,0,0,4,1,200,2,1,0,9,4808,1,1,1,0,0,0,1,0.629793,1,Late,High Risk
3286,1,0,3,3,191,3,1,1,4,4586,0,0,1,0,0,1,0,0.4990208,0,On Time,Medium Risk
3287,2,0,4,5,221,3,1,0,6,5895,0,1,1,0,1,1,0,0.739107,1,Late,High Risk
3288,4,0,3,1,135,3,1,1,9,4511,0,0,1,0,0,1,1,0.75497806,1,Late,High Risk
3289,3,0,3,2,152,4,2,0,7,5943,1,0,1,0,0,1,1,0.58870745,1,Late,Medium Risk
3290,4,0,2,5,172,2,1,1,7,4649,0,0,1,0,0,0,0,0.786959,1,Late,High Risk
3291,0,0,5,2,253,2,0,0,2,5643,1,1,1,0,1,0,1,0.6832947,1,Late,High Risk
3292,1,0,5,1,270,2,0,1,10,5360,0,1,1,0,1,0,1,0.61656034,1,Late,High Risk
3293,2,0,2,4,139,4,0,1,3,5041,0,0,1,0,0,1,0,0.74848366,1,Late,High Risk
3294,4,0,5,2,257,4,2,1,9,5088,0,1,1,0,1,1,1,0.7279225,1,Late,High Risk
3295,3,0,4,1,155,3,1,0,5,4283,1,1,1,0,0,1,1,0.613476,1,Late,High Risk
3296,4,0,3,5,125,2,1,1,5,4933,1,0,1,0,0,0,0,0.52073836,1,Late,Medium Risk
3297,0,0,5,4,233,2,1,0,7,4597,1,1,1,0,1,0,0,0.6821103,1,Late,High Risk
3298,1,0,3,3,205,2,2,1,6,4989,1,0,1,0,0,0,0,0.5838771,1,Late,Medium Risk
3299,2,0,5,4,243,3,2,1,4,4420,1,1,1,0,1,1,0,0.5306149,1,Late,Medium Risk
3300,4,0,4,4,208,3,1,0,10,4919,0,1,1,0,0,1,0,0.6123792,1,Late,High Risk
3301,3,0,3,1,230,3,2,0,6,4392,0,0,1,0,1,1,1,0.6348737,1,Late,High Risk
3302,4,0,4,5,205,3,2,1,5,4949,1,1,1,0,0,1,0,0.5597375,1,Late,Medium Risk
3303,0,0,3,4,170,2,1,0,2,5664,0,0,1,0,0,0,0,0.7546928,1,Late,High Risk
3304,1,0,4,2,222,2,2,1,5,4268,0,1,1,0,1,0,1,0.5921196,1,Late,Medium Risk
3305,2,0,5,4,186,2,1,1,3,4213,0,1,1,0,0,0,0,0.70390666,1,Late,High Risk
3306,4,2,5,1,208,2,1,0,8,5218,0,1,1,0,0,0,1,0.8246907,1,Late,High Risk
3307,3,2,4,3,223,3,2,0,9,5897,0,1,1,0,1,1,0,0.721668,1,Late,High Risk
3308,4,2,5,3,154,2,2,1,8,4006,0,1,1,0,0,0,0,0.33593696,0,On Time,Medium Risk
3309,0,2,5,3,235,4,2,0,10,4011,0,1,1,0,1,1,0,0.57106453,1,Late,Medium Risk
3310,1,2,4,3,271,3,2,1,1,4137,0,1,1,0,1,1,0,0.5218692,1,Late,Medium Risk
3311,2,2,4,5,250,3,1,0,2,5206,0,1,1,0,1,1,0,0.604326,1,Late,High Risk
3312,4,2,4,2,206,2,2,1,4,5159,0,1,1,0,0,0,1,0.74355704,1,Late,High Risk
3313,3,2,3,1,153,3,1,1,10,5121,1,0,1,0,0,1,1,0.6305011,1,Late,High Risk
3314,4,2,4,4,212,2,2,0,6,4117,1,1,1,0,0,0,0,0.59924895,1,Late,Medium Risk
3315,0,2,6,4,168,2,0,1,6,5686,0,1,1,0,0,0,0,0.7892258,1,Late,High Risk
3316,1,2,3,1,171,2,1,1,10,5379,1,0,1,0,0,0,1,0.6772444,1,Late,High Risk
3317,2,2,3,5,132,2,1,1,10,4462,1,0,1,0,0,0,0,0.69378,1,Late,High Risk
3318,4,2,5,3,141,3,1,1,9,4857,0,1,1,0,0,1,0,0.6161759,1,Late,High Risk
3319,3,2,3,2,254,2,1,1,1,4334,0,0,1,0,1,0,1,0.6186513,1,Late,High Risk
3320,4,2,4,4,159,2,2,0,6,5221,0,1,1,0,0,0,0,0.7194231,1,Late,High Risk
3321,0,2,2,4,194,2,1,0,4,4803,1,0,1,0,0,0,0,0.7063558,1,Late,High Risk
3322,1,2,4,3,178,6,1,1,6,4203,0,1,1,0,0,1,0,0.615132,1,Late,High Risk
3323,2,2,3,4,151,3,1,1,2,5712,1,0,1,0,0,1,0,0.6934074,1,Late,High Risk
3324,4,2,5,1,244,2,1,0,5,4125,1,1,1,0,1,0,1,0.61940783,1,Late,High Risk
3325,3,2,3,2,237,3,1,1,8,5287,1,0,1,0,1,1,1,0.6112847,1,Late,High Risk
3326,4,2,3,1,241,3,2,1,9,5184,0,0,1,0,1,1,1,0.6908842,1,Late,High Risk
3327,0,2,4,2,156,3,1,1,3,5923,0,1,1,0,0,1,1,0.7098157,1,Late,High Risk
3328,1,2,4,3,243,3,2,1,1,5021,0,1,1,0,1,1,0,0.6244915,1,Late,High Risk
3329,2,2,5,5,219,2,2,1,4,4289,0,1,1,0,1,0,0,0.6407744,1,Late,High Risk
3330,4,2,4,5,168,2,0,1,2,5776,0,1,1,0,0,0,0,0.5813734,1,Late,Medium Risk
3331,3,2,6,3,224,6,0,1,8,5661,0,1,1,0,1,1,0,0.50855464,1,Late,Medium Risk
3332,4,2,4,4,216,2,2,1,2,5840,1,1,1,0,1,0,0,0.734536,1,Late,High Risk
3333,0,2,3,1,187,5,1,0,6,4698,0,0,1,0,0,1,1,0.75868744,1,Late,High Risk
3334,1,2,5,3,204,3,0,0,1,4037,1,1,1,0,0,1,0,0.37483662,0,On Time,Medium Risk
3335,2,2,6,5,266,5,1,1,10,4140,0,1,1,0,1,1,0,0.78045493,1,Late,High Risk
3336,4,2,3,4,179,2,1,0,2,4931,1,0,1,0,0,0,0,0.6860039,1,Late,High Risk
3337,3,2,3,4,184,3,1,1,10,4776,0,0,1,0,0,1,0,0.67777914,1,Late,High Risk
3338,4,2,6,2,204,4,2,0,2,4431,0,1,1,0,0,1,1,0.78106797,1,Late,High Risk
3339,0,2,3,4,255,2,2,0,7,4332,1,0,1,0,1,0,0,0.62583363,1,Late,High Risk
3340,1,2,4,1,272,2,2,0,5,5252,0,1,1,0,1,0,1,0.66663074,1,Late,High Risk
3341,2,2,4,3,186,2,1,1,7,4947,1,1,1,0,0,0,0,0.5932278,1,Late,Medium Risk
3342,4,2,5,4,147,4,2,1,6,4369,0,1,1,0,0,1,0,0.69769484,1,Late,High Risk
3343,3,2,3,4,145,3,2,1,4,5361,1,0,1,0,0,1,0,0.7630805,1,Late,High Risk
3344,4,2,5,1,255,3,2,0,6,5715,0,1,1,0,1,1,1,0.6608411,1,Late,High Risk
3345,0,2,3,4,133,2,1,0,7,4663,0,0,1,0,0,0,0,0.70372736,1,Late,High Risk
3346,1,2,4,1,155,4,1,0,1,4985,0,1,1,0,0,1,1,0.75210947,1,Late,High Risk
3347,2,2,4,5,151,4,2,1,10,4796,0,1,1,0,0,1,0,0.72767496,1,Late,High Risk
3348,4,2,4,2,270,2,0,0,3,4914,1,1,1,0,1,0,1,0.6223202,1,Late,High Risk
3349,3,2,3,1,234,4,0,1,6,4942,0,0,1,0,1,1,1,0.61367375,1,Late,High Risk
3350,4,2,3,5,186,2,2,1,4,4352,0,0,1,0,0,0,0,0.7226819,1,Late,High Risk
3351,0,2,4,5,157,2,2,1,6,5937,0,1,1,0,0,0,0,0.7782522,1,Late,High Risk
3352,1,2,4,4,268,3,1,1,7,5947,0,1,1,0,1,1,0,0.75254524,1,Late,High Risk
3353,2,2,4,3,244,2,1,1,10,4486,1,1,1,0,1,0,0,0.6323737,1,Late,High Risk
3354,4,2,4,5,190,3,1,1,2,4554,0,1,1,0,0,1,0,0.6959442,1,Late,High Risk
3355,3,2,4,4,161,4,1,1,5,5038,0,1,1,0,0,1,0,0.7250191,1,Late,High Risk
3356,4,2,2,4,162,3,0,0,2,5893,1,0,1,0,0,1,0,0.5626455,1,Late,Medium Risk
3357,0,2,4,3,163,8,2,0,6,5739,0,1,1,0,0,1,0,0.53300095,1,Late,Medium Risk
3358,1,2,3,3,211,6,1,1,5,5777,1,0,1,0,0,1,0,0.48994425,0,On Time,Medium Risk
3359,2,2,3,4,205,8,2,1,1,4977,1,0,1,0,0,1,0,0.54650503,1,Late,Medium Risk
3360,4,2,3,5,150,3,2,0,4,4442,1,0,1,0,0,1,0,0.7383848,1,Late,High Risk
3361,3,2,2,5,209,5,2,0,10,4623,1,0,1,0,0,1,0,0.8552853,1,Late,High Risk
3362,4,2,5,2,250,3,2,0,6,5298,0,1,1,0,1,1,1,0.64637625,1,Late,High Risk
3363,0,2,3,2,206,3,0,0,1,4431,1,0,1,0,0,1,1,0.5462695,1,Late,Medium Risk
3364,1,2,5,2,244,3,1,1,2,4198,0,1,1,0,1,1,1,0.6138136,1,Late,High Risk
3365,2,2,2,1,180,3,1,1,2,4615,1,0,1,0,0,1,1,0.62562335,1,Late,High Risk
3366,4,2,4,4,256,3,2,1,1,5784,1,1,1,0,1,1,0,0.5287619,1,Late,Medium Risk
3367,3,2,5,4,273,3,2,0,2,5672,1,1,1,0,1,1,0,0.39618862,0,On Time,Medium Risk
3368,4,2,4,1,178,8,2,0,6,4872,0,1,1,0,0,1,1,0.6188663,1,Late,High Risk
3369,0,2,4,2,296,2,2,0,2,1233,0,1,1,1,1,0,1,0.62854284,1,Late,High Risk
3370,1,2,3,3,249,5,2,0,9,1752,0,0,1,1,1,1,0,0.612352,1,Late,High Risk
3371,2,2,4,5,151,4,2,1,3,5470,0,1,1,0,0,1,0,0.79673564,1,Late,High Risk
3372,4,2,4,3,270,2,0,0,5,5346,0,1,1,0,1,0,0,0.6658112,1,Late,High Risk
3373,3,2,3,2,234,4,0,0,7,4568,1,0,1,0,1,1,1,0.6782664,1,Late,High Risk
3374,4,2,3,4,186,2,2,0,9,5841,0,0,1,0,0,0,0,0.7521469,1,Late,High Risk
3375,0,2,4,1,157,2,2,1,3,5801,0,1,1,0,0,0,1,0.7755429,1,Late,High Risk
3376,1,2,4,2,268,3,1,0,3,5488,1,1,1,0,1,1,1,0.51939386,1,Late,Medium Risk
3377,2,2,4,1,244,2,1,0,3,4644,1,1,1,0,1,0,1,0.5365997,1,Late,Medium Risk
3378,4,2,4,4,190,3,1,1,2,4800,0,1,1,0,0,1,0,0.63745487,1,Late,High Risk
3379,3,2,4,2,161,4,1,0,10,5322,0,1,1,0,0,1,1,0.7609877,1,Late,High Risk
3380,4,2,2,2,162,3,0,1,10,4489,1,0,1,0,0,1,1,0.5606874,1,Late,Medium Risk
3381,0,2,4,1,163,8,2,0,9,5489,1,1,1,0,0,1,1,0.5151703,1,Late,Medium Risk
3382,1,2,3,2,211,6,1,0,2,4417,0,0,1,0,0,1,1,0.60775316,1,Late,High Risk
3383,2,2,3,4,205,8,2,0,5,4869,1,0,1,0,0,1,0,0.5051857,1,Late,Medium Risk
3384,4,2,3,3,150,3,2,1,4,5536,0,0,1,0,0,1,0,0.79112893,1,Late,High Risk
3385,3,2,2,5,209,5,2,0,9,5565,0,0,1,0,0,1,0,0.81691545,1,Late,High Risk
3386,4,2,5,3,250,3,2,1,4,4343,0,1,1,0,1,1,0,0.603006,1,Late,High Risk
3387,0,2,3,1,206,3,0,0,8,4763,1,0,1,0,0,1,1,0.59487635,1,Late,Medium Risk
3388,1,2,5,5,244,3,1,1,9,5695,0,1,1,0,1,1,0,0.6258194,1,Late,High Risk
3389,2,2,2,2,180,3,1,1,2,5033,1,0,1,0,0,1,1,0.60376495,1,Late,High Risk
3390,4,2,4,5,256,3,2,1,10,4504,1,1,1,0,1,1,0,0.6104857,1,Late,High Risk
3391,3,2,5,4,273,3,2,1,6,4044,1,1,1,0,1,1,0,0.34793806,0,On Time,Medium Risk
3392,4,2,4,2,178,8,2,1,5,4120,1,1,1,0,0,1,1,0.37101287,0,On Time,Medium Risk
3393,0,2,4,3,296,2,2,0,9,1523,1,1,1,1,1,0,0,0.45488787,0,On Time,Medium Risk
3394,1,2,4,2,275,6,2,1,2,1712,1,1,1,1,1,1,1,0.5889847,1,Late,Medium Risk
3395,2,2,5,5,270,3,1,1,2,4351,1,1,1,0,1,1,0,0.46275535,0,On Time,Medium Risk
3396,4,2,6,5,224,4,2,1,6,4616,0,1,1,0,1,1,0,0.76009804,1,Late,High Risk
3397,3,2,2,4,172,5,1,1,4,4668,0,0,1,0,0,1,0,0.7087426,1,Late,High Risk
3398,4,2,4,4,176,3,1,0,1,4774,0,1,1,0,0,1,0,0.62777007,1,Late,High Risk
3399,0,1,6,2,240,4,1,1,9,4099,0,1,1,0,1,1,1,0.70198494,1,Late,High Risk
3400,1,1,3,4,213,3,1,0,5,4535,1,0,1,0,0,1,0,0.72553986,1,Late,High Risk
3401,2,1,4,2,197,3,1,0,2,5707,0,1,1,0,0,1,1,0.61965895,1,Late,High Risk
3402,4,1,4,5,167,2,1,0,7,4289,1,1,1,0,0,0,0,0.5757139,1,Late,Medium Risk
3403,3,1,5,1,180,3,1,0,2,5013,1,1,1,0,0,1,1,0.64562196,1,Late,High Risk
3404,4,1,3,1,119,2,1,0,10,4146,1,0,1,0,0,0,1,0.6783413,1,Late,High Risk
3405,0,1,5,5,232,4,1,1,3,5447,0,1,1,0,1,1,0,0.6689196,1,Late,High Risk
3406,1,1,3,5,139,2,2,1,7,5536,0,0,1,0,0,0,0,0.68376124,1,Late,High Risk
3407,2,1,3,2,272,3,1,1,2,4459,1,0,1,0,1,1,1,0.5794651,1,Late,Medium Risk
3408,4,1,3,2,253,3,1,0,7,4915,0,0,1,0,1,1,1,0.6621583,1,Late,High Risk
3409,3,1,3,2,188,3,1,1,4,5376,0,0,1,0,0,1,1,0.6750726,1,Late,High Risk
3410,4,1,3,4,202,3,2,1,5,5169,0,0,1,0,0,1,0,0.659935,1,Late,High Risk
3411,0,1,3,1,134,3,1,0,7,5802,1,0,1,0,0,1,1,0.4995322,0,On Time,Medium Risk
3412,1,1,3,5,110,3,2,1,3,4252,1,0,1,0,0,1,0,0.636048,1,Late,High Risk
3413,2,1,3,2,172,2,1,0,9,4532,1,0,1,0,0,0,1,0.79353476,1,Late,High Risk
3414,4,1,3,1,188,3,1,1,3,4222,0,0,1,0,0,1,1,0.6727269,1,Late,High Risk
3415,3,1,3,1,258,4,2,0,6,5365,1,0,1,0,1,1,1,0.62135607,1,Late,High Risk
3416,4,1,5,3,234,3,1,1,10,5673,0,1,1,0,1,1,0,0.637621,1,Late,High Risk
3417,0,1,3,4,148,4,2,0,9,5301,0,0,1,0,0,1,0,0.78893423,1,Late,High Risk
3418,1,1,5,3,194,4,1,0,2,5396,0,1,1,0,0,1,0,0.7053976,1,Late,High Risk
3419,2,1,4,4,266,3,2,0,2,5413,1,1,1,0,1,1,0,0.6420631,1,Late,High Risk
3420,4,1,5,5,158,3,2,1,7,5559,1,1,1,0,0,1,0,0.64129925,1,Late,High Risk
3421,3,0,5,1,228,2,0,1,6,4984,1,1,1,0,1,0,1,0.5913897,1,Late,Medium Risk
3422,4,0,4,5,159,2,1,1,1,5671,0,1,1,0,0,0,0,0.7819886,1,Late,High Risk
3423,0,0,3,4,255,4,1,1,10,4107,0,0,1,0,1,1,0,0.5159791,1,Late,Medium Risk
3424,1,0,3,4,213,3,1,0,4,5481,1,0,1,0,0,1,0,0.64189315,1,Late,High Risk
3425,2,0,3,4,148,2,1,0,5,4693,1,0,1,0,0,0,0,0.7459565,1,Late,High Risk
3426,4,0,4,5,219,3,2,1,6,5957,1,1,1,0,1,1,0,0.72131664,1,Late,High Risk
3427,3,0,3,5,168,5,2,1,9,5731,1,0,1,0,0,1,0,0.6116082,1,Late,High Risk
3428,4,0,4,3,148,5,2,0,6,4802,0,1,1,0,0,1,0,0.74299943,1,Late,High Risk
3429,0,0,3,4,149,3,1,0,5,5467,0,0,1,0,0,1,0,0.79372704,1,Late,High Risk
3430,1,0,3,5,245,6,0,1,9,4793,0,0,1,0,1,1,0,0.638216,1,Late,High Risk
3431,2,0,3,1,200,2,2,1,10,5178,1,0,1,0,0,0,1,0.594227,1,Late,Medium Risk
3432,4,0,3,1,228,3,2,1,9,5530,0,0,1,0,1,1,1,0.7043647,1,Late,High Risk
3433,3,0,4,1,175,4,1,1,2,4053,0,1,1,0,0,1,1,0.66720957,1,Late,High Risk
3434,4,0,3,3,201,3,1,1,9,5895,1,0,1,0,0,1,0,0.41300547,0,On Time,Medium Risk
3435,0,0,4,3,267,4,1,1,7,5140,0,1,1,0,1,1,0,0.622263,1,Late,High Risk
3436,1,0,3,4,217,2,2,0,9,5450,0,0,1,0,1,0,0,0.6821803,1,Late,High Risk
3437,2,0,2,3,160,2,0,1,3,4409,0,0,1,0,0,0,0,0.7014719,1,Late,High Risk
3438,4,0,4,4,264,3,1,0,2,4279,1,1,1,0,1,1,0,0.6234032,1,Late,High Risk
3439,3,0,3,1,179,3,0,1,5,5898,1,0,1,0,0,1,1,0.564288,1,Late,Medium Risk
3440,4,0,4,5,259,3,2,1,10,4921,1,1,1,0,1,1,0,0.5539904,1,Late,Medium Risk
3441,0,0,4,5,178,2,0,1,5,5403,0,1,1,0,0,0,0,0.73559636,1,Late,High Risk
3442,1,0,3,2,242,5,2,1,6,4694,0,0,1,0,1,1,1,0.72580487,1,Late,High Risk
3443,2,2,4,4,235,2,1,1,4,5671,0,1,1,0,1,0,0,0.6966728,1,Late,High Risk
3444,4,2,4,1,247,2,2,0,7,5098,0,1,1,0,1,0,1,0.66198146,1,Late,High Risk
3445,3,2,2,2,240,5,1,1,7,4138,1,0,1,0,1,1,1,0.5777478,1,Late,Medium Risk
3446,4,2,3,1,252,2,1,1,4,5559,0,0,1,0,1,0,1,0.7379106,1,Late,High Risk
3447,0,2,5,4,237,2,1,1,8,5600,1,1,1,0,1,0,0,0.6891271,1,Late,High Risk
3448,1,2,4,2,161,3,1,0,4,5947,0,1,1,0,0,1,1,0.6927236,1,Late,High Risk
3449,2,2,2,3,144,4,1,0,10,4075,0,0,1,0,0,1,0,0.7916853,1,Late,High Risk
3450,4,2,4,1,163,4,2,1,2,5432,1,1,1,0,0,1,1,0.7494838,1,Late,High Risk
3451,3,2,4,3,246,3,1,0,5,5118,0,1,1,0,1,1,0,0.6478845,1,Late,High Risk
3452,4,2,3,2,213,3,2,1,10,5993,1,0,1,0,0,1,1,0.57653904,1,Late,Medium Risk
3453,0,2,5,1,123,2,1,0,9,5497,0,1,1,0,0,0,1,0.57293147,1,Late,Medium Risk
3454,1,2,4,3,192,3,1,1,1,4045,1,1,1,0,0,1,0,0.39599636,0,On Time,Medium Risk
3455,2,2,4,4,149,3,1,0,8,5658,1,1,1,0,0,1,0,0.63880914,1,Late,High Risk
3456,4,2,5,3,206,4,0,0,1,4583,0,1,1,0,0,1,0,0.650755,1,Late,High Risk
3457,3,2,6,4,243,6,1,1,8,5218,0,1,1,0,1,1,0,0.5574924,1,Late,Medium Risk
3458,4,2,4,5,136,3,1,0,1,4585,1,1,1,0,0,1,0,0.7326664,1,Late,High Risk
3459,0,2,4,1,170,2,2,0,5,5182,0,1,1,0,0,0,1,0.7328248,1,Late,High Risk
3460,1,2,2,4,180,2,1,0,8,4321,1,0,1,0,0,0,0,0.6595579,1,Late,High Risk
3461,2,2,3,5,220,2,1,0,1,5663,0,0,1,0,1,0,0,0.7382205,1,Late,High Risk
3462,4,2,3,3,144,2,1,1,6,5994,1,0,1,0,0,0,0,0.5306908,1,Late,Medium Risk
3463,3,2,3,4,271,2,2,1,6,4218,0,0,1,0,1,0,0,0.6756182,1,Late,High Risk
3464,4,2,4,4,186,2,2,0,9,4887,1,1,1,0,0,0,0,0.69535315,1,Late,High Risk
3465,0,2,2,5,247,4,2,1,4,5255,1,0,1,0,1,1,0,0.679615,1,Late,High Risk
3466,1,2,4,4,202,3,2,1,2,4299,1,1,1,0,0,1,0,0.6079279,1,Late,High Risk
3467,2,2,4,3,143,3,2,0,3,5062,1,1,1,0,0,1,0,0.67117786,1,Late,High Risk
3468,4,2,3,1,180,3,1,0,10,5633,0,0,1,0,0,1,1,0.7444139,1,Late,High Risk
3469,3,2,4,5,221,3,2,0,3,4430,1,1,1,0,1,1,0,0.65581447,1,Late,High Risk
3470,4,2,4,3,173,3,1,0,7,4810,1,1,1,0,0,1,0,0.6072753,1,Late,High Risk
3471,0,2,2,5,107,3,2,1,2,4853,0,0,1,0,0,1,0,0.7605174,1,Late,High Risk
3472,1,2,3,4,259,2,2,0,3,4154,1,0,1,0,1,0,0,0.6459338,1,Late,High Risk
3473,2,2,5,4,134,3,2,1,4,4908,0,1,1,0,0,1,0,0.6954855,1,Late,High Risk
3474,4,2,3,2,204,4,1,1,4,4745,0,0,1,0,0,1,1,0.696877,1,Late,High Risk
3475,3,2,2,2,161,5,2,1,3,4138,0,0,1,0,0,1,1,0.73383594,1,Late,High Risk
3476,4,2,6,4,100,5,1,0,7,5668,1,1,1,0,0,1,0,0.29402345,0,On Time,Low Risk
3477,0,2,5,2,260,4,2,0,3,5890,0,1,1,0,1,1,1,0.7409575,1,Late,High Risk
3478,1,2,5,2,196,3,1,0,4,4271,0,1,1,0,0,1,1,0.6605264,1,Late,High Risk
3479,2,2,5,2,260,3,1,1,1,4799,1,1,1,0,1,1,1,0.6217,1,Late,High Risk
3480,4,2,3,1,193,4,1,1,5,4700,0,0,1,0,0,1,1,0.66961485,1,Late,High Risk
3481,3,2,4,1,258,3,2,1,7,4159,0,1,1,0,1,1,1,0.62396073,1,Late,High Risk
3482,4,2,4,3,254,4,1,1,9,4492,0,1,1,0,1,1,0,0.74682295,1,Late,High Risk
3483,0,2,3,5,216,4,1,0,3,4934,0,0,1,0,1,1,0,0.6599869,1,Late,High Risk
3484,1,2,4,1,273,3,1,0,5,5323,0,1,1,0,1,1,1,0.5941941,1,Late,Medium Risk
3485,2,2,4,4,223,4,1,1,1,4219,0,1,1,0,1,1,0,0.610147,1,Late,High Risk
3486,4,2,4,1,182,2,2,0,10,5638,0,1,1,0,0,0,1,0.7357083,1,Late,High Risk
3487,3,2,3,4,201,3,1,0,6,5722,1,0,1,0,0,1,0,0.6835293,1,Late,High Risk
3488,4,2,4,3,249,3,2,0,6,5657,1,1,1,0,1,1,0,0.63041025,1,Late,High Risk
3489,0,2,5,4,152,3,1,1,1,5314,1,1,1,0,0,1,0,0.6957122,1,Late,High Risk
3490,1,2,3,1,244,4,2,1,6,4734,1,0,1,0,1,1,1,0.65984166,1,Late,High Risk
3491,2,2,3,1,256,4,2,0,3,4398,1,0,1,0,1,1,1,0.64000803,1,Late,High Risk
3492,4,2,4,2,223,3,2,1,3,5121,0,1,1,0,1,1,1,0.69447535,1,Late,High Risk
3493,3,2,3,2,185,2,0,0,3,4816,1,0,1,0,0,0,1,0.56329334,1,Late,Medium Risk
3494,4,2,3,1,166,3,2,1,9,4410,0,0,1,0,0,1,1,0.73913777,1,Late,High Risk
3495,0,2,3,4,113,3,2,1,1,5765,1,0,1,0,0,1,0,0.59295523,1,Late,Medium Risk
3496,1,2,4,1,134,2,2,0,7,5967,0,1,1,0,0,0,1,0.72117525,1,Late,High Risk
3497,2,2,4,3,228,2,0,0,4,4719,1,1,1,0,1,0,0,0.51102436,1,Late,Medium Risk
3498,4,2,3,4,204,2,1,0,10,5844,1,0,1,0,0,0,0,0.6695831,1,Late,High Risk
3499,3,2,3,1,152,2,2,0,2,4136,0,0,1,0,0,0,1,0.7142988,1,Late,High Risk
3500,4,2,3,2,195,2,2,1,9,5779,1,0,1,0,0,0,1,0.6845202,1,Late,High Risk
3501,0,2,4,2,192,6,0,0,3,5173,0,1,1,0,0,1,1,0.33556405,0,On Time,Medium Risk
3502,1,2,4,2,247,3,2,1,8,4977,0,1,1,0,1,1,1,0.6202095,1,Late,High Risk
3503,2,2,3,1,135,2,2,1,2,4163,0,0,1,0,0,0,1,0.7123955,1,Late,High Risk
3504,4,2,4,2,209,2,2,0,1,5337,0,1,1,0,0,0,1,0.80590767,1,Late,High Risk
3505,3,2,2,4,173,2,1,1,1,4721,0,0,1,0,0,0,0,0.753138,1,Late,High Risk
3506,4,2,4,4,222,2,1,1,5,5660,0,1,1,0,1,0,0,0.7933517,1,Late,High Risk
3507,0,2,4,3,192,3,2,0,10,4086,1,1,1,0,0,1,0,0.32645997,0,On Time,Medium Risk
3508,1,2,3,5,206,3,2,0,6,5618,0,0,1,0,0,1,0,0.74849635,1,Late,High Risk
3509,2,2,3,3,275,4,2,1,6,4687,1,0,1,0,1,1,0,0.5921461,1,Late,Medium Risk
3510,4,2,2,3,192,3,2,0,8,5787,1,0,1,0,0,1,0,0.5706285,1,Late,Medium Risk
3511,3,2,6,3,121,3,2,0,10,5208,0,1,1,0,0,1,0,0.70286757,1,Late,High Risk
3512,4,2,4,2,177,3,1,1,8,4904,0,1,1,0,0,1,1,0.6650712,1,Late,High Risk
3513,0,2,3,1,243,3,1,0,2,4989,0,0,1,0,1,1,1,0.54638314,1,Late,Medium Risk
3514,1,2,3,2,262,4,1,1,1,4745,1,0,1,0,1,1,1,0.6247517,1,Late,High Risk
3515,2,2,2,4,189,3,1,1,3,5897,1,0,1,0,0,1,0,0.7453088,1,Late,High Risk
3516,4,2,5,4,178,2,1,0,4,5307,0,1,1,0,0,0,0,0.7404392,1,Late,High Risk
3517,3,2,3,4,232,3,2,0,1,4228,1,0,1,0,1,1,0,0.59160876,1,Late,Medium Risk
3518,4,2,4,5,254,3,1,1,1,4377,1,1,1,0,1,1,0,0.5572974,1,Late,Medium Risk
3519,0,2,3,1,148,2,2,1,5,4082,1,0,1,0,0,0,1,0.6210273,1,Late,High Risk
3520,1,2,4,3,253,4,0,1,4,4868,1,1,1,0,1,1,0,0.5587921,1,Late,Medium Risk
3521,2,2,4,5,223,3,2,0,9,5279,1,1,1,0,1,1,0,0.5308588,1,Late,Medium Risk
3522,4,2,2,2,190,2,2,1,7,4075,0,0,1,0,0,0,1,0.4727388,0,On Time,Medium Risk
3523,3,2,5,3,181,4,1,0,2,5332,0,1,1,0,0,1,0,0.75848347,1,Late,High Risk
3524,4,2,2,3,226,3,1,1,8,5119,0,0,1,0,1,1,0,0.64203405,1,Late,High Risk
3525,0,2,3,4,182,2,2,1,8,4883,0,0,1,0,0,0,0,0.6830482,1,Late,High Risk
3526,1,2,2,4,191,3,2,0,6,4119,0,0,1,0,0,1,0,0.47320056,0,On Time,Medium Risk
3527,2,2,3,1,223,4,1,1,1,4195,0,0,1,0,1,1,1,0.6094313,1,Late,High Risk
3528,4,2,4,5,274,3,2,1,4,4521,0,1,1,0,1,1,0,0.76113874,1,Late,High Risk
3529,3,2,4,4,218,2,1,1,9,5637,0,1,1,0,1,0,0,0.7339791,1,Late,High Risk
3530,4,2,3,5,197,3,1,1,3,5658,0,0,1,0,0,1,0,0.75825757,1,Late,High Risk
3531,0,2,4,2,137,3,1,0,6,5271,0,1,1,0,0,1,1,0.6898476,1,Late,High Risk
3532,1,2,2,1,163,3,1,0,3,5873,1,0,1,0,0,1,1,0.66481626,1,Late,High Risk
3533,2,2,4,4,218,4,1,1,6,4377,1,1,1,0,1,1,0,0.629005,1,Late,High Risk
3534,4,2,5,1,245,3,1,1,6,4343,1,1,1,0,1,1,1,0.6790337,1,Late,High Risk
3535,3,2,3,5,181,2,2,1,2,4089,0,0,1,0,0,0,0,0.56646717,1,Late,Medium Risk
3536,4,1,6,3,222,5,0,0,2,4612,0,1,1,0,1,1,0,0.62870866,1,Late,High Risk
3537,0,1,4,5,259,2,1,1,7,4390,1,1,1,0,1,0,0,0.68908024,1,Late,High Risk
3538,1,1,3,4,157,3,2,0,6,5398,1,0,1,0,0,1,0,0.74842143,1,Late,High Risk
3539,2,1,4,3,137,3,2,0,10,4820,1,1,1,0,0,1,0,0.5563805,1,Late,Medium Risk
3540,4,1,3,3,242,3,1,0,8,4199,0,0,1,0,1,1,0,0.6262992,1,Late,High Risk
3541,3,1,4,5,154,4,2,1,7,4938,0,1,1,0,0,1,0,0.6252199,1,Late,High Risk
3542,4,1,3,2,150,2,1,0,3,4174,0,0,1,0,0,0,1,0.6913272,1,Late,High Risk
3543,0,1,5,3,174,3,2,0,7,5510,1,1,1,0,0,1,0,0.51296115,1,Late,Medium Risk
3544,1,1,5,5,265,3,0,0,3,5837,1,1,1,0,1,1,0,0.2939446,0,On Time,Low Risk
3545,2,1,3,4,248,4,2,1,8,4540,0,0,1,0,1,1,0,0.7239177,1,Late,High Risk
3546,4,1,4,3,186,3,1,1,7,5156,1,1,1,0,0,1,0,0.5565643,1,Late,Medium Risk
3547,3,1,4,2,152,3,2,1,6,5764,1,1,1,0,0,1,1,0.5849223,1,Late,Medium Risk
3548,4,1,3,3,163,3,2,1,2,5791,1,0,1,0,0,1,0,0.6354714,1,Late,High Risk
3549,0,1,4,5,168,4,2,1,5,5735,1,1,1,0,0,1,0,0.68898237,1,Late,High Risk
3550,1,1,4,3,102,3,2,0,3,4845,1,1,1,0,0,1,0,0.670831,1,Late,High Risk
3551,2,1,3,1,169,2,2,0,1,4783,1,0,1,0,0,0,1,0.5830562,1,Late,Medium Risk
3552,4,1,6,1,163,4,0,1,3,4031,1,1,1,0,0,1,1,0.58422583,1,Late,Medium Risk
3553,3,1,2,1,154,3,2,0,4,5100,0,0,1,0,0,1,1,0.52925134,1,Late,Medium Risk
3554,4,1,3,5,271,2,1,0,3,4878,0,0,1,0,1,0,0,0.61483693,1,Late,High Risk
3555,0,1,3,4,182,3,2,0,7,5409,1,0,1,0,0,1,0,0.6739895,1,Late,High Risk
3556,1,1,4,1,173,3,1,0,5,5232,0,1,1,0,0,1,1,0.7143717,1,Late,High Risk
3557,2,1,5,2,244,2,1,1,10,5696,0,1,1,0,1,0,1,0.6378439,1,Late,High Risk
3558,4,0,4,5,214,2,1,1,8,4512,0,1,1,0,0,0,0,0.7667081,1,Late,High Risk
3559,3,0,4,4,210,2,0,1,6,4076,0,1,1,0,0,0,0,0.5075048,1,Late,Medium Risk
3560,4,0,5,3,194,7,2,0,10,5700,0,1,1,0,0,1,0,0.61422867,1,Late,High Risk
3561,0,0,4,3,185,10,0,0,7,4818,1,1,1,0,0,1,0,0.3805946,0,On Time,Medium Risk
3562,1,0,3,3,121,2,1,1,10,5130,1,0,1,0,0,0,0,0.74195397,1,Late,High Risk
3563,2,0,3,1,203,3,2,0,3,4137,0,0,1,0,0,1,1,0.70391005,1,Late,High Risk
3564,4,0,2,5,134,10,0,1,8,5472,0,0,1,0,0,1,0,0.7902461,1,Late,High Risk
3565,3,0,3,3,263,3,2,0,9,5665,1,0,1,0,1,1,0,0.56206447,1,Late,Medium Risk
3566,4,0,5,1,279,8,1,0,6,5888,1,1,1,0,1,1,1,0.5237032,1,Late,Medium Risk
3567,0,0,4,5,222,3,1,0,5,5584,0,1,1,0,1,1,0,0.7191342,1,Late,High Risk
3568,1,0,4,1,233,2,1,1,9,4799,1,1,1,0,1,0,1,0.6182004,1,Late,High Risk
3569,2,0,4,4,271,3,1,1,3,4152,0,1,1,0,1,1,0,0.6214805,1,Late,High Risk
3570,4,0,3,4,118,4,1,1,6,5964,0,0,1,0,0,1,0,0.56051314,1,Late,Medium Risk
3571,3,0,3,4,183,2,1,1,5,4261,1,0,1,0,0,0,0,0.5682708,1,Late,Medium Risk
3572,4,0,3,4,217,3,1,0,5,4077,0,0,1,0,1,1,0,0.48947254,0,On Time,Medium Risk
3573,0,0,3,5,245,10,2,1,8,4909,1,0,1,0,1,1,0,0.5732974,1,Late,Medium Risk
3574,1,0,3,4,143,4,2,1,5,5545,1,0,1,0,0,1,0,0.7858915,1,Late,High Risk
3575,2,0,3,3,149,3,2,0,3,4189,0,0,1,0,0,1,0,0.7131359,1,Late,High Risk
3576,4,0,4,5,275,6,2,1,10,1400,1,1,1,1,1,1,0,0.4838509,0,On Time,Medium Risk
3577,3,0,4,5,168,4,2,0,4,4776,1,1,1,0,0,1,0,0.5552698,1,Late,Medium Risk
3578,4,0,4,1,102,3,2,1,3,4179,0,1,1,0,0,1,1,0.7363637,1,Late,High Risk
3579,0,0,3,2,169,2,2,0,10,4038,1,0,1,0,0,0,1,0.4833668,0,On Time,Medium Risk
3580,1,2,6,5,163,4,0,1,3,5118,1,1,1,0,0,1,0,0.4857093,0,On Time,Medium Risk
3581,2,2,2,3,154,3,2,1,3,4478,0,0,1,0,0,1,0,0.61616933,1,Late,High Risk
3582,4,2,3,3,271,2,1,0,8,4444,1,0,1,0,1,0,0,0.60255563,1,Late,High Risk
3583,3,2,3,4,182,3,2,0,2,5281,1,0,1,0,0,1,0,0.6963648,1,Late,High Risk
3584,4,2,4,5,173,3,1,0,7,4410,0,1,1,0,0,1,0,0.633706,1,Late,High Risk
3585,0,2,5,5,244,2,1,1,10,5794,0,1,1,0,1,0,0,0.7406736,1,Late,High Risk
3586,1,2,4,5,214,2,1,1,3,5546,0,1,1,0,0,0,0,0.7728602,1,Late,High Risk
3587,2,2,4,2,210,2,0,0,3,5876,1,1,1,0,0,0,1,0.5997196,1,Late,Medium Risk
3588,4,2,5,1,194,7,2,1,8,4770,0,1,1,0,0,1,1,0.72904927,1,Late,High Risk
3589,3,2,4,3,185,10,0,1,1,4973,0,1,1,0,0,1,0,0.57026297,1,Late,Medium Risk
3590,4,2,3,1,121,2,1,1,2,5210,1,0,1,0,0,0,1,0.40688962,0,On Time,Medium Risk
3591,0,2,3,4,203,3,2,1,1,5543,0,0,1,0,0,1,0,0.74376565,1,Late,High Risk
3592,1,2,2,3,134,10,0,0,1,5632,0,0,1,0,0,1,0,0.8137021,1,Late,High Risk
3593,2,2,3,2,263,3,2,1,8,5447,1,0,1,0,1,1,1,0.5635485,1,Late,Medium Risk
3594,4,2,5,2,279,8,1,1,5,4785,0,1,1,0,1,1,1,0.47972876,0,On Time,Medium Risk
3595,3,2,4,2,222,3,1,0,3,5130,0,1,1,0,1,1,1,0.6787005,1,Late,High Risk
3596,4,2,4,2,233,2,1,0,5,4668,0,1,1,0,1,0,1,0.5887155,1,Late,Medium Risk
3597,0,2,4,2,271,3,1,1,9,4085,0,1,1,0,1,1,1,0.6424691,1,Late,High Risk
3598,1,2,3,5,118,4,1,0,10,5699,1,0,1,0,0,1,0,0.6702367,1,Late,High Risk
3599,2,2,3,4,183,2,1,1,3,4179,1,0,1,0,0,0,0,0.60999525,1,Late,High Risk
3600,4,2,3,4,217,3,1,0,5,4883,1,0,1,0,1,1,0,0.6305779,1,Late,High Risk
3601,3,2,3,4,245,10,2,1,1,5363,0,0,1,0,1,1,0,0.64376783,1,Late,High Risk
3602,4,2,3,2,143,4,2,0,7,4486,0,0,1,0,0,1,1,0.74382067,1,Late,High Risk
3603,0,2,3,2,149,3,2,0,7,4049,1,0,1,0,0,1,1,0.70058805,1,Late,High Risk
3604,1,2,4,2,275,6,2,1,9,1890,0,1,1,1,1,1,1,0.5787341,1,Late,Medium Risk
3605,2,2,7,4,282,5,1,1,5,1149,0,1,1,1,1,1,0,0.6054767,1,Late,High Risk
3606,4,2,4,1,276,2,2,1,3,1966,0,1,1,1,1,0,1,0.4531244,0,On Time,Medium Risk
3607,3,2,4,5,244,3,1,1,6,1360,1,1,1,1,1,1,0,0.26538634,0,On Time,Low Risk
3608,4,2,5,5,258,4,2,1,7,5478,0,1,1,0,1,1,0,0.609157,1,Late,High Risk
3609,0,2,3,5,257,3,1,1,5,5657,0,0,1,0,1,1,0,0.75172395,1,Late,High Risk
3610,1,2,4,2,195,5,2,1,9,5178,1,1,1,0,0,1,1,0.7400996,1,Late,High Risk
3611,2,2,2,2,152,4,1,1,6,4606,1,0,1,0,0,1,1,0.7313093,1,Late,High Risk
3612,4,2,2,1,100,3,1,1,1,5776,1,0,1,0,0,1,1,0.4054373,0,On Time,Medium Risk
3613,3,2,4,1,248,2,2,1,4,5783,0,1,1,0,1,0,1,0.5760744,1,Late,Medium Risk
3614,4,2,4,5,274,2,1,0,2,4492,1,1,1,0,1,0,0,0.73841363,1,Late,High Risk
3615,0,2,3,3,203,2,1,1,1,5244,0,0,1,0,0,0,0,0.67628497,1,Late,High Risk
3616,1,2,6,5,194,5,1,0,8,4777,0,1,1,0,0,1,0,0.7332448,1,Late,High Risk
3617,2,2,3,3,142,3,1,0,7,4439,0,0,1,0,0,1,0,0.6831672,1,Late,High Risk
3618,4,2,4,5,208,5,1,0,7,5833,0,1,1,0,0,1,0,0.6717754,1,Late,High Risk
3619,3,2,4,5,237,2,2,0,6,5954,0,1,1,0,1,0,0,0.8474403,1,Late,High Risk
3620,4,2,3,1,210,2,1,1,9,4580,0,0,1,0,0,0,1,0.7469488,1,Late,High Risk
3621,0,2,3,3,158,2,1,1,10,4061,1,0,1,0,0,0,0,0.4317709,0,On Time,Medium Risk
3622,1,2,3,3,148,3,1,1,1,5700,0,0,1,0,0,1,0,0.73908716,1,Late,High Risk
3623,2,2,3,2,146,3,0,0,4,5846,1,0,1,0,0,1,1,0.60418916,1,Late,High Risk
3624,4,2,3,3,155,3,1,0,3,5768,0,0,1,0,0,1,0,0.5926494,1,Late,Medium Risk
3625,3,2,2,5,233,3,2,1,10,5211,1,0,1,0,1,1,0,0.6405836,1,Late,High Risk
3626,4,2,3,4,165,2,2,0,8,4280,1,0,1,0,0,0,0,0.69324535,1,Late,High Risk
3627,0,2,4,3,227,3,2,0,10,5491,1,1,1,0,1,1,0,0.55668527,1,Late,Medium Risk
3628,1,2,5,3,197,4,1,0,6,4184,0,1,1,0,0,1,0,0.60009253,1,Late,High Risk
3629,2,2,4,1,134,3,2,1,2,4983,0,1,1,0,0,1,1,0.7017821,1,Late,High Risk
3630,4,2,5,2,134,2,1,1,9,5045,0,1,1,0,0,0,1,0.79602396,1,Late,High Risk
3631,3,2,4,5,194,2,1,1,3,4724,1,1,1,0,0,0,0,0.66390914,1,Late,High Risk
3632,4,2,3,4,172,3,1,0,4,4337,0,0,1,0,0,1,0,0.6389661,1,Late,High Risk
3633,0,2,3,1,205,2,2,0,2,5322,0,0,1,0,0,0,1,0.73807573,1,Late,High Risk
3634,1,2,3,1,191,5,1,0,9,5196,1,0,1,0,0,1,1,0.5640425,1,Late,Medium Risk
3635,2,2,3,3,225,4,1,1,10,5690,0,0,1,0,1,1,0,0.6172166,1,Late,High Risk
3636,4,2,5,5,152,6,2,1,2,4915,1,1,1,0,0,1,0,0.6388125,1,Late,High Risk
3637,3,2,5,3,249,3,2,1,10,5001,1,1,1,0,1,1,0,0.60029274,1,Late,High Risk
3638,4,2,5,5,136,3,1,1,4,4218,1,1,1,0,0,1,0,0.6548667,1,Late,High Risk
3639,0,2,3,5,146,5,0,0,7,4538,0,0,1,0,0,1,0,0.7240628,1,Late,High Risk
3640,1,2,5,2,259,2,2,1,1,4607,0,1,1,0,1,0,1,0.73707616,1,Late,High Risk
3641,2,2,3,2,159,3,2,1,4,5577,1,0,1,0,0,1,1,0.7456948,1,Late,High Risk
3642,4,2,5,1,162,3,2,1,5,4064,1,1,1,0,0,1,1,0.5329421,1,Late,Medium Risk
3643,3,2,4,4,205,4,1,0,6,5064,0,1,1,0,0,1,0,0.70237345,1,Late,High Risk
3644,4,2,5,5,155,3,2,0,6,4109,1,1,1,0,0,1,0,0.37027898,0,On Time,Medium Risk
3645,0,2,4,5,171,4,2,0,4,4151,0,1,1,0,0,1,0,0.7576359,1,Late,High Risk
3646,1,2,3,1,244,3,2,0,1,5695,1,0,1,0,1,1,1,0.53044075,1,Late,Medium Risk
3647,2,2,5,5,135,3,2,1,2,5849,1,1,1,0,0,1,0,0.6260761,1,Late,High Risk
3648,4,2,4,2,147,3,1,0,5,5174,0,1,1,0,0,1,1,0.74238783,1,Late,High Risk
3649,3,2,3,2,245,2,1,0,4,4514,1,0,1,0,1,0,1,0.6189369,1,Late,High Risk
3650,4,2,5,4,266,6,1,0,5,5481,0,1,1,0,1,1,0,0.7053375,1,Late,High Risk
3651,0,2,3,5,165,3,1,1,3,5409,0,0,1,0,0,1,0,0.7753599,1,Late,High Risk
3652,1,2,4,3,226,3,2,1,1,5433,1,1,1,0,1,1,0,0.6267075,1,Late,High Risk
3653,2,2,5,4,185,3,2,0,1,4925,0,1,1,0,0,1,0,0.7100027,1,Late,High Risk
3654,4,2,5,3,267,3,1,1,9,5258,1,1,1,0,1,1,0,0.5515534,1,Late,Medium Risk
3655,3,2,5,3,169,3,1,0,9,4289,1,1,1,0,0,1,0,0.6502579,1,Late,High Risk
3656,4,2,4,1,191,3,0,0,6,5335,1,1,1,0,0,1,1,0.6827245,1,Late,High Risk
3657,0,2,3,1,187,3,2,1,2,5154,1,0,1,0,0,1,1,0.7080358,1,Late,High Risk
3658,1,2,3,2,265,6,1,1,9,5936,0,0,1,0,1,1,1,0.7557153,1,Late,High Risk
3659,2,2,3,2,243,3,2,0,8,4093,0,0,1,0,1,1,1,0.5945842,1,Late,Medium Risk
3660,4,2,6,3,166,3,1,0,2,5559,0,1,1,0,0,1,0,0.7628611,1,Late,High Risk
3661,3,2,5,3,249,2,2,1,3,4440,0,1,1,0,1,0,0,0.6010637,1,Late,High Risk
3662,4,2,4,1,271,2,1,0,1,4866,0,1,1,0,1,0,1,0.7146277,1,Late,High Risk
3663,0,2,4,3,272,2,2,0,5,4681,1,1,1,0,1,0,0,0.52960765,1,Late,Medium Risk
3664,1,2,4,3,226,2,1,0,8,4526,0,1,1,0,1,0,0,0.68806636,1,Late,High Risk
3665,2,2,3,3,250,5,2,1,8,5762,1,0,1,0,1,1,0,0.5558771,1,Late,Medium Risk
3666,4,2,2,5,135,6,2,0,9,5777,1,0,1,0,0,1,0,0.5436571,1,Late,Medium Risk
3667,3,2,4,4,274,3,0,0,3,4202,1,1,1,0,1,1,0,0.6335595,1,Late,High Risk
3668,4,2,4,4,184,3,2,0,2,4124,1,1,1,0,0,1,0,0.507417,1,Late,Medium Risk
3669,0,2,2,1,139,2,2,0,2,4520,1,0,1,0,0,0,1,0.6331036,1,Late,High Risk
3670,1,2,3,3,198,2,1,1,8,4620,1,0,1,0,0,0,0,0.74947125,1,Late,High Risk
3671,2,2,4,2,168,2,2,1,1,5154,0,1,1,0,0,0,1,0.73714197,1,Late,High Risk
3672,4,2,4,4,245,4,2,1,4,5203,1,1,1,0,1,1,0,0.68262446,1,Late,High Risk
3673,3,1,4,1,251,3,1,0,4,4374,1,1,1,0,1,1,1,0.6138234,1,Late,High Risk
3674,4,1,4,1,153,2,2,1,9,4359,0,1,1,0,0,0,1,0.6948,1,Late,High Risk
3675,0,1,5,1,142,4,2,0,2,4735,1,1,1,0,0,1,1,0.7775394,1,Late,High Risk
3676,1,1,4,5,148,3,1,1,5,4913,0,1,1,0,0,1,0,0.7438284,1,Late,High Risk
3677,2,1,4,2,273,5,1,0,1,5012,0,1,1,0,1,1,1,0.7381575,1,Late,High Risk
3678,4,1,3,1,180,6,1,1,5,4802,1,0,1,0,0,1,1,0.47267166,0,On Time,Medium Risk
3679,3,1,3,3,158,3,1,0,2,5205,1,0,1,0,0,1,0,0.664341,1,Late,High Risk
3680,4,1,4,3,240,2,2,0,2,5588,0,1,1,0,1,0,0,0.6726179,1,Late,High Risk
3681,0,1,4,1,174,3,1,1,7,4813,1,1,1,0,0,1,1,0.6636742,1,Late,High Risk
3682,1,1,4,2,186,3,1,1,6,4524,0,1,1,0,0,1,1,0.7580973,1,Late,High Risk
3683,2,1,5,5,174,3,0,0,9,5969,1,1,1,0,0,1,0,0.43031833,0,On Time,Medium Risk
3684,4,1,4,1,260,4,1,1,10,4072,1,1,1,0,1,1,1,0.48910645,0,On Time,Medium Risk
3685,3,1,4,3,258,2,1,0,2,4308,0,1,1,0,1,0,0,0.6487971,1,Late,High Risk
3686,4,1,4,2,262,2,2,1,3,4090,1,1,1,0,1,0,1,0.5748047,1,Late,Medium Risk
3687,0,1,4,2,197,3,1,1,4,5800,0,1,1,0,0,1,1,0.65570205,1,Late,High Risk
3688,1,1,4,1,238,3,1,1,4,5449,1,1,1,0,1,1,1,0.59830993,1,Late,Medium Risk
3689,2,1,3,3,168,2,1,0,9,4608,0,0,1,0,0,0,0,0.7973873,1,Late,High Risk
3690,4,1,4,3,266,3,1,1,9,5621,1,1,1,0,1,1,0,0.56119907,1,Late,Medium Risk
3691,3,1,4,4,251,3,0,0,5,5460,0,1,1,0,1,1,0,0.62034076,1,Late,High Risk
3692,4,1,3,5,272,2,1,1,3,5638,1,0,1,0,1,0,0,0.68725955,1,Late,High Risk
3693,0,1,5,3,203,2,2,1,4,4311,1,1,1,0,0,0,0,0.6203623,1,Late,High Risk
3694,1,1,5,5,168,3,1,1,6,4096,0,1,1,0,0,1,0,0.56288767,1,Late,Medium Risk
3695,2,0,3,1,138,3,2,0,7,5534,0,0,1,0,0,1,1,0.6704117,1,Late,High Risk
3696,4,0,3,1,129,3,2,1,9,5296,1,0,1,0,0,1,1,0.41382578,0,On Time,Medium Risk
3697,3,0,4,4,178,6,1,0,9,5279,1,1,1,0,0,1,0,0.53658366,1,Late,Medium Risk
3698,4,0,5,1,211,2,2,1,1,5913,1,1,1,0,0,0,1,0.5444755,1,Late,Medium Risk
3699,0,0,3,5,169,3,0,0,5,5750,0,0,1,0,0,1,0,0.6185044,1,Late,High Risk
3700,1,0,3,2,267,3,1,1,8,5922,0,0,1,0,1,1,1,0.618083,1,Late,High Risk
3701,2,0,3,4,183,3,1,0,1,5959,1,0,1,0,0,1,0,0.61242676,1,Late,High Risk
3702,4,0,3,1,194,2,1,1,8,4335,1,0,1,0,0,0,1,0.68690956,1,Late,High Risk
3703,3,0,5,3,151,2,1,1,8,4749,0,1,1,0,0,0,0,0.71970147,1,Late,High Risk
3704,4,0,6,3,225,4,1,1,5,4184,1,1,1,0,1,1,0,0.55028856,1,Late,Medium Risk
3705,0,0,5,2,184,4,1,1,6,4155,1,1,1,0,0,1,1,0.69591975,1,Late,High Risk
3706,1,0,3,2,269,2,2,0,1,4978,0,0,1,0,1,0,1,0.5789561,1,Late,Medium Risk
3707,2,0,3,2,274,2,2,1,5,5161,0,0,1,0,1,0,1,0.72508734,1,Late,High Risk
3708,4,0,5,4,142,2,0,1,7,5341,0,1,1,0,0,0,0,0.77326816,1,Late,High Risk
3709,3,0,4,1,140,4,1,1,6,5067,0,1,1,0,0,1,1,0.79905844,1,Late,High Risk
3710,4,0,4,1,219,5,2,1,5,5253,0,1,1,0,1,1,1,0.6939085,1,Late,High Risk
3711,0,0,2,3,237,3,2,1,2,5331,0,0,1,0,1,1,0,0.67465407,1,Late,High Risk
3712,1,0,3,5,140,5,1,1,7,4370,1,0,1,0,0,1,0,0.7758146,1,Late,High Risk
3713,2,0,5,5,105,5,1,0,10,5418,1,1,1,0,0,1,0,0.4498249,0,On Time,Medium Risk
3714,4,0,3,1,192,2,1,1,6,4056,0,0,1,0,0,0,1,0.47596636,0,On Time,Medium Risk
3715,3,0,3,4,154,3,1,0,2,4990,1,0,1,0,0,1,0,0.46227226,0,On Time,Medium Risk
3716,4,0,5,5,165,2,1,1,3,4005,1,1,1,0,0,0,0,0.34878898,0,On Time,Medium Risk
3717,0,2,5,1,197,4,1,0,2,5594,1,1,1,0,0,1,1,0.7290765,1,Late,High Risk
3718,1,2,3,5,274,3,1,0,3,5156,0,0,1,0,1,1,0,0.69232666,1,Late,High Risk
3719,2,2,3,5,193,3,0,0,10,5991,1,0,1,0,0,1,0,0.1908407,0,On Time,Low Risk
3720,4,2,3,1,252,4,0,1,4,4303,0,0,1,0,1,1,1,0.6470828,1,Late,High Risk
3721,3,2,4,5,224,2,1,1,6,4994,0,1,1,0,1,0,0,0.70782393,1,Late,High Risk
3722,4,2,5,2,230,4,1,0,4,4782,1,1,1,0,1,1,1,0.6703748,1,Late,High Risk
3723,0,2,4,2,174,3,2,0,10,4318,0,1,1,0,0,1,1,0.67104924,1,Late,High Risk
3724,1,2,3,2,226,3,2,1,3,4940,1,0,1,0,1,1,1,0.5628099,1,Late,Medium Risk
3725,2,2,5,1,245,3,2,1,9,5690,0,1,1,0,1,1,1,0.6520925,1,Late,High Risk
3726,4,2,5,1,206,5,2,1,2,5766,0,1,1,0,0,1,1,0.6808397,1,Late,High Risk
3727,3,2,3,5,241,3,1,1,2,4976,1,0,1,0,1,1,0,0.48983416,0,On Time,Medium Risk
3728,4,2,3,4,148,4,0,0,1,4249,0,0,1,0,0,1,0,0.7498614,1,Late,High Risk
3729,0,2,5,2,181,3,1,1,7,5875,0,1,1,0,0,1,1,0.7805722,1,Late,High Risk
3730,1,2,4,3,146,3,1,0,8,5673,1,1,1,0,0,1,0,0.5832941,1,Late,Medium Risk
3731,2,2,3,3,115,6,0,0,6,5636,0,0,1,0,0,1,0,0.6015499,1,Late,High Risk
3732,4,2,4,5,201,3,1,0,10,4530,1,1,1,0,0,1,0,0.690584,1,Late,High Risk
3733,3,2,5,5,273,4,1,1,1,5225,1,1,1,0,1,1,0,0.601945,1,Late,High Risk
3734,4,2,5,5,228,5,1,0,6,4506,0,1,1,0,1,1,0,0.7442791,1,Late,High Risk
3735,0,2,4,5,185,3,1,0,2,4336,1,1,1,0,0,1,0,0.6726887,1,Late,High Risk
3736,1,2,6,1,170,3,1,0,10,4858,0,1,1,0,0,1,1,0.7912913,1,Late,High Risk
3737,2,2,4,4,156,2,1,1,7,5017,0,1,1,0,0,0,0,0.636203,1,Late,High Risk
3738,4,2,4,4,159,3,2,1,3,5545,0,1,1,0,0,1,0,0.70091796,1,Late,High Risk
3739,3,2,5,4,263,2,0,0,8,4914,0,1,1,0,1,0,0,0.6671322,1,Late,High Risk
3740,4,2,3,5,159,3,2,0,1,4314,1,0,1,0,0,1,0,0.5646671,1,Late,Medium Risk
3741,0,2,5,2,241,3,1,0,10,4244,1,1,1,0,1,1,1,0.62688607,1,Late,High Risk
3742,1,2,5,1,167,3,2,1,3,4267,1,1,1,0,0,1,1,0.70753425,1,Late,High Risk
3743,2,2,4,5,231,3,1,1,4,5089,1,1,1,0,1,1,0,0.58750623,1,Late,Medium Risk
3744,4,2,4,2,233,2,1,0,5,4817,0,1,1,0,1,0,1,0.64962626,1,Late,High Risk
3745,3,2,6,4,256,4,0,1,2,5021,0,1,1,0,1,1,0,0.6432955,1,Late,High Risk
3746,4,2,3,1,205,4,0,0,3,4426,0,0,1,0,0,1,1,0.7224006,1,Late,High Risk
3747,0,2,2,2,180,2,0,1,1,4407,0,0,1,0,0,0,1,0.5568015,1,Late,Medium Risk
3748,1,2,2,3,187,2,2,0,10,5957,0,0,1,0,0,0,0,0.81685126,1,Late,High Risk
3749,2,2,3,4,250,2,2,1,1,4922,1,0,1,0,1,0,0,0.5801508,1,Late,Medium Risk
3750,4,2,4,4,273,2,1,1,9,5151,0,1,1,0,1,0,0,0.68707436,1,Late,High Risk
3751,3,2,3,5,224,2,1,0,10,4445,0,0,1,0,1,0,0,0.62077004,1,Late,High Risk
3752,4,2,3,2,195,2,2,1,8,4365,0,0,1,0,0,0,1,0.7460242,1,Late,High Risk
3753,0,2,4,2,148,2,1,1,9,4334,0,1,1,0,0,0,1,0.81464255,1,Late,High Risk
3754,1,2,3,4,181,2,2,0,4,4629,0,0,1,0,0,0,0,0.822144,1,Late,High Risk
3755,2,2,5,1,111,4,0,0,2,5978,1,1,1,0,0,1,1,0.2690677,0,On Time,Low Risk
3756,4,2,3,2,181,3,2,0,9,4163,0,0,1,0,0,1,1,0.7764097,1,Late,High Risk
3757,3,2,3,2,108,4,1,0,5,4787,0,0,1,0,0,1,1,0.7460762,1,Late,High Risk
3758,4,2,4,5,188,5,1,0,1,5999,1,1,1,0,0,1,0,0.26229092,0,On Time,Low Risk
3759,0,2,6,3,231,4,1,0,7,4553,1,1,1,0,1,1,0,0.6812221,1,Late,High Risk
3760,1,2,2,3,230,3,1,0,4,5127,0,0,1,0,1,1,0,0.6294333,1,Late,High Risk
3761,2,2,4,3,197,2,1,1,7,5449,0,1,1,0,0,0,0,0.6134385,1,Late,High Risk
3762,4,2,3,1,252,3,0,0,6,5101,0,0,1,0,1,1,1,0.6880655,1,Late,High Risk
3763,3,2,6,4,237,5,2,0,2,5437,1,1,1,0,1,1,0,0.62259156,1,Late,High Risk
3764,4,2,4,4,182,3,2,0,8,5453,1,1,1,0,0,1,0,0.67800134,1,Late,High Risk
3765,0,2,5,4,241,3,0,1,6,4157,0,1,1,0,1,1,0,0.623493,1,Late,High Risk
3766,1,2,4,4,247,2,2,0,6,5833,1,1,1,0,1,0,0,0.73828214,1,Late,High Risk
3767,2,2,5,2,156,4,1,1,8,5014,0,1,1,0,0,1,1,0.7518709,1,Late,High Risk
3768,4,2,5,4,189,3,1,1,7,4741,1,1,1,0,0,1,0,0.6401816,1,Late,High Risk
3769,3,2,4,1,240,4,1,1,9,4471,1,1,1,0,1,1,1,0.6976682,1,Late,High Risk
3770,4,2,3,1,196,3,2,1,8,4516,0,0,1,0,0,1,1,0.7973006,1,Late,High Risk
3771,0,2,3,5,157,3,1,1,7,5100,0,0,1,0,0,1,0,0.70316416,1,Late,High Risk
3772,1,2,2,2,203,4,2,1,10,5764,0,0,1,0,0,1,1,0.7516399,1,Late,High Risk
3773,2,2,3,5,156,8,2,0,9,4733,1,0,1,0,0,1,0,0.403876,0,On Time,Medium Risk
3774,4,2,3,3,172,6,2,0,5,5366,1,0,1,0,0,1,0,0.55918837,1,Late,Medium Risk
3775,3,2,4,2,204,2,1,0,1,4533,0,1,1,0,0,0,1,0.7569653,1,Late,High Risk
3776,4,2,4,2,283,7,0,0,9,5252,1,1,1,0,1,1,1,0.42535803,0,On Time,Medium Risk
3777,0,2,4,4,257,10,2,1,4,4710,0,1,1,0,1,1,0,0.64685386,1,Late,High Risk
3778,1,2,2,4,147,2,2,1,3,5136,1,0,1,0,0,0,0,0.69321233,1,Late,High Risk
3779,2,2,4,2,229,3,1,0,6,5691,1,1,1,0,1,1,1,0.6621858,1,Late,High Risk
3780,4,2,2,1,111,2,1,0,1,4296,1,0,1,0,0,0,1,0.21944383,0,On Time,Low Risk
3781,3,2,3,3,231,2,0,0,8,5021,0,0,1,0,1,0,0,0.62625474,1,Late,High Risk
3782,4,2,4,1,197,3,1,0,6,5032,0,1,1,0,0,1,1,0.76299644,1,Late,High Risk
3783,0,2,4,1,157,2,2,0,5,5647,0,1,1,0,0,0,1,0.7414039,1,Late,High Risk
3784,1,2,3,3,201,10,0,1,10,5281,0,0,1,0,0,1,0,0.6792833,1,Late,High Risk
3785,2,2,4,3,247,10,0,1,10,5644,0,1,1,0,1,1,0,0.5920557,1,Late,Medium Risk
3786,4,2,5,5,184,3,1,0,5,5045,0,1,1,0,0,1,0,0.67586786,1,Late,High Risk
3787,3,2,3,2,144,10,0,0,3,5000,0,0,1,0,0,1,1,0.6522651,1,Late,High Risk
3788,4,2,3,4,245,4,1,1,9,4139,0,0,1,0,1,1,0,0.74520665,1,Late,High Risk
3789,0,2,3,3,163,3,1,1,5,5638,0,0,1,0,0,1,0,0.7695301,1,Late,High Risk
3790,1,2,3,1,154,10,2,0,3,4524,0,0,1,0,0,1,1,0.7722837,1,Late,High Risk
3791,2,2,4,2,245,2,1,1,8,5871,1,1,1,0,1,0,1,0.65655285,1,Late,High Risk
3792,4,2,3,3,268,10,2,1,2,5626,1,0,1,0,1,1,0,0.52336645,1,Late,Medium Risk
3793,3,2,4,1,180,3,1,0,1,5677,0,1,1,0,0,1,1,0.7530136,1,Late,High Risk
3794,4,2,2,2,230,3,1,0,7,4889,0,0,1,0,1,1,1,0.5993592,1,Late,Medium Risk
3795,0,2,4,1,197,2,1,0,2,5685,0,1,1,0,0,0,1,0.7256444,1,Late,High Risk
3796,1,2,3,5,252,3,0,0,4,4248,0,0,1,0,1,1,0,0.50735193,1,Late,Medium Risk
3797,2,2,6,4,237,5,2,0,10,5434,0,1,1,0,1,1,0,0.710816,1,Late,High Risk
3798,4,2,4,2,182,3,2,1,7,4710,1,1,1,0,0,1,1,0.5657341,1,Late,Medium Risk
3799,3,2,5,1,241,3,0,1,8,5306,1,1,1,0,1,1,1,0.50087744,1,Late,Medium Risk
3800,4,2,4,3,247,2,2,0,3,4862,1,1,1,0,1,0,0,0.5943109,1,Late,Medium Risk
3801,0,2,5,4,156,4,1,1,1,5533,1,1,1,0,0,1,0,0.6120511,1,Late,High Risk
3802,1,2,5,2,189,3,1,0,1,5965,0,1,1,0,0,1,1,0.72950286,1,Late,High Risk
3803,2,2,4,1,240,4,1,0,7,5905,1,1,1,0,1,1,1,0.5057718,1,Late,Medium Risk
3804,4,2,3,4,196,3,2,1,8,5204,0,0,1,0,0,1,0,0.7276211,1,Late,High Risk
3805,3,2,3,3,157,3,1,1,9,5807,1,0,1,0,0,1,0,0.7291769,1,Late,High Risk
3806,4,2,2,1,203,4,2,0,4,4145,0,0,1,0,0,1,1,0.8097951,1,Late,High Risk
3807,0,2,3,2,156,8,2,1,6,5637,1,0,1,0,0,1,1,0.4895179,0,On Time,Medium Risk
3808,1,2,3,4,172,6,2,0,1,4618,0,0,1,0,0,1,0,0.8143527,1,Late,High Risk
3809,2,2,4,1,204,2,1,1,7,5795,0,1,1,0,0,0,1,0.76083905,1,Late,High Risk
3810,4,1,4,3,283,7,0,0,1,4216,1,1,1,0,1,1,0,0.46662137,0,On Time,Medium Risk
3811,3,1,4,3,257,10,2,0,3,5881,1,1,1,0,1,1,0,0.52089804,1,Late,Medium Risk
3812,4,1,2,5,147,2,2,0,8,5499,0,0,1,0,0,0,0,0.77188236,1,Late,High Risk
3813,0,1,4,3,229,3,1,1,5,5225,1,1,1,0,1,1,0,0.6027509,1,Late,High Risk
3814,1,1,2,5,111,2,1,1,4,4473,1,0,1,0,0,0,0,0.53024006,1,Late,Medium Risk
3815,2,1,3,4,231,2,0,0,6,4452,0,0,1,0,1,0,0,0.5864713,1,Late,Medium Risk
3816,4,1,4,2,197,3,1,1,2,4113,1,1,1,0,0,1,1,0.52341145,1,Late,Medium Risk
3817,3,1,4,4,157,2,2,1,8,5398,0,1,1,0,0,0,0,0.7312852,1,Late,High Risk
3818,4,1,3,4,201,10,0,0,7,4699,0,0,1,0,0,1,0,0.6815136,1,Late,High Risk
3819,0,1,4,3,247,10,0,1,10,5882,0,1,1,0,1,1,0,0.75912833,1,Late,High Risk
3820,1,1,5,5,184,3,1,0,2,5800,0,1,1,0,0,1,0,0.6075634,1,Late,High Risk
3821,2,1,3,4,144,10,0,1,8,4440,0,0,1,0,0,1,0,0.65611625,1,Late,High Risk
3822,4,1,3,4,245,4,1,1,4,5186,1,0,1,0,1,1,0,0.6330822,1,Late,High Risk
3823,3,1,3,5,163,3,1,1,5,4570,0,0,1,0,0,1,0,0.77705896,1,Late,High Risk
3824,4,1,3,3,154,10,2,0,1,5235,1,0,1,0,0,1,0,0.5467698,1,Late,Medium Risk
3825,0,1,4,2,245,2,1,1,1,5978,0,1,1,0,1,0,1,0.6668067,1,Late,High Risk
3826,1,1,3,2,268,10,2,1,9,4483,0,0,1,0,1,1,1,0.77466714,1,Late,High Risk
3827,2,1,4,3,180,3,1,1,7,5718,0,1,1,0,0,1,0,0.51316714,1,Late,Medium Risk
3828,4,1,3,3,182,4,1,1,10,1690,1,0,1,1,0,1,0,0.3637208,0,On Time,Medium Risk
3829,3,1,4,2,164,2,1,0,7,1116,0,1,1,1,0,0,1,0.33102524,0,On Time,Medium Risk
3830,4,1,6,4,136,3,1,1,2,1187,0,1,1,1,0,1,0,0.6072059,1,Late,High Risk
3831,0,1,6,2,290,5,2,1,8,1512,1,1,1,1,1,1,1,0.74336064,1,Late,High Risk
3832,1,0,6,1,134,3,2,1,10,1278,1,1,1,1,0,1,1,0.09114391,0,On Time,Low Risk
3833,2,0,4,1,215,3,1,0,2,5563,1,1,1,0,1,1,1,0.6522517,1,Late,High Risk
3834,4,0,4,4,213,4,1,1,2,5857,1,1,1,0,0,1,0,0.7010453,1,Late,High Risk
3835,3,0,5,2,132,3,2,0,4,4475,1,1,1,0,0,1,1,0.67498296,1,Late,High Risk
3836,4,0,3,5,220,4,1,1,2,4313,0,0,1,0,1,1,0,0.58679044,1,Late,Medium Risk
3837,0,0,3,4,215,2,1,0,8,5683,0,0,1,0,1,0,0,0.6625081,1,Late,High Risk
3838,1,0,6,5,212,2,1,0,5,4804,1,1,1,0,0,0,0,0.7594482,1,Late,High Risk
3839,2,0,4,1,190,4,2,0,5,5570,1,1,1,0,0,1,1,0.6072913,1,Late,High Risk
3840,4,0,5,2,171,3,1,1,3,4749,1,1,1,0,0,1,1,0.6037991,1,Late,High Risk
3841,3,0,4,2,153,2,2,0,4,4069,1,1,1,0,0,0,1,0.45009288,0,On Time,Medium Risk
3842,4,0,3,1,164,3,2,1,2,5488,0,0,1,0,0,1,1,0.78917015,1,Late,High Risk
3843,0,0,5,4,172,2,1,1,5,4554,1,1,1,0,0,0,0,0.7362413,1,Late,High Risk
3844,1,0,3,1,199,6,2,0,7,4805,0,0,1,0,0,1,1,0.6672822,1,Late,High Risk
3845,2,0,3,2,163,3,2,1,6,4323,0,0,1,0,0,1,1,0.76111394,1,Late,High Risk
3846,4,0,5,2,263,3,1,1,9,4699,1,1,1,0,1,1,1,0.5829762,1,Late,Medium Risk
3847,3,0,3,4,156,3,2,1,7,4636,0,0,1,0,0,1,0,0.7973148,1,Late,High Risk
3848,4,0,4,3,206,4,1,1,1,4596,1,1,1,0,0,1,0,0.6664418,1,Late,High Risk
3849,0,0,3,4,224,2,1,1,8,4162,0,0,1,0,1,0,0,0.6941445,1,Late,High Risk
3850,1,0,3,3,221,2,2,0,5,4205,1,0,1,0,1,0,0,0.505283,1,Late,Medium Risk
3851,2,0,4,3,221,4,1,0,1,4865,0,1,1,0,1,1,0,0.64945513,1,Late,High Risk
3852,4,0,2,3,263,3,2,0,10,4779,0,0,1,0,1,1,0,0.6102211,1,Late,High Risk
3853,3,0,6,4,148,4,1,0,10,5088,0,1,1,0,0,1,0,0.7958163,1,Late,High Risk
3854,4,2,3,3,232,3,1,0,9,5016,1,0,1,0,1,1,0,0.67790085,1,Late,High Risk
3855,0,2,3,1,139,3,2,0,3,5847,1,0,1,0,0,1,1,0.51109785,1,Late,Medium Risk
3856,1,2,3,3,185,4,1,0,6,4015,0,0,1,0,0,1,0,0.45599768,0,On Time,Medium Risk
3857,2,2,3,2,183,3,2,1,9,4282,0,0,1,0,0,1,1,0.73160195,1,Late,High Risk
3858,4,2,5,1,245,2,2,0,2,4882,1,1,1,0,1,0,1,0.6384185,1,Late,High Risk
3859,3,2,3,3,159,4,2,1,9,4214,0,0,1,0,0,1,0,0.7665793,1,Late,High Risk
3860,4,2,5,2,249,3,2,1,6,5212,0,1,1,0,1,1,1,0.63157785,1,Late,High Risk
3861,0,2,4,5,233,2,2,1,10,5865,1,1,1,0,1,0,0,0.78950506,1,Late,High Risk
3862,1,2,4,5,226,2,0,1,2,5881,1,1,1,0,1,0,0,0.5163546,1,Late,Medium Risk
3863,2,2,5,1,152,3,2,0,6,4735,0,1,1,0,0,1,1,0.7158742,1,Late,High Risk
3864,4,2,2,4,143,6,2,0,1,5514,0,0,1,0,0,1,0,0.78083193,1,Late,High Risk
3865,3,2,6,2,218,6,2,1,1,4558,1,1,1,0,1,1,1,0.69279385,1,Late,High Risk
3866,4,2,3,4,209,3,2,1,2,4976,0,0,1,0,0,1,0,0.68726385,1,Late,High Risk
3867,0,2,2,2,157,2,2,1,9,5875,0,0,1,0,0,0,1,0.63362074,1,Late,High Risk
3868,1,2,4,3,218,2,2,1,6,4414,1,1,1,0,1,0,0,0.6321578,1,Late,High Risk
3869,2,2,4,3,235,3,0,0,10,4172,0,1,1,0,1,1,0,0.5665414,1,Late,Medium Risk
3870,4,2,5,5,253,2,2,0,2,4364,0,1,1,0,1,0,0,0.67991805,1,Late,High Risk
3871,3,2,3,2,211,3,0,1,7,4145,1,0,1,0,0,1,1,0.6438378,1,Late,High Risk
3872,4,2,4,2,265,4,2,1,3,4283,1,1,1,0,1,1,1,0.6851271,1,Late,High Risk
3873,0,2,4,2,201,3,2,1,7,5967,1,1,1,0,0,1,1,0.7581524,1,Late,High Risk
3874,1,2,4,5,216,3,2,1,1,5167,1,1,1,0,1,1,0,0.6463205,1,Late,High Risk
3875,2,2,2,5,176,3,1,0,4,5463,0,0,1,0,0,1,0,0.8184267,1,Late,High Risk
3876,4,2,4,5,155,3,2,1,8,4924,0,1,1,0,0,1,0,0.6258766,1,Late,High Risk
3877,3,2,4,4,266,2,1,0,2,4290,0,1,1,0,1,0,0,0.6251864,1,Late,High Risk
3878,4,2,4,3,250,6,2,1,7,5115,1,1,1,0,1,1,0,0.6342508,1,Late,High Risk
3879,0,2,5,2,205,4,1,1,6,5486,0,1,1,0,0,1,1,0.7313181,1,Late,High Risk
3880,1,2,5,2,175,3,1,1,1,4019,0,1,1,0,0,1,1,0.65321225,1,Late,High Risk
3881,2,2,3,2,260,4,0,0,3,4423,0,0,1,0,1,1,1,0.6486927,1,Late,High Risk
3882,4,2,3,2,157,3,0,0,1,5398,0,0,1,0,0,1,1,0.7980542,1,Late,High Risk
3883,3,2,5,3,282,3,2,1,5,4644,1,1,1,0,1,1,0,0.43759635,0,On Time,Medium Risk
3884,4,2,3,4,238,3,2,0,8,5337,1,0,1,0,1,1,0,0.68084425,1,Late,High Risk
3885,0,2,3,4,187,2,2,1,4,5139,1,0,1,0,0,0,0,0.7414048,1,Late,High Risk
3886,1,2,3,3,104,5,1,0,5,4643,0,0,1,0,0,1,0,0.7729061,1,Late,High Risk
3887,2,2,5,4,230,3,1,1,1,4727,0,1,1,0,1,1,0,0.6158281,1,Late,High Risk
3888,4,2,4,3,174,2,1,1,10,5554,0,1,1,0,0,0,0,0.62212604,1,Late,High Risk
3889,3,2,5,3,237,2,2,1,3,5113,0,1,1,0,1,0,0,0.7037885,1,Late,High Risk
3890,4,2,3,1,202,2,2,0,7,4506,1,0,1,0,0,0,1,0.7963803,1,Late,High Risk
3891,0,2,3,1,204,3,2,1,4,5900,1,0,1,0,0,1,1,0.59466934,1,Late,Medium Risk
3892,1,2,3,4,243,2,0,1,7,4024,0,0,1,0,1,0,0,0.46455458,0,On Time,Medium Risk
3893,2,2,4,1,165,2,2,0,5,5014,1,1,1,0,0,0,1,0.7393957,1,Late,High Risk
3894,4,2,2,4,169,4,1,0,3,4968,1,0,1,0,0,1,0,0.65092236,1,Late,High Risk
3895,3,2,2,3,197,3,1,0,7,4632,0,0,1,0,0,1,0,0.75962836,1,Late,High Risk
3896,4,2,5,5,263,2,2,1,8,4350,0,1,1,0,1,0,0,0.7162421,1,Late,High Risk
3897,0,2,4,1,247,2,1,1,3,4113,0,1,1,0,1,0,1,0.6061359,1,Late,High Risk
3898,1,2,4,4,207,3,1,1,9,4314,0,1,1,0,0,1,0,0.6654827,1,Late,High Risk
3899,2,2,4,4,155,2,2,0,9,4932,1,1,1,0,0,0,0,0.6004346,1,Late,High Risk
3900,4,2,4,5,174,2,1,1,10,5764,0,1,1,0,0,0,0,0.55056155,1,Late,Medium Risk
3901,3,2,3,2,220,3,2,1,8,4148,0,0,1,0,1,1,1,0.75633883,1,Late,High Risk
3902,4,2,5,5,192,3,2,1,5,4942,1,1,1,0,0,1,0,0.5637503,1,Late,Medium Risk
3903,0,2,5,3,231,3,2,0,2,4735,0,1,1,0,1,1,0,0.5673848,1,Late,Medium Risk
3904,1,2,4,1,237,3,1,0,10,5381,0,1,1,0,1,1,1,0.70450926,1,Late,High Risk
3905,2,2,4,1,187,3,2,1,8,5872,0,1,1,0,0,1,1,0.7679551,1,Late,High Risk
3906,4,2,5,4,141,4,0,0,5,5444,1,1,1,0,0,1,0,0.706738,1,Late,High Risk
3907,3,2,4,4,272,5,1,0,3,5243,0,1,1,0,1,1,0,0.6940797,1,Late,High Risk
3908,4,2,3,1,229,3,1,1,5,4971,1,0,1,0,1,1,1,0.5807208,1,Late,Medium Risk
3909,0,2,4,2,173,2,2,1,9,4307,0,1,1,0,0,0,1,0.77504647,1,Late,High Risk
3910,1,2,2,1,271,2,1,1,7,5875,0,0,1,0,1,0,1,0.69560426,1,Late,High Risk
3911,2,2,4,5,246,3,2,0,7,4956,0,1,1,0,1,1,0,0.6260014,1,Late,High Risk
3912,4,2,4,3,104,4,2,1,3,4548,0,1,1,0,0,1,0,0.83006305,1,Late,High Risk
3913,3,2,4,4,121,5,1,0,8,4233,1,1,1,0,0,1,0,0.6746524,1,Late,High Risk
3914,4,2,3,3,212,3,2,0,10,5935,0,0,1,0,0,1,0,0.72693425,1,Late,High Risk
3915,0,2,3,1,139,5,2,0,5,4572,0,0,1,0,0,1,1,0.81450254,1,Late,High Risk
3916,1,2,3,4,250,3,1,1,10,5688,0,0,1,0,1,1,0,0.56350887,1,Late,Medium Risk
3917,2,2,4,4,272,2,1,1,10,4826,1,1,1,0,1,0,0,0.5659348,1,Late,Medium Risk
3918,4,2,6,1,160,5,2,1,8,5982,0,1,1,0,0,1,1,0.68255866,1,Late,High Risk
3919,3,2,5,1,170,4,1,0,4,4855,1,1,1,0,0,1,1,0.653786,1,Late,High Risk
3920,4,2,4,1,260,2,1,0,1,5001,1,1,1,0,1,0,1,0.759777,1,Late,High Risk
3921,0,2,2,1,168,3,1,0,7,4008,0,0,1,0,0,1,1,0.5381812,1,Late,Medium Risk
3922,1,2,4,2,261,2,2,1,7,5764,0,1,1,0,1,0,1,0.49450764,0,On Time,Medium Risk
3923,2,2,5,4,117,3,2,0,4,5332,0,1,1,0,0,1,0,0.723528,1,Late,High Risk
3924,4,2,4,2,151,4,2,0,5,5469,0,1,1,0,0,1,1,0.802618,1,Late,High Risk
3925,3,2,5,1,181,2,2,0,4,5578,1,1,1,0,0,0,1,0.82011205,1,Late,High Risk
3926,4,2,6,1,251,4,1,1,2,5656,0,1,1,0,1,1,1,0.76076955,1,Late,High Risk
3927,0,2,2,3,178,3,2,0,8,4451,1,0,1,0,0,1,0,0.72056776,1,Late,High Risk
3928,1,2,3,1,227,3,1,1,10,4305,1,0,1,0,1,1,1,0.61530316,1,Late,High Risk
3929,2,2,4,3,206,4,2,1,1,4812,1,1,1,0,0,1,0,0.6688583,1,Late,High Risk
3930,4,2,4,4,181,4,1,1,4,5767,0,1,1,0,0,1,0,0.67844063,1,Late,High Risk
3931,3,2,4,5,117,5,2,0,1,4378,0,1,1,0,0,1,0,0.7395901,1,Late,High Risk
3932,4,2,2,4,187,6,2,0,9,4388,0,0,1,0,0,1,0,0.73955053,1,Late,High Risk
3933,0,2,5,3,219,4,2,1,5,4096,0,1,1,0,1,1,0,0.5338242,1,Late,Medium Risk
3934,1,2,6,3,280,3,1,1,7,4620,1,1,1,0,1,1,0,0.56935215,1,Late,Medium Risk
3935,2,2,6,5,178,3,1,0,5,4096,0,1,1,0,0,1,0,0.6198053,1,Late,High Risk
3936,4,2,3,1,139,2,2,1,3,4226,0,0,1,0,0,0,1,0.7197091,1,Late,High Risk
3937,3,2,3,5,137,2,1,0,6,5709,1,0,1,0,0,0,0,0.6177862,1,Late,High Risk
3938,4,2,5,3,248,2,1,0,6,5863,1,1,1,0,1,0,0,0.7368522,1,Late,High Risk
3939,0,2,3,5,259,3,1,0,10,5978,0,0,1,0,1,1,0,0.7131272,1,Late,High Risk
3940,1,2,4,5,139,3,2,1,5,5126,0,1,1,0,0,1,0,0.72330904,1,Late,High Risk
3941,2,2,3,5,267,2,2,1,4,4703,0,0,1,0,1,0,0,0.59545404,1,Late,Medium Risk
3942,4,2,3,5,271,4,2,1,1,5852,1,0,1,0,1,1,0,0.5495888,1,Late,Medium Risk
3943,3,2,5,1,181,4,2,0,4,5505,0,1,1,0,0,1,1,0.80656856,1,Late,High Risk
3944,4,2,4,5,222,2,2,1,2,4425,0,1,1,0,1,0,0,0.69982445,1,Late,High Risk
3945,0,2,3,5,159,2,2,1,6,5804,0,0,1,0,0,0,0,0.83121544,1,Late,High Risk
3946,1,2,3,4,238,2,2,1,3,4930,0,0,1,0,1,0,0,0.65338415,1,Late,High Risk
3947,2,1,5,3,256,6,2,0,5,5614,1,1,1,0,1,1,0,0.5568032,1,Late,Medium Risk
3948,4,1,4,2,202,3,1,1,9,4955,0,1,1,0,0,1,1,0.6790483,1,Late,High Risk
3949,3,1,4,1,258,3,2,1,2,4188,0,1,1,0,1,1,1,0.6222718,1,Late,High Risk
3950,4,1,4,5,174,3,2,0,8,5576,0,1,1,0,0,1,0,0.6148738,1,Late,High Risk
3951,0,1,4,3,270,2,1,1,7,5814,0,1,1,0,1,0,0,0.59539104,1,Late,Medium Risk
3952,1,1,4,1,215,3,1,1,9,4551,0,1,1,0,1,1,1,0.76899445,1,Late,High Risk
3953,2,1,3,1,254,4,2,1,9,4571,0,0,1,0,1,1,1,0.78142416,1,Late,High Risk
3954,4,1,6,4,253,2,1,0,9,5972,0,1,1,0,1,0,0,0.7556003,1,Late,High Risk
3955,3,1,3,2,269,4,2,1,1,5797,0,0,1,0,1,1,1,0.69530946,1,Late,High Risk
3956,4,1,4,1,224,5,1,0,7,5738,0,1,1,0,1,1,1,0.6708787,1,Late,High Risk
3957,0,1,3,1,157,3,2,1,1,4391,0,0,1,0,0,1,1,0.70552135,1,Late,High Risk
3958,1,1,3,3,250,3,1,0,5,4625,0,0,1,0,1,1,0,0.6529051,1,Late,High Risk
3959,2,1,6,1,132,4,2,1,5,5235,1,1,1,0,0,1,1,0.6823529,1,Late,High Risk
3960,4,1,5,2,256,3,2,1,6,5604,1,1,1,0,1,1,1,0.6553567,1,Late,High Risk
3961,3,1,4,2,237,3,1,1,1,5114,0,1,1,0,1,1,1,0.70378226,1,Late,High Risk
3962,4,1,5,1,199,2,2,1,7,4660,1,1,1,0,0,0,1,0.6772748,1,Late,High Risk
3963,0,1,3,4,186,3,2,1,7,4536,0,0,1,0,0,1,0,0.76264286,1,Late,High Risk
3964,1,1,4,5,213,3,2,0,7,4114,0,1,1,0,0,1,0,0.5535879,1,Late,Medium Risk
3965,2,1,3,1,260,2,2,0,6,4332,0,0,1,0,1,0,1,0.6850965,1,Late,High Risk
3966,4,1,6,1,247,3,1,1,1,4637,1,1,1,0,1,1,1,0.5539153,1,Late,Medium Risk
3967,3,1,4,3,178,2,2,0,9,4322,1,1,1,0,0,0,0,0.62649876,1,Late,High Risk
3968,4,1,3,1,135,2,1,1,7,5682,0,0,1,0,0,0,1,0.6904593,1,Late,High Risk
3969,0,0,3,3,234,3,2,0,3,4187,1,0,1,0,1,1,0,0.54866856,1,Late,Medium Risk
3970,1,0,4,5,214,3,0,0,1,4004,0,1,1,0,0,1,0,0.41194347,0,On Time,Medium Risk
3971,2,0,4,1,174,3,1,0,8,5549,0,1,1,0,0,1,1,0.69117624,1,Late,High Risk
3972,4,0,5,5,262,2,2,1,8,4283,0,1,1,0,1,0,0,0.6283655,1,Late,High Risk
3973,3,0,4,1,180,3,0,0,5,4346,0,1,1,0,0,1,1,0.5286028,1,Late,Medium Risk
3974,4,0,5,2,165,2,2,0,6,4819,1,1,1,0,0,0,1,0.6843647,1,Late,High Risk
3975,0,0,4,1,150,3,1,0,10,4470,0,1,1,0,0,1,1,0.7435267,1,Late,High Risk
3976,1,0,5,4,227,2,1,0,9,5706,1,1,1,0,1,0,0,0.64701194,1,Late,High Risk
3977,2,0,5,1,220,3,2,1,8,5727,1,1,1,0,1,1,1,0.5040037,1,Late,Medium Risk
3978,4,0,5,5,255,2,2,1,1,4604,1,1,1,0,1,0,0,0.5830027,1,Late,Medium Risk
3979,3,0,3,2,202,2,2,1,5,5135,1,0,1,0,0,0,1,0.5996685,1,Late,Medium Risk
3980,4,0,4,4,261,3,2,1,2,4140,0,1,1,0,1,1,0,0.6474047,1,Late,High Risk
3981,0,0,5,3,244,2,1,1,5,4713,0,1,1,0,1,0,0,0.6257727,1,Late,High Risk
3982,1,0,4,2,173,3,2,0,1,5128,0,1,1,0,0,1,1,0.76803744,1,Late,High Risk
3983,2,0,3,2,224,3,2,1,1,5343,1,0,1,0,1,1,1,0.6682341,1,Late,High Risk
3984,4,0,4,4,263,2,2,1,2,5797,1,1,1,0,1,0,0,0.61930054,1,Late,High Risk
3985,3,0,5,1,160,5,1,0,1,4672,0,1,1,0,0,1,1,0.7276924,1,Late,High Risk
3986,4,0,6,2,106,5,1,1,9,4038,1,1,1,0,0,1,1,0.29554695,0,On Time,Low Risk
3987,0,0,3,2,227,2,2,1,9,4659,0,0,1,0,1,0,1,0.67886955,1,Late,High Risk
3988,1,0,3,5,257,2,1,1,2,5251,1,0,1,0,1,0,0,0.50362533,1,Late,Medium Risk
3989,2,0,3,1,155,3,2,0,6,5113,1,0,1,0,0,1,1,0.7475102,1,Late,High Risk
3990,4,0,3,4,212,3,1,0,8,5214,0,0,1,0,0,1,0,0.68910426,1,Late,High Risk
3991,3,2,6,3,205,3,1,1,10,4996,0,1,1,0,0,1,0,0.7200998,1,Late,High Risk
3992,4,2,3,4,211,3,1,0,6,5890,0,0,1,0,0,1,0,0.76491314,1,Late,High Risk
3993,0,2,5,4,178,5,1,0,9,4729,1,1,1,0,0,1,0,0.66488236,1,Late,High Risk
3994,1,2,3,3,221,3,0,1,5,4568,1,0,1,0,1,1,0,0.53962606,1,Late,Medium Risk
3995,2,2,3,3,253,4,1,0,9,4682,1,0,1,0,1,1,0,0.63316995,1,Late,High Risk
3996,4,2,3,1,185,2,2,1,8,5430,1,0,1,0,0,0,1,0.7432491,1,Late,High Risk
3997,3,2,3,3,160,2,0,1,6,5667,0,0,1,0,0,0,0,0.7083714,1,Late,High Risk
3998,4,2,3,4,173,2,1,1,5,4402,0,0,1,0,0,0,0,0.68135065,1,Late,High Risk
3999,0,2,3,3,256,3,2,1,8,4070,0,0,1,0,1,1,0,0.46323523,0,On Time,Medium Risk
4000,1,2,3,4,134,3,0,0,6,5680,0,0,1,0,0,1,0,0.67806256,1,Late,High Risk
4001,2,2,4,5,160,6,1,0,4,4684,1,1,1,0,0,1,0,0.5257538,1,Late,Medium Risk
4002,4,2,2,3,205,3,1,1,1,5137,0,0,1,0,0,1,0,0.7849644,1,Late,High Risk
4003,3,2,4,1,202,3,1,1,4,4029,0,1,1,0,0,1,1,0.65323657,1,Late,High Risk
4004,4,2,2,2,158,3,2,0,2,4153,0,0,1,0,0,1,1,0.6955894,1,Late,High Risk
4005,0,2,4,3,233,3,2,1,4,5259,0,1,1,0,1,1,0,0.59972847,1,Late,Medium Risk
4006,1,2,3,3,163,2,0,0,10,5364,1,0,1,0,0,0,0,0.49511367,0,On Time,Medium Risk
4007,2,2,4,4,202,4,2,1,4,4053,0,1,1,0,0,1,0,0.6378481,1,Late,High Risk
4008,4,2,5,2,229,3,1,1,1,5189,1,1,1,0,1,1,1,0.698522,1,Late,High Risk
4009,3,2,5,4,120,4,0,1,1,4183,0,1,1,0,0,1,0,0.73443365,1,Late,High Risk
4010,4,2,5,1,185,2,2,0,10,5973,1,1,1,0,0,0,1,0.63258034,1,Late,High Risk
4011,0,2,2,5,154,3,2,0,1,4377,0,0,1,0,0,1,0,0.62057173,1,Late,High Risk
4012,1,2,2,4,238,3,2,1,4,5782,1,0,1,0,1,1,0,0.57908255,1,Late,Medium Risk
4013,2,2,4,2,179,3,1,1,3,5284,0,1,1,0,0,1,1,0.70901215,1,Late,High Risk
4014,4,2,4,5,237,2,2,0,10,4963,0,1,1,0,1,0,0,0.73561794,1,Late,High Risk
4015,3,2,4,1,234,3,1,0,8,4996,0,1,1,0,1,1,1,0.7211381,1,Late,High Risk
4016,4,2,2,5,116,3,1,0,1,4091,1,0,1,0,0,1,0,0.3390756,0,On Time,Medium Risk
4017,0,2,4,5,157,4,1,0,8,4344,1,1,1,0,0,1,0,0.67114234,1,Late,High Risk
4018,1,2,4,2,151,3,2,1,8,4390,1,1,1,0,0,1,1,0.78558975,1,Late,High Risk
4019,2,2,3,5,160,3,2,0,1,5062,0,0,1,0,0,1,0,0.7391331,1,Late,High Risk
4020,4,2,3,5,226,3,1,1,8,5203,1,0,1,0,1,1,0,0.6432069,1,Late,High Risk
4021,3,2,2,5,254,3,1,1,6,5684,0,0,1,0,1,1,0,0.76110697,1,Late,High Risk
4022,4,2,3,5,194,3,1,1,8,5726,1,0,1,0,0,1,0,0.6457507,1,Late,High Risk
4023,0,2,5,5,194,4,2,0,4,4003,0,1,1,0,0,1,0,0.48208117,0,On Time,Medium Risk
4024,1,2,3,4,175,3,1,1,6,5503,0,0,1,0,0,1,0,0.7727065,1,Late,High Risk
4025,2,2,4,1,228,2,2,0,9,4091,0,1,1,0,1,0,1,0.6382963,1,Late,High Risk
4026,4,2,3,3,240,3,1,0,4,5056,1,0,1,0,1,1,0,0.5685132,1,Late,Medium Risk
4027,3,2,2,1,166,3,2,0,8,4255,1,0,1,0,0,1,1,0.66598654,1,Late,High Risk
4028,4,2,4,5,249,2,2,0,10,4562,0,1,1,0,1,0,0,0.7330691,1,Late,High Risk
4029,0,2,4,1,261,3,2,1,7,4314,1,1,1,0,1,1,1,0.53471696,1,Late,Medium Risk
4030,1,2,4,1,209,2,1,0,10,5066,0,1,1,0,0,0,1,0.7514014,1,Late,High Risk
4031,2,2,3,2,154,2,2,1,4,5864,0,0,1,0,0,0,1,0.740775,1,Late,High Risk
4032,4,2,6,5,98,3,1,0,8,5946,0,1,1,0,0,1,0,0.5279632,1,Late,Medium Risk
4033,3,2,3,5,193,3,2,1,2,4784,0,0,1,0,0,1,0,0.64934754,1,Late,High Risk
4034,4,2,3,5,169,3,1,0,6,5397,0,0,1,0,0,1,0,0.7622323,1,Late,High Risk
4035,0,2,5,4,227,2,2,1,3,5904,0,1,1,0,1,0,0,0.72228163,1,Late,High Risk
4036,1,2,3,3,150,2,2,1,6,4170,1,0,1,0,0,0,0,0.69053954,1,Late,High Risk
4037,2,2,5,4,260,6,2,1,8,5440,1,1,1,0,1,1,0,0.5703146,1,Late,Medium Risk
4038,4,2,5,5,243,6,2,0,9,4587,0,1,1,0,1,1,0,0.7431801,1,Late,High Risk
4039,3,2,2,4,271,8,2,0,10,4183,0,0,1,0,1,1,0,0.80869627,1,Late,High Risk
4040,4,2,4,3,129,6,2,0,5,5626,0,1,1,0,0,1,0,0.5806279,1,Late,Medium Risk
4041,0,2,3,2,228,3,2,0,4,4208,0,0,1,0,1,1,1,0.5975706,1,Late,Medium Risk
4042,1,2,5,5,243,2,1,1,9,4669,1,1,1,0,1,0,0,0.73501146,1,Late,High Risk
4043,2,2,2,3,187,3,2,0,6,5547,0,0,1,0,0,1,0,0.79556215,1,Late,High Risk
4044,4,2,3,3,185,3,2,0,10,4387,0,0,1,0,0,1,0,0.677982,1,Late,High Risk
4045,3,2,2,1,228,3,0,0,1,5500,1,0,1,0,1,1,1,0.647009,1,Late,High Risk
4046,4,2,5,1,248,8,1,0,2,4023,1,1,1,0,1,1,1,0.41917944,0,On Time,Medium Risk
4047,0,2,4,5,233,4,1,0,6,4652,0,1,1,0,1,1,0,0.714212,1,Late,High Risk
4048,1,2,4,3,151,3,2,0,8,4025,1,1,1,0,0,1,0,0.5232387,1,Late,Medium Risk
4049,2,2,5,2,160,3,0,1,3,4599,0,1,1,0,0,1,1,0.6497313,1,Late,High Risk
4050,4,2,3,5,265,3,2,1,4,4268,1,0,1,0,1,1,0,0.6112537,1,Late,High Risk
4051,3,2,3,3,229,7,0,0,4,5075,1,0,1,0,1,1,0,0.5404147,1,Late,Medium Risk
4052,4,2,6,3,144,7,0,0,8,5646,1,1,1,0,0,1,0,0.4676741,0,On Time,Medium Risk
4053,0,2,3,5,172,10,0,0,1,4929,1,0,1,0,0,1,0,0.4181412,0,On Time,Medium Risk
4054,1,2,3,5,273,10,2,0,5,4608,0,0,1,0,1,1,0,0.8269039,1,Late,High Risk
4055,2,2,3,3,182,4,1,1,7,1869,1,0,1,1,0,1,0,0.449297,0,On Time,Medium Risk
4056,4,2,4,3,164,2,1,0,3,1376,0,1,1,1,0,0,0,0.27379507,0,On Time,Low Risk
4057,3,2,3,1,240,3,1,0,4,5484,1,0,1,0,1,1,1,0.5153303,1,Late,Medium Risk
4058,4,2,2,1,166,3,2,1,6,4280,0,0,1,0,0,1,1,0.6713633,1,Late,High Risk
4059,0,2,4,2,249,2,2,0,7,5876,1,1,1,0,1,0,1,0.60193217,1,Late,High Risk
4060,1,2,4,3,261,3,2,1,1,4590,0,1,1,0,1,1,0,0.5994797,1,Late,Medium Risk
4061,2,2,4,5,209,2,1,0,8,4047,0,1,1,0,0,0,0,0.6539921,1,Late,High Risk
4062,4,2,3,5,154,2,2,1,6,4744,0,0,1,0,0,0,0,0.59542346,1,Late,Medium Risk
4063,3,2,6,3,98,3,1,0,8,4651,1,1,1,0,0,1,0,0.57153726,1,Late,Medium Risk
4064,4,2,3,5,193,3,2,0,9,4982,0,0,1,0,0,1,0,0.6998472,1,Late,High Risk
4065,0,2,3,1,169,3,1,0,6,4081,1,0,1,0,0,1,1,0.6657005,1,Late,High Risk
4066,1,2,5,4,227,2,2,1,10,4734,0,1,1,0,1,0,0,0.7047421,1,Late,High Risk
4067,2,2,3,5,150,2,2,1,10,5944,0,0,1,0,0,0,0,0.78198045,1,Late,High Risk
4068,4,2,5,3,260,6,2,0,10,4986,0,1,1,0,1,1,0,0.6362448,1,Late,High Risk
4069,3,2,5,4,243,6,2,0,1,4170,1,1,1,0,1,1,0,0.60208666,1,Late,High Risk
4070,4,2,2,1,271,8,2,0,5,4924,0,0,1,0,1,1,1,0.6987913,1,Late,High Risk
4071,0,2,4,4,129,6,2,0,7,4873,1,1,1,0,0,1,0,0.41347063,0,On Time,Medium Risk
4072,1,2,3,3,228,3,2,0,8,4927,0,0,1,0,1,1,0,0.5923432,1,Late,Medium Risk
4073,2,2,5,3,243,2,1,0,9,4828,1,1,1,0,1,0,0,0.6699673,1,Late,High Risk
4074,4,2,2,1,187,3,2,0,3,5922,0,0,1,0,0,1,1,0.69160235,1,Late,High Risk
4075,3,2,3,3,185,3,2,1,4,4111,1,0,1,0,0,1,0,0.5209647,1,Late,Medium Risk
4076,4,2,2,3,228,3,0,1,5,4663,0,0,1,0,1,1,0,0.52172273,1,Late,Medium Risk
4077,0,2,5,2,248,8,1,0,10,4583,0,1,1,0,1,1,1,0.65401924,1,Late,High Risk
4078,1,2,4,5,233,4,1,0,6,4705,1,1,1,0,1,1,0,0.67423916,1,Late,High Risk
4079,2,2,4,5,151,3,2,0,10,5275,0,1,1,0,0,1,0,0.60247254,1,Late,High Risk
4080,4,2,5,4,160,3,0,1,2,5876,0,1,1,0,0,1,0,0.6525857,1,Late,High Risk
4081,3,2,3,4,265,3,2,0,7,5113,0,0,1,0,1,1,0,0.65886104,1,Late,High Risk
4082,4,2,3,2,229,7,0,1,3,5584,0,0,1,0,1,1,1,0.6998234,1,Late,High Risk
4083,0,2,6,2,144,7,0,1,1,5501,0,1,1,0,0,1,1,0.5208295,1,Late,Medium Risk
4084,1,1,3,4,172,10,0,1,9,4883,0,0,1,0,0,1,0,0.63383377,1,Late,High Risk
4085,2,1,3,3,273,10,2,0,10,5574,1,0,1,0,1,1,0,0.49085316,0,On Time,Medium Risk
4086,4,1,3,5,182,4,1,1,6,1272,1,0,1,1,0,1,0,0.37093338,0,On Time,Medium Risk
4087,3,1,4,4,164,2,1,0,9,1949,1,1,1,1,0,0,0,0.16013888,0,On Time,Low Risk
4088,4,1,3,5,268,2,2,1,5,1707,0,0,1,1,1,0,0,0.41241148,0,On Time,Medium Risk
4089,0,1,3,3,218,4,2,0,4,1678,1,0,1,1,1,1,0,0.65911245,1,Late,High Risk
4090,1,1,5,3,236,2,2,1,6,1329,1,1,1,1,1,0,0,0.3925217,0,On Time,Medium Risk
4091,2,1,3,4,188,4,1,1,2,1059,1,0,1,1,0,1,0,0.3551164,0,On Time,Medium Risk
4092,4,1,4,2,277,5,2,0,8,1335,0,1,1,1,1,1,1,0.6900091,1,Late,High Risk
4093,3,1,6,1,127,3,1,0,8,5976,1,1,1,0,0,1,1,0.30735636,0,On Time,Medium Risk
4094,4,1,5,1,143,3,1,1,5,5146,1,1,1,0,0,1,1,0.6572436,1,Late,High Risk
4095,0,1,6,1,192,6,2,1,7,4014,1,1,1,0,0,1,1,0.3884344,0,On Time,Medium Risk
4096,1,1,4,2,239,2,2,0,9,4360,0,1,1,0,1,0,1,0.70392805,1,Late,High Risk
4097,2,1,3,5,215,3,1,1,4,4828,1,0,1,0,1,1,0,0.568533,1,Late,Medium Risk
4098,4,1,6,1,139,5,2,1,1,4243,0,1,1,0,0,1,1,0.7894717,1,Late,High Risk
4099,3,1,3,2,250,3,2,0,4,5361,0,0,1,0,1,1,1,0.57707924,1,Late,Medium Risk
4100,4,1,3,1,187,3,2,0,1,5541,0,0,1,0,0,1,1,0.7692507,1,Late,High Risk
4101,0,1,2,1,151,3,1,0,5,5982,1,0,1,0,0,1,1,0.5733641,1,Late,Medium Risk
4102,1,1,3,5,181,3,2,1,9,4191,0,0,1,0,0,1,0,0.67544204,1,Late,High Risk
4103,2,1,4,4,170,5,1,1,5,4823,1,1,1,0,0,1,0,0.65131485,1,Late,High Risk
4104,4,1,4,3,139,3,1,0,1,4986,0,1,1,0,0,1,0,0.72504735,1,Late,High Risk
4105,3,1,4,4,186,2,1,0,1,4519,0,1,1,0,0,0,0,0.7678983,1,Late,High Risk
4106,4,0,3,2,273,3,2,0,2,4948,0,0,1,0,1,1,1,0.65385073,1,Late,High Risk
4107,0,0,6,1,274,5,1,0,8,4292,1,1,1,0,1,1,1,0.73540825,1,Late,High Risk
4108,1,0,3,5,108,2,1,0,10,5559,1,0,1,0,0,0,0,0.5298547,1,Late,Medium Risk
4109,2,0,3,5,132,3,2,0,4,4212,0,0,1,0,0,1,0,0.6246726,1,Late,High Risk
4110,4,0,4,1,223,3,2,0,4,4972,1,1,1,0,1,1,1,0.5726037,1,Late,Medium Risk
4111,3,0,3,2,240,3,2,1,2,4804,0,0,1,0,1,1,1,0.53864455,1,Late,Medium Risk
4112,4,0,3,5,106,2,1,0,3,5615,0,0,1,0,0,0,0,0.6635639,1,Late,High Risk
4113,0,0,5,4,143,5,2,0,5,4393,1,1,1,0,0,1,0,0.67629135,1,Late,High Risk
4114,1,0,5,1,238,2,2,1,5,5441,1,1,1,0,1,0,1,0.56285906,1,Late,Medium Risk
4115,2,0,2,1,156,3,2,1,3,5937,0,0,1,0,0,1,1,0.7008292,1,Late,High Risk
4116,4,0,4,2,203,3,1,0,9,5296,1,1,1,0,0,1,1,0.6460187,1,Late,High Risk
4117,3,0,3,4,259,4,2,0,5,4564,1,0,1,0,1,1,0,0.6842603,1,Late,High Risk
4118,4,0,4,4,225,3,1,1,10,4486,0,1,1,0,1,1,0,0.6459051,1,Late,High Risk
4119,0,0,4,5,154,3,2,0,9,5208,0,1,1,0,0,1,0,0.52465075,1,Late,Medium Risk
4120,1,0,5,2,227,3,2,1,2,4058,1,1,1,0,1,1,1,0.4946513,0,On Time,Medium Risk
4121,2,0,4,3,208,2,2,0,1,5826,0,1,1,0,0,0,0,0.66924995,1,Late,High Risk
4122,4,0,5,3,255,3,2,0,8,5983,0,1,1,0,1,1,0,0.5188985,1,Late,Medium Risk
4123,3,0,4,1,218,2,1,1,7,4597,0,1,1,0,1,0,1,0.63353914,1,Late,High Risk
4124,4,0,3,5,184,3,2,1,1,4161,0,0,1,0,0,1,0,0.61019737,1,Late,High Risk
4125,0,0,4,1,233,2,1,1,7,4403,1,1,1,0,1,0,1,0.6090495,1,Late,High Risk
4126,1,0,3,5,230,4,2,0,2,5916,1,0,1,0,1,1,0,0.48516816,0,On Time,Medium Risk
4127,2,0,4,3,249,3,1,1,5,5017,1,1,1,0,1,1,0,0.55849946,1,Late,Medium Risk
4128,4,2,5,2,176,4,1,1,2,4893,0,1,1,0,0,1,1,0.7225915,1,Late,High Risk
4129,3,2,4,2,272,4,1,1,3,5566,0,1,1,0,1,1,1,0.694311,1,Late,High Risk
4130,4,2,4,4,192,2,1,1,7,4151,0,1,1,0,0,0,0,0.6797964,1,Late,High Risk
4131,0,2,6,3,100,4,1,1,3,5756,0,1,1,0,0,1,0,0.81292146,1,Late,High Risk
4132,1,2,2,1,271,6,1,0,2,4237,1,0,1,0,1,1,1,0.61726356,1,Late,High Risk
4133,2,2,4,5,165,3,0,1,5,4735,0,1,1,0,0,1,0,0.51496583,1,Late,Medium Risk
4134,4,2,3,4,124,4,2,0,10,5011,0,0,1,0,0,1,0,0.86378604,1,Late,High Risk
4135,3,2,4,1,193,4,1,0,4,4796,0,1,1,0,0,1,1,0.7447164,1,Late,High Risk
4136,4,2,3,2,156,3,2,1,2,4681,0,0,1,0,0,1,1,0.55643123,1,Late,Medium Risk
4137,0,2,5,3,170,3,2,1,10,4198,0,1,1,0,0,1,0,0.66058016,1,Late,High Risk
4138,1,2,2,3,243,5,2,1,5,4750,1,0,1,0,1,1,0,0.69259554,1,Late,High Risk
4139,2,2,3,4,163,2,1,0,7,5720,0,0,1,0,0,0,0,0.74496377,1,Late,High Risk
4140,4,2,4,3,201,2,1,0,4,4955,1,1,1,0,0,0,0,0.6240706,1,Late,High Risk
4141,3,2,3,5,232,3,1,1,10,5333,0,0,1,0,1,1,0,0.63146865,1,Late,High Risk
4142,4,2,3,3,214,3,2,0,2,4964,1,0,1,0,0,1,0,0.6599364,1,Late,High Risk
4143,0,2,3,1,149,2,2,0,7,4147,1,0,1,0,0,0,1,0.75028646,1,Late,High Risk
4144,1,2,3,4,122,3,0,0,10,4880,0,0,1,0,0,1,0,0.75245744,1,Late,High Risk
4145,2,2,3,3,253,4,1,1,2,5040,1,0,1,0,1,1,0,0.6127758,1,Late,High Risk
4146,4,2,2,5,123,4,2,1,8,4042,0,0,1,0,0,1,0,0.57813525,1,Late,Medium Risk
4147,3,2,4,3,261,3,2,0,2,4028,0,1,1,0,1,1,0,0.4179208,0,On Time,Medium Risk
4148,4,2,5,1,235,3,1,0,7,5061,0,1,1,0,1,1,1,0.7405844,1,Late,High Risk
4149,0,2,2,3,141,4,2,1,8,4702,0,0,1,0,0,1,0,0.81250787,1,Late,High Risk
4150,1,2,3,1,241,2,1,1,8,5602,1,0,1,0,1,0,1,0.61157936,1,Late,High Risk
4151,2,2,4,1,253,2,1,0,9,4299,0,1,1,0,1,0,1,0.7202765,1,Late,High Risk
4152,4,2,4,4,177,2,1,0,6,5116,0,1,1,0,0,0,0,0.7091264,1,Late,High Risk
4153,3,2,5,4,160,3,0,1,10,5527,0,1,1,0,0,1,0,0.5365904,1,Late,Medium Risk
4154,4,2,3,4,134,3,1,0,9,4436,0,0,1,0,0,1,0,0.6784824,1,Late,High Risk
4155,0,2,5,2,258,2,2,0,4,5965,0,1,1,0,1,0,1,0.8373522,1,Late,High Risk
4156,1,2,5,3,188,2,1,1,6,4840,0,1,1,0,0,0,0,0.659901,1,Late,High Risk
4157,2,2,5,2,270,3,2,0,5,5950,1,1,1,0,1,1,1,0.611457,1,Late,High Risk
4158,4,2,3,1,243,2,2,1,10,5460,0,0,1,0,1,0,1,0.7035456,1,Late,High Risk
4159,3,2,2,4,100,4,1,1,3,5398,0,0,1,0,0,1,0,0.771276,1,Late,High Risk
4160,4,2,3,3,134,4,2,1,7,5370,1,0,1,0,0,1,0,0.7018661,1,Late,High Risk
4161,0,2,4,2,255,3,2,1,3,4562,1,1,1,0,1,1,1,0.6395635,1,Late,High Risk
4162,1,2,3,3,260,2,1,1,8,5382,0,0,1,0,1,0,0,0.6737499,1,Late,High Risk
4163,2,2,5,5,265,3,1,1,6,4423,1,1,1,0,1,1,0,0.5504658,1,Late,Medium Risk
4164,4,2,2,5,221,3,1,1,2,5847,0,0,1,0,1,1,0,0.72840726,1,Late,High Risk
4165,3,2,5,4,157,4,1,1,9,4840,0,1,1,0,0,1,0,0.68023807,1,Late,High Risk
4166,4,2,4,3,222,3,1,0,8,4861,0,1,1,0,1,1,0,0.6282341,1,Late,High Risk
4167,0,2,5,2,179,3,1,1,7,5496,0,1,1,0,0,1,1,0.661516,1,Late,High Risk
4168,1,2,3,2,231,3,1,0,5,5046,0,0,1,0,1,1,1,0.5714277,1,Late,Medium Risk
4169,2,2,3,5,228,2,1,1,6,5893,0,0,1,0,1,0,0,0.7942609,1,Late,High Risk
4170,4,2,2,5,264,2,1,1,9,5898,1,0,1,0,1,0,0,0.7244645,1,Late,High Risk
4171,3,2,4,3,170,3,2,0,2,5330,1,1,1,0,0,1,0,0.65210176,1,Late,High Risk
4172,4,2,3,2,159,2,2,0,3,4876,0,0,1,0,0,0,1,0.6822706,1,Late,High Risk
4173,0,2,3,3,166,3,0,1,6,5089,1,0,1,0,0,1,0,0.6069442,1,Late,High Risk
4174,1,2,3,2,234,2,2,1,8,4012,1,0,1,0,1,0,1,0.6019261,1,Late,High Risk
4175,2,2,6,1,215,5,2,0,5,4362,0,1,1,0,1,1,1,0.734218,1,Late,High Risk
4176,4,2,3,2,179,2,0,0,8,5589,0,0,1,0,0,0,1,0.76678437,1,Late,High Risk
4177,3,2,3,3,180,3,2,1,8,5953,1,0,1,0,0,1,0,0.6292192,1,Late,High Risk
4178,4,2,4,5,149,3,1,1,9,4953,1,1,1,0,0,1,0,0.6767885,1,Late,High Risk
4179,0,2,3,2,150,3,1,1,1,5825,0,0,1,0,0,1,1,0.775355,1,Late,High Risk
4180,1,2,4,1,155,3,1,0,4,5666,0,1,1,0,0,1,1,0.7235947,1,Late,High Risk
4181,2,2,4,5,199,2,2,1,4,4762,0,1,1,0,0,0,0,0.6543954,1,Late,High Risk
4182,4,2,4,5,169,2,1,0,10,4248,0,1,1,0,0,0,0,0.64704955,1,Late,High Risk
4183,3,2,6,4,276,6,1,0,8,5037,0,1,1,0,1,1,0,0.66075635,1,Late,High Risk
4184,4,2,4,3,257,3,1,0,1,5843,0,1,1,0,1,1,0,0.5572095,1,Late,Medium Risk
4185,0,2,4,3,153,2,2,1,1,4366,1,1,1,0,0,0,0,0.51819485,1,Late,Medium Risk
4186,1,2,5,5,228,4,1,1,6,4946,1,1,1,0,1,1,0,0.65013605,1,Late,High Risk
4187,2,2,4,4,133,2,2,0,4,4724,0,1,1,0,0,0,0,0.69352925,1,Late,High Risk
4188,4,2,4,4,206,3,2,0,10,4262,0,1,1,0,0,1,0,0.715715,1,Late,High Risk
4189,3,2,4,5,263,5,1,1,9,5731,1,1,1,0,1,1,0,0.5681381,1,Late,Medium Risk
4190,4,2,4,1,190,2,2,0,4,4501,0,1,1,0,0,0,1,0.69612044,1,Late,High Risk
4191,0,2,4,5,175,2,2,1,4,4910,1,1,1,0,0,0,0,0.727537,1,Late,High Risk
4192,1,2,3,3,272,3,1,1,2,4059,1,0,1,0,1,1,0,0.50580806,1,Late,Medium Risk
4193,2,2,4,1,111,4,2,1,10,4711,0,1,1,0,0,1,1,0.7993115,1,Late,High Risk
4194,4,2,5,2,233,3,1,0,5,5756,1,1,1,0,1,1,1,0.5831047,1,Late,Medium Risk
4195,3,2,5,5,235,3,1,0,4,5325,0,1,1,0,1,1,0,0.70418847,1,Late,High Risk
4196,4,2,3,2,255,4,2,1,5,4415,0,0,1,0,1,1,1,0.6682491,1,Late,High Risk
4197,0,2,4,3,216,2,1,0,6,4005,0,1,1,0,1,0,0,0.515187,1,Late,Medium Risk
4198,1,2,4,4,266,3,2,0,5,4641,0,1,1,0,1,1,0,0.6937003,1,Late,High Risk
4199,2,2,4,3,200,4,2,0,7,4953,1,1,1,0,0,1,0,0.5846267,1,Late,Medium Risk
4200,4,2,3,3,194,3,2,0,6,5721,1,0,1,0,0,1,0,0.60194343,1,Late,High Risk
4201,3,2,4,2,220,3,1,1,3,5020,0,1,1,0,1,1,1,0.67896634,1,Late,High Risk
4202,4,2,4,4,270,2,1,0,1,5148,1,1,1,0,1,0,0,0.71691847,1,Late,High Risk
4203,0,2,3,2,168,3,2,1,2,4231,0,0,1,0,0,1,1,0.7116776,1,Late,High Risk
4204,1,2,4,5,172,4,2,1,8,5900,1,1,1,0,0,1,0,0.69358844,1,Late,High Risk
4205,2,2,4,5,168,3,0,0,4,4759,1,1,1,0,0,1,0,0.4671306,0,On Time,Medium Risk
4206,4,2,5,2,243,3,1,1,4,5415,0,1,1,0,1,1,1,0.6675653,1,Late,High Risk
4207,3,2,3,3,181,3,1,0,1,5094,1,0,1,0,0,1,0,0.5947856,1,Late,Medium Risk
4208,4,2,3,5,167,2,1,0,2,4141,0,0,1,0,0,0,0,0.6960484,1,Late,High Risk
4209,0,2,4,2,224,3,1,0,3,5967,0,1,1,0,1,1,1,0.80913424,1,Late,High Risk
4210,1,2,5,4,252,3,2,1,6,5221,0,1,1,0,1,1,0,0.65574646,1,Late,High Risk
4211,2,2,4,3,266,3,2,1,8,4493,0,1,1,0,1,1,0,0.57968825,1,Late,Medium Risk
4212,4,2,4,3,144,2,1,0,5,4882,0,1,1,0,0,0,0,0.63114476,1,Late,High Risk
4213,3,2,3,5,222,3,1,1,4,5149,0,0,1,0,1,1,0,0.65126246,1,Late,High Risk
4214,4,2,4,4,199,3,1,1,10,5002,1,1,1,0,0,1,0,0.67832553,1,Late,High Risk
4215,0,2,3,1,214,3,2,0,2,4958,0,0,1,0,0,1,1,0.6933238,1,Late,High Risk
4216,1,2,3,1,258,3,2,0,2,5828,1,0,1,0,1,1,1,0.6449027,1,Late,High Risk
4217,2,2,3,5,194,4,1,1,1,5534,0,0,1,0,0,1,0,0.7116013,1,Late,High Risk
4218,4,2,5,2,201,3,1,1,2,5132,1,1,1,0,0,1,1,0.7404076,1,Late,High Risk
4219,3,2,3,5,243,3,2,0,5,4383,0,0,1,0,1,1,0,0.63044727,1,Late,High Risk
4220,4,2,5,4,264,3,2,1,2,5716,0,1,1,0,1,1,0,0.5250858,1,Late,Medium Risk
4221,0,1,4,5,204,3,2,0,4,5476,0,1,1,0,0,1,0,0.6670733,1,Late,High Risk
4222,1,1,3,2,239,2,1,0,3,5099,1,0,1,0,1,0,1,0.5247946,1,Late,Medium Risk
4223,2,1,5,4,168,4,2,1,5,5580,0,1,1,0,0,1,0,0.7299003,1,Late,High Risk
4224,4,1,5,4,229,2,2,0,10,5001,0,1,1,0,1,0,0,0.75702626,1,Late,High Risk
4225,3,1,2,4,246,2,2,1,1,5374,1,0,1,0,1,0,0,0.5111685,1,Late,Medium Risk
4226,4,1,4,4,217,2,1,1,6,4029,1,1,1,0,1,0,0,0.49921593,0,On Time,Medium Risk
4227,0,1,4,1,166,2,1,0,6,5737,0,1,1,0,0,0,1,0.692228,1,Late,High Risk
4228,1,1,4,3,159,2,0,1,3,5731,1,1,1,0,0,0,0,0.4758833,0,On Time,Medium Risk
4229,2,1,6,5,220,3,2,1,1,5508,0,1,1,0,1,1,0,0.65773535,1,Late,High Risk
4230,4,1,5,4,172,4,2,0,10,4659,1,1,1,0,0,1,0,0.7003365,1,Late,High Risk
4231,3,1,3,2,262,3,2,1,2,5910,1,0,1,0,1,1,1,0.645934,1,Late,High Risk
4232,4,1,4,5,194,2,1,0,1,5300,1,1,1,0,0,0,0,0.7245265,1,Late,High Risk
4233,0,1,3,1,232,2,2,1,10,4719,0,0,1,0,1,0,1,0.62518525,1,Late,High Risk
4234,1,1,4,5,259,3,2,1,3,4741,1,1,1,0,1,1,0,0.5454755,1,Late,Medium Risk
4235,2,1,4,3,259,3,1,0,1,4914,1,1,1,0,1,1,0,0.5868068,1,Late,Medium Risk
4236,4,1,4,5,246,3,1,1,10,4616,1,1,1,0,1,1,0,0.64896244,1,Late,High Risk
4237,3,1,3,4,247,2,2,0,2,5016,1,0,1,0,1,0,0,0.5903808,1,Late,Medium Risk
4238,4,1,2,1,137,3,1,1,1,4539,0,0,1,0,0,1,1,0.7456393,1,Late,High Risk
4239,0,1,2,5,273,2,0,1,5,4236,0,0,1,0,1,0,0,0.5333743,1,Late,Medium Risk
4240,1,1,5,2,152,3,0,0,5,5502,1,1,1,0,0,1,1,0.6168991,1,Late,High Risk
4241,2,1,3,1,235,4,0,1,7,4833,1,0,1,0,1,1,1,0.5492033,1,Late,Medium Risk
4242,4,1,4,2,212,3,1,0,3,4555,0,1,1,0,0,1,1,0.74472326,1,Late,High Risk
4243,3,0,5,4,286,5,1,0,3,5208,0,1,1,0,1,1,0,0.68664074,1,Late,High Risk
4244,4,0,4,2,151,2,2,1,6,4987,0,1,1,0,0,0,1,0.74265766,1,Late,High Risk
4245,0,0,3,3,204,3,1,1,6,5296,1,0,1,0,0,1,0,0.61895853,1,Late,High Risk
4246,1,0,3,1,191,3,1,1,1,4705,0,0,1,0,0,1,1,0.6222558,1,Late,High Risk
4247,2,0,3,4,221,3,1,0,1,4518,1,0,1,0,1,1,0,0.63633245,1,Late,High Risk
4248,4,0,3,5,161,3,1,1,2,4475,0,0,1,0,0,1,0,0.75794804,1,Late,High Risk
4249,3,0,4,1,183,4,1,1,9,5157,0,1,1,0,0,1,1,0.7295816,1,Late,High Risk
4250,4,0,4,3,243,2,1,0,6,5892,0,1,1,0,1,0,0,0.70688087,1,Late,High Risk
4251,0,0,5,4,194,5,1,1,8,4038,1,1,1,0,0,1,0,0.47278905,0,On Time,Medium Risk
4252,1,0,4,2,266,3,2,1,4,4197,1,1,1,0,1,1,1,0.59150064,1,Late,Medium Risk
4253,2,0,4,3,249,4,2,1,10,4933,0,1,1,0,1,1,0,0.65814334,1,Late,High Risk
4254,4,0,5,5,133,2,1,0,10,4398,0,1,1,0,0,0,0,0.6791305,1,Late,High Risk
4255,3,0,4,3,244,4,1,1,10,4118,1,1,1,0,1,1,0,0.56155115,1,Late,Medium Risk
4256,4,0,4,3,235,3,2,0,6,4832,1,1,1,0,1,1,0,0.6054309,1,Late,High Risk
4257,0,0,3,1,166,2,1,0,10,5932,1,0,1,0,0,0,1,0.5618192,1,Late,Medium Risk
4258,1,0,4,2,239,2,1,0,10,4028,0,1,1,0,1,0,1,0.55734634,1,Late,Medium Risk
4259,2,0,4,4,141,3,1,1,7,4683,0,1,1,0,0,1,0,0.76433694,1,Late,High Risk
4260,4,0,2,5,168,2,1,0,1,4831,0,0,1,0,0,0,0,0.7044346,1,Late,High Risk
4261,3,0,4,2,203,3,1,0,4,5699,0,1,1,0,0,1,1,0.69133896,1,Late,High Risk
4262,4,0,5,1,171,4,2,0,9,4418,1,1,1,0,0,1,1,0.66625535,1,Late,High Risk
4263,0,0,3,4,120,4,0,1,10,5537,0,0,1,0,0,1,0,0.80413765,1,Late,High Risk
4264,1,0,4,1,240,4,1,0,6,4811,0,1,1,0,1,1,1,0.6535383,1,Late,High Risk
4265,2,2,5,4,178,6,2,1,10,5197,0,1,1,0,0,1,0,0.6133876,1,Late,High Risk
4266,4,2,3,4,237,3,0,0,9,5514,1,0,1,0,1,1,0,0.678005,1,Late,High Risk
4267,3,2,3,2,169,3,1,0,3,5673,0,0,1,0,0,1,1,0.6979476,1,Late,High Risk
4268,4,2,4,1,169,4,1,0,10,4245,0,1,1,0,0,1,1,0.77170885,1,Late,High Risk
4269,0,2,4,4,201,2,2,0,8,5790,0,1,1,0,0,0,0,0.7330223,1,Late,High Risk
4270,1,2,4,2,249,4,2,1,4,5418,1,1,1,0,1,1,1,0.5759856,1,Late,Medium Risk
4271,2,2,5,3,101,5,2,0,1,4014,1,1,1,0,0,1,0,0.35795236,0,On Time,Medium Risk
4272,4,2,3,1,140,3,1,1,6,4488,1,0,1,0,0,1,1,0.6731946,1,Late,High Risk
4273,3,2,3,2,214,3,2,1,1,5362,0,0,1,0,0,1,1,0.73333454,1,Late,High Risk
4274,4,2,5,2,196,3,2,0,6,4257,0,1,1,0,0,1,1,0.7034572,1,Late,High Risk
4275,0,2,3,2,204,2,0,1,7,5961,0,0,1,0,0,0,1,0.68156046,1,Late,High Risk
4276,1,2,4,4,159,3,1,1,9,4265,1,1,1,0,0,1,0,0.6734868,1,Late,High Risk
4277,2,2,4,3,175,4,2,0,4,5685,0,1,1,0,0,1,0,0.73441315,1,Late,High Risk
4278,4,2,4,1,163,2,1,0,3,4099,1,1,1,0,0,0,1,0.55884,1,Late,Medium Risk
4279,3,2,6,2,271,10,2,0,2,4145,0,1,1,0,1,1,1,0.7844013,1,Late,High Risk
4280,4,2,4,3,191,3,2,1,1,4219,0,1,1,0,0,1,0,0.5751076,1,Late,Medium Risk
4281,0,2,4,5,135,3,2,0,5,4515,0,1,1,0,0,1,0,0.8153661,1,Late,High Risk
4282,1,2,4,2,224,3,2,0,3,4511,0,1,1,0,1,1,1,0.66764075,1,Late,High Risk
4283,2,2,3,1,142,2,1,0,5,4728,0,0,1,0,0,0,1,0.6920328,1,Late,High Risk
4284,4,2,6,1,246,6,1,0,9,5466,1,1,1,0,1,1,1,0.59504986,1,Late,Medium Risk
4285,3,2,5,5,165,4,2,0,3,4242,0,1,1,0,0,1,0,0.7316941,1,Late,High Risk
4286,4,2,3,3,150,4,2,0,8,4357,1,0,1,0,0,1,0,0.74047613,1,Late,High Risk
4287,0,2,3,5,170,7,1,0,7,4373,1,0,1,0,0,1,0,0.55390227,1,Late,Medium Risk
4288,1,2,2,3,147,3,1,0,5,5013,0,0,1,0,0,1,0,0.7579523,1,Late,High Risk
4289,2,2,4,2,151,3,2,1,10,5698,0,1,1,0,0,1,1,0.7341266,1,Late,High Risk
4290,4,2,3,3,259,8,0,0,6,5939,0,0,1,0,1,1,0,0.75333357,1,Late,High Risk
4291,3,2,4,4,211,4,2,1,8,4747,1,1,1,0,0,1,0,0.68111664,1,Late,High Risk
4292,4,2,4,1,249,10,2,1,7,5580,1,1,1,0,1,1,1,0.46944135,0,On Time,Medium Risk
4293,0,2,3,2,133,3,2,1,1,5026,1,0,1,0,0,1,1,0.6447242,1,Late,High Risk
4294,1,2,4,2,258,3,0,1,10,4643,1,1,1,0,1,1,1,0.50619906,1,Late,Medium Risk
4295,2,2,3,4,253,3,0,0,8,5857,0,0,1,0,1,1,0,0.6167175,1,Late,High Risk
4296,4,2,6,5,185,3,0,0,1,5399,1,1,1,0,0,1,0,0.6407011,1,Late,High Risk
4297,3,2,3,4,268,2,2,0,4,1442,1,0,1,1,1,0,0,0.37246612,0,On Time,Medium Risk
4298,4,2,3,3,218,4,2,1,8,1883,0,0,1,1,1,1,0,0.72332215,1,Late,High Risk
4299,0,2,3,5,140,3,1,1,9,4733,0,0,1,0,0,1,0,0.78158826,1,Late,High Risk
4300,1,2,3,3,214,3,2,0,9,5856,0,0,1,0,0,1,0,0.80875945,1,Late,High Risk
4301,2,2,5,4,196,3,2,1,2,5427,1,1,1,0,0,1,0,0.6829553,1,Late,High Risk
4302,4,2,3,2,204,2,0,0,2,5526,0,0,1,0,0,0,1,0.8179008,1,Late,High Risk
4303,3,2,4,1,159,3,1,1,4,4574,0,1,1,0,0,1,1,0.7262512,1,Late,High Risk
4304,4,2,4,3,175,4,2,0,5,5177,1,1,1,0,0,1,0,0.64042985,1,Late,High Risk
4305,0,2,4,4,163,2,1,0,9,4720,0,1,1,0,0,0,0,0.7132832,1,Late,High Risk
4306,1,2,6,1,271,10,2,1,5,5459,0,1,1,0,1,1,1,0.70926386,1,Late,High Risk
4307,2,2,4,3,191,3,2,0,6,4563,0,1,1,0,0,1,0,0.56572694,1,Late,Medium Risk
4308,4,2,4,5,135,3,2,0,6,5266,1,1,1,0,0,1,0,0.6060075,1,Late,High Risk
4309,3,2,4,3,224,3,2,0,9,5283,1,1,1,0,1,1,0,0.5432572,1,Late,Medium Risk
4310,4,2,3,5,142,2,1,0,8,4914,0,0,1,0,0,0,0,0.70984715,1,Late,High Risk
4311,0,2,6,2,246,6,1,0,1,4846,0,1,1,0,1,1,1,0.63648367,1,Late,High Risk
4312,1,2,5,4,165,4,2,1,7,5091,1,1,1,0,0,1,0,0.6882809,1,Late,High Risk
4313,2,2,3,5,150,4,2,0,8,4433,0,0,1,0,0,1,0,0.81758815,1,Late,High Risk
4314,4,2,3,4,170,7,1,1,7,4957,1,0,1,0,0,1,0,0.5700778,1,Late,Medium Risk
4315,3,2,2,1,147,3,1,1,3,4120,1,0,1,0,0,1,1,0.48077807,0,On Time,Medium Risk
4316,4,2,4,3,151,3,2,0,6,5379,1,1,1,0,0,1,0,0.74421257,1,Late,High Risk
4317,0,2,3,2,259,8,0,1,3,4390,1,0,1,0,1,1,1,0.41086525,0,On Time,Medium Risk
4318,1,2,4,5,211,4,2,0,10,4004,0,1,1,0,0,1,0,0.46486428,0,On Time,Medium Risk
4319,2,2,4,4,249,10,2,0,2,4190,0,1,1,0,1,1,0,0.7173521,1,Late,High Risk
4320,4,2,3,5,133,3,2,0,4,5902,0,0,1,0,0,1,0,0.7469886,1,Late,High Risk
4321,3,2,4,3,258,3,0,0,1,4653,0,1,1,0,1,1,0,0.594912,1,Late,Medium Risk
4322,4,2,3,3,253,3,0,1,1,4263,1,0,1,0,1,1,0,0.5213802,1,Late,Medium Risk
4323,0,2,6,1,185,3,0,0,8,4806,0,1,1,0,0,1,1,0.6855997,1,Late,High Risk
4324,1,2,3,4,268,2,2,1,8,1991,1,0,1,1,1,0,0,0.26809305,0,On Time,Low Risk
4325,2,2,4,1,277,5,2,1,3,1527,1,1,1,1,1,1,1,0.65492904,1,Late,High Risk
4326,4,2,2,3,157,4,1,1,3,1203,1,0,1,1,0,1,0,0.4063614,0,On Time,Medium Risk
4327,3,2,5,4,132,6,1,0,8,1327,1,1,1,1,0,1,0,0.044983145,0,On Time,Low Risk
4328,4,2,5,3,104,4,1,1,3,4885,1,1,1,0,0,1,0,0.61785644,1,Late,High Risk
4329,0,2,3,4,213,2,2,0,6,5374,1,0,1,0,0,0,0,0.75480145,1,Late,High Risk
4330,1,2,5,2,172,2,0,0,1,5112,0,1,1,0,0,0,1,0.75023407,1,Late,High Risk
4331,2,2,5,2,168,4,1,1,10,5373,1,1,1,0,0,1,1,0.7234482,1,Late,High Risk
4332,4,2,5,5,192,3,2,1,3,4015,1,1,1,0,0,1,0,0.35113546,0,On Time,Medium Risk
4333,3,2,4,1,189,2,1,1,10,4646,0,1,1,0,0,0,1,0.7843774,1,Late,High Risk
4334,4,2,5,4,255,6,1,1,3,4638,0,1,1,0,1,1,0,0.67772907,1,Late,High Risk
4335,0,2,5,2,152,3,1,0,2,4172,0,1,1,0,0,1,1,0.6790048,1,Late,High Risk
4336,1,2,4,3,171,5,1,0,2,5242,1,1,1,0,0,1,0,0.6378916,1,Late,High Risk
4337,2,2,4,3,177,3,2,0,4,4551,0,1,1,0,0,1,0,0.7273552,1,Late,High Risk
4338,4,2,3,2,160,3,1,0,4,4683,0,0,1,0,0,1,1,0.6294063,1,Late,High Risk
4339,3,2,4,4,233,4,1,1,3,5849,1,1,1,0,1,1,0,0.65790427,1,Late,High Risk
4340,4,2,3,2,216,3,1,0,10,4083,0,0,1,0,1,1,1,0.6614817,1,Late,High Risk
4341,0,2,5,3,222,3,1,0,6,4744,1,1,1,0,1,1,0,0.5855236,1,Late,Medium Risk
4342,1,2,5,3,260,2,1,1,10,5633,0,1,1,0,1,0,0,0.7280376,1,Late,High Risk
4343,2,2,5,1,239,2,1,1,5,5759,1,1,1,0,1,0,1,0.51511014,1,Late,Medium Risk
4344,4,2,4,4,204,2,2,0,9,4462,0,1,1,0,0,0,0,0.76166886,1,Late,High Risk
4345,3,2,3,3,116,5,1,0,6,4524,0,0,1,0,0,1,0,0.8267323,1,Late,High Risk
4346,4,2,4,3,245,3,1,1,8,4826,0,1,1,0,1,1,0,0.6344577,1,Late,High Risk
4347,0,2,4,4,280,5,1,0,3,5034,0,1,1,0,1,1,0,0.78836906,1,Late,High Risk
4348,1,2,3,5,155,4,1,1,6,5386,0,0,1,0,0,1,0,0.73739994,1,Late,High Risk
4349,2,2,3,2,139,5,1,1,8,4595,0,0,1,0,0,1,1,0.7727269,1,Late,High Risk
4350,4,2,5,4,237,3,0,1,9,5401,0,1,1,0,1,1,0,0.7584598,1,Late,High Risk
4351,3,2,2,5,211,4,1,1,1,5673,0,0,1,0,0,1,0,0.81755453,1,Late,High Risk
4352,4,2,3,4,220,3,2,0,5,5078,0,0,1,0,1,1,0,0.68503135,1,Late,High Risk
4353,0,2,5,1,134,2,1,1,8,5646,0,1,1,0,0,0,1,0.7257733,1,Late,High Risk
4354,1,2,3,2,208,2,1,0,7,4582,1,0,1,0,0,0,1,0.6683475,1,Late,High Risk
4355,2,2,5,3,198,4,2,1,2,5316,0,1,1,0,0,1,0,0.71233416,1,Late,High Risk
4356,4,2,5,1,277,4,1,1,2,5496,0,1,1,0,1,1,1,0.6003891,1,Late,High Risk
4357,3,2,4,3,144,3,1,1,1,5881,0,1,1,0,0,1,0,0.6659134,1,Late,High Risk
4358,4,1,5,1,201,3,1,1,4,5166,1,1,1,0,0,1,1,0.67717963,1,Late,High Risk
4359,0,1,3,1,201,4,2,0,9,5721,1,0,1,0,0,1,1,0.59724045,1,Late,Medium Risk
4360,1,1,5,1,236,2,1,0,2,4987,1,1,1,0,1,0,1,0.6515037,1,Late,High Risk
4361,2,1,4,5,142,2,1,1,2,5150,1,1,1,0,0,0,0,0.7280646,1,Late,High Risk
4362,4,1,5,1,172,5,2,0,1,4730,0,1,1,0,0,1,1,0.76230145,1,Late,High Risk
4363,3,1,4,3,217,2,2,0,2,5442,0,1,1,0,1,0,0,0.7040754,1,Late,High Risk
4364,4,1,4,2,231,3,0,1,3,5112,0,1,1,0,1,1,1,0.66936123,1,Late,High Risk
4365,0,1,3,1,200,2,1,0,5,4884,0,0,1,0,0,0,1,0.5995815,1,Late,Medium Risk
4366,1,1,5,2,260,6,0,1,10,4087,1,1,1,0,1,1,1,0.38804853,0,On Time,Medium Risk
4367,2,1,2,5,216,3,2,0,2,5098,0,0,1,0,1,1,0,0.67446464,1,Late,High Risk
4368,4,1,5,1,215,2,1,1,3,4700,0,1,1,0,1,0,1,0.675148,1,Late,High Risk
4369,3,1,5,3,217,3,1,1,6,4934,1,1,1,0,1,1,0,0.5711446,1,Late,Medium Risk
4370,4,1,3,5,244,3,1,1,3,4652,1,0,1,0,1,1,0,0.5112605,1,Late,Medium Risk
4371,0,1,4,2,221,3,1,1,10,5632,0,1,1,0,1,1,1,0.66455054,1,Late,High Risk
4372,1,1,4,1,207,2,2,1,4,4099,0,1,1,0,0,0,1,0.63125247,1,Late,High Risk
4373,2,1,3,3,190,3,2,1,2,4468,1,0,1,0,0,1,0,0.59595466,1,Late,Medium Risk
4374,4,1,3,5,199,4,1,1,7,4520,0,0,1,0,0,1,0,0.727336,1,Late,High Risk
4375,3,1,6,1,246,3,2,1,7,4733,1,1,1,0,1,1,1,0.55610394,1,Late,Medium Risk
4376,4,1,3,5,195,3,2,0,10,5585,0,0,1,0,0,1,0,0.69450605,1,Late,High Risk
4377,0,1,3,2,244,3,2,1,10,4636,1,0,1,0,1,1,1,0.68790805,1,Late,High Risk
4378,1,1,2,2,158,3,0,0,1,4149,0,0,1,0,0,1,1,0.67891383,1,Late,High Risk
4379,2,1,4,2,254,4,1,0,4,5137,1,1,1,0,1,1,1,0.68151695,1,Late,High Risk
4380,4,0,3,1,236,2,2,0,8,5591,0,0,1,0,1,0,1,0.6730547,1,Late,High Risk
4381,3,0,5,1,255,4,2,1,9,4881,1,1,1,0,1,1,1,0.6812491,1,Late,High Risk
4382,4,0,3,1,224,2,1,1,9,4007,1,0,1,0,1,0,1,0.42711288,0,On Time,Medium Risk
4383,0,0,2,2,204,4,0,1,5,5382,0,0,1,0,0,1,1,0.7414875,1,Late,High Risk
4384,1,0,3,3,150,2,2,1,3,5836,0,0,1,0,0,0,0,0.76997936,1,Late,High Risk
4385,2,0,3,3,134,2,0,1,1,5646,0,0,1,0,0,0,0,0.8368195,1,Late,High Risk
4386,4,0,3,3,157,4,1,1,7,5974,1,0,1,0,0,1,0,0.67863834,1,Late,High Risk
4387,3,0,3,2,257,2,2,0,1,4132,1,0,1,0,1,0,1,0.42177275,0,On Time,Medium Risk
4388,4,0,5,2,165,3,2,0,10,5598,0,1,1,0,0,1,1,0.7018523,1,Late,High Risk
4389,0,0,5,4,175,4,1,1,4,4505,0,1,1,0,0,1,0,0.7422581,1,Late,High Risk
4390,1,0,3,3,201,2,2,0,8,5032,1,0,1,0,0,0,0,0.5498978,1,Late,Medium Risk
4391,2,0,3,3,175,2,2,1,2,4814,0,0,1,0,0,0,0,0.66000247,1,Late,High Risk
4392,4,0,4,2,185,5,1,1,7,4694,1,1,1,0,0,1,1,0.65754944,1,Late,High Risk
4393,3,0,4,3,202,3,1,1,7,5678,1,1,1,0,0,1,0,0.44371197,0,On Time,Medium Risk
4394,4,0,3,4,270,2,1,1,4,4681,0,0,1,0,1,0,0,0.6045795,1,Late,High Risk
4395,0,0,5,3,175,3,1,1,7,4833,1,1,1,0,0,1,0,0.5338986,1,Late,Medium Risk
4396,1,0,4,3,149,3,2,0,3,4781,1,1,1,0,0,1,0,0.6335661,1,Late,High Risk
4397,2,0,3,1,223,3,2,0,4,4495,1,0,1,0,1,1,1,0.5165641,1,Late,Medium Risk
4398,4,0,5,2,143,4,1,0,10,5400,0,1,1,0,0,1,1,0.84146845,1,Late,High Risk
4399,3,0,3,3,203,3,2,1,7,4977,1,0,1,0,0,1,0,0.60053486,1,Late,High Risk
4400,4,0,4,4,165,6,1,0,5,4640,1,1,1,0,0,1,0,0.6315568,1,Late,High Risk
4401,0,0,4,3,255,6,1,1,3,4278,1,1,1,0,1,1,0,0.5569417,1,Late,Medium Risk
4402,1,2,4,3,218,2,1,0,7,4423,0,1,1,0,1,0,0,0.6268464,1,Late,High Risk
4403,2,2,4,2,193,2,2,0,1,5909,0,1,1,0,0,0,1,0.746665,1,Late,High Risk
4404,4,2,5,3,187,3,1,0,3,4343,0,1,1,0,0,1,0,0.6690512,1,Late,High Risk
4405,3,2,3,4,246,3,1,1,1,4020,1,0,1,0,1,1,0,0.3702628,0,On Time,Medium Risk
4406,4,2,3,2,237,3,2,0,10,5851,0,0,1,0,1,1,1,0.78236717,1,Late,High Risk
4407,0,2,3,3,269,3,2,1,5,4197,1,0,1,0,1,1,0,0.578413,1,Late,Medium Risk
4408,1,2,3,5,107,5,1,0,4,5624,0,0,1,0,0,1,0,0.7041922,1,Late,High Risk
4409,2,2,3,3,147,3,1,1,4,5805,0,0,1,0,0,1,0,0.7921262,1,Late,High Risk
4410,4,2,3,4,111,5,2,0,1,4102,0,0,1,0,0,1,0,0.59698343,1,Late,Medium Risk
4411,3,2,3,5,197,3,2,0,2,4018,1,0,1,0,0,1,0,0.33835894,0,On Time,Medium Risk
4412,4,2,3,4,257,4,1,1,9,4537,0,0,1,0,1,1,0,0.7228458,1,Late,High Risk
4413,0,2,5,4,269,2,2,0,2,5276,0,1,1,0,1,0,0,0.585122,1,Late,Medium Risk
4414,1,2,3,2,224,2,2,0,3,4405,0,0,1,0,1,0,1,0.61233896,1,Late,High Risk
4415,2,2,3,3,262,2,2,0,10,5032,0,0,1,0,1,0,0,0.6554746,1,Late,High Risk
4416,4,2,5,3,181,3,0,1,7,5675,1,1,1,0,0,1,0,0.5062231,1,Late,Medium Risk
4417,3,2,3,5,159,3,2,1,9,4555,0,0,1,0,0,1,0,0.75947034,1,Late,High Risk
4418,4,2,3,2,207,2,1,1,9,4671,0,0,1,0,0,0,1,0.74057966,1,Late,High Risk
4419,0,2,3,1,238,3,2,0,5,4399,1,0,1,0,1,1,1,0.66584074,1,Late,High Risk
4420,1,2,2,3,239,3,0,1,1,5910,0,0,1,0,1,1,0,0.6090605,1,Late,High Risk
4421,2,2,4,5,206,2,1,0,10,4264,1,1,1,0,0,0,0,0.66035235,1,Late,High Risk
4422,4,2,4,1,159,4,1,1,5,5420,1,1,1,0,0,1,1,0.71988374,1,Late,High Risk
4423,3,2,3,4,207,2,2,1,10,4706,0,0,1,0,0,0,0,0.72455764,1,Late,High Risk
4424,4,2,4,3,262,2,1,1,10,5524,1,1,1,0,1,0,0,0.63182616,1,Late,High Risk
4425,0,2,3,3,251,2,1,1,3,5168,0,0,1,0,1,0,0,0.5836641,1,Late,Medium Risk
4426,1,2,5,5,188,3,1,0,7,4485,1,1,1,0,0,1,0,0.6526561,1,Late,High Risk
4427,2,2,5,3,254,2,1,0,4,5014,0,1,1,0,1,0,0,0.62623745,1,Late,High Risk
4428,4,2,4,1,234,3,0,1,10,4375,0,1,1,0,1,1,1,0.7092045,1,Late,High Risk
4429,3,2,3,5,246,3,2,0,2,5653,1,0,1,0,1,1,0,0.61741614,1,Late,High Risk
4430,4,2,4,2,158,3,1,1,3,4527,0,1,1,0,0,1,1,0.73463595,1,Late,High Risk
4431,0,2,4,1,220,3,2,1,4,4314,0,1,1,0,1,1,1,0.6636542,1,Late,High Risk
4432,1,2,4,2,257,3,2,1,8,5045,1,1,1,0,1,1,1,0.56695735,1,Late,Medium Risk
4433,2,2,4,4,143,2,2,0,3,5630,1,1,1,0,0,0,0,0.73369706,1,Late,High Risk
4434,4,2,4,5,163,3,0,1,4,5863,0,1,1,0,0,1,0,0.65472776,1,Late,High Risk
4435,3,2,3,3,171,4,1,1,8,4502,0,0,1,0,0,1,0,0.70266706,1,Late,High Risk
4436,4,2,3,3,261,4,2,0,7,4542,1,0,1,0,1,1,0,0.61718833,1,Late,High Risk
4437,0,2,3,4,212,3,2,1,10,4663,0,0,1,0,0,1,0,0.6937334,1,Late,High Risk
4438,1,2,3,4,176,2,1,0,10,4920,0,0,1,0,0,0,0,0.7050276,1,Late,High Risk
4439,2,2,4,1,257,4,1,1,5,5875,1,1,1,0,1,1,1,0.70757306,1,Late,High Risk
4440,4,2,4,4,133,2,1,0,10,4768,1,1,1,0,0,0,0,0.63822883,1,Late,High Risk
4441,3,2,3,2,153,3,2,0,3,5251,0,0,1,0,0,1,1,0.65962243,1,Late,High Risk
4442,4,2,6,4,218,6,2,1,1,4625,1,1,1,0,1,1,0,0.7567258,1,Late,High Risk
4443,0,2,4,5,164,2,1,0,9,5453,0,1,1,0,0,0,0,0.7043449,1,Late,High Risk
4444,1,2,3,2,256,2,2,0,9,4228,1,0,1,0,1,0,1,0.6698011,1,Late,High Risk
4445,2,2,2,2,150,2,2,0,9,4917,1,0,1,0,0,0,1,0.5848157,1,Late,Medium Risk
4446,4,2,2,4,107,4,0,0,4,4451,1,0,1,0,0,1,0,0.5849426,1,Late,Medium Risk
4447,3,2,6,3,219,4,2,1,6,4885,1,1,1,0,1,1,0,0.64275926,1,Late,High Risk
4448,4,2,6,1,237,5,0,1,2,5364,0,1,1,0,1,1,1,0.72960013,1,Late,High Risk
4449,0,2,5,1,246,2,1,0,4,5461,0,1,1,0,1,0,1,0.6840804,1,Late,High Risk
4450,1,2,4,3,198,3,2,0,1,5846,1,1,1,0,0,1,0,0.6051185,1,Late,High Risk
4451,2,2,4,4,176,6,0,1,5,4494,1,1,1,0,0,1,0,0.48486507,0,On Time,Medium Risk
4452,4,2,5,2,168,2,0,0,3,4928,0,1,1,0,0,0,1,0.74660015,1,Late,High Risk
4453,3,2,5,2,173,4,2,1,4,5363,0,1,1,0,0,1,1,0.76377386,1,Late,High Risk
4454,4,2,4,4,106,2,1,0,10,5173,1,1,1,0,0,0,0,0.4517336,0,On Time,Medium Risk
4455,0,2,3,1,171,2,2,0,7,4010,1,0,1,0,0,0,1,0.56270343,1,Late,Medium Risk
4456,1,2,5,1,224,2,2,1,4,5063,0,1,1,0,1,0,1,0.6381567,1,Late,High Risk
4457,2,2,4,2,216,4,2,1,3,4887,1,1,1,0,1,1,1,0.65009356,1,Late,High Risk
4458,4,2,3,3,174,3,2,0,2,4221,0,0,1,0,0,1,0,0.6812732,1,Late,High Risk
4459,3,2,4,4,261,6,2,0,10,4596,1,1,1,0,1,1,0,0.63698727,1,Late,High Risk
4460,4,2,4,3,229,3,1,0,3,5027,0,1,1,0,1,1,0,0.6197604,1,Late,High Risk
4461,0,2,4,5,214,3,0,1,6,5646,0,1,1,0,0,1,0,0.7076422,1,Late,High Risk
4462,1,2,4,5,199,5,2,1,8,5669,1,1,1,0,0,1,0,0.5892424,1,Late,Medium Risk
4463,2,2,5,4,182,3,2,0,7,5677,1,1,1,0,0,1,0,0.6103777,1,Late,High Risk
4464,4,2,4,1,152,3,1,1,4,5299,0,1,1,0,0,1,1,0.710972,1,Late,High Risk
4465,3,2,4,5,258,2,2,1,6,5062,1,1,1,0,1,0,0,0.6811027,1,Late,High Risk
4466,4,2,6,2,182,3,1,1,7,4371,1,1,1,0,0,1,1,0.65168846,1,Late,High Risk
4467,0,2,2,4,166,3,1,1,8,4968,1,0,1,0,0,1,0,0.7256568,1,Late,High Risk
4468,1,2,2,3,176,3,1,0,6,5006,0,0,1,0,0,1,0,0.74595046,1,Late,High Risk
4469,2,2,3,1,193,3,2,1,3,5154,0,0,1,0,0,1,1,0.71748567,1,Late,High Risk
4470,4,2,4,4,135,2,1,0,10,4508,1,1,1,0,0,0,0,0.7190678,1,Late,High Risk
4471,3,2,6,5,213,4,2,0,3,5549,0,1,1,0,0,1,0,0.7298133,1,Late,High Risk
4472,4,2,5,5,168,3,1,0,6,4088,1,1,1,0,0,1,0,0.45541343,0,On Time,Medium Risk
4473,0,2,3,3,264,3,2,0,6,4247,1,0,1,0,1,1,0,0.58409446,1,Late,Medium Risk
4474,1,2,3,1,173,2,1,1,10,4115,1,0,1,0,0,0,1,0.6422087,1,Late,High Risk
4475,2,2,6,3,142,2,1,0,9,5360,1,1,1,0,0,0,0,0.7013347,1,Late,High Risk
4476,4,2,2,2,278,2,2,0,9,4318,0,0,1,0,1,0,1,0.6542459,1,Late,High Risk
4477,3,2,3,3,197,2,2,1,10,5255,0,0,1,0,0,0,0,0.6920946,1,Late,High Risk
4478,4,2,5,4,226,2,1,1,6,4547,0,1,1,0,1,0,0,0.7381489,1,Late,High Risk
4479,0,2,3,2,197,5,2,0,9,4291,1,0,1,0,0,1,1,0.7546114,1,Late,High Risk
4480,1,2,4,5,189,2,2,1,6,5439,1,1,1,0,0,0,0,0.7689668,1,Late,High Risk
4481,2,2,2,1,210,2,2,0,6,5250,0,0,1,0,0,0,1,0.7728811,1,Late,High Risk
4482,4,2,5,2,149,2,2,0,8,5396,0,1,1,0,0,0,1,0.8227819,1,Late,High Risk
4483,3,2,5,4,171,5,2,1,1,5749,0,1,1,0,0,1,0,0.6734544,1,Late,High Risk
4484,4,2,5,3,243,3,2,0,10,4524,1,1,1,0,1,1,0,0.68973917,1,Late,High Risk
4485,0,2,4,5,171,4,1,0,4,5265,0,1,1,0,0,1,0,0.7387643,1,Late,High Risk
4486,1,2,5,3,215,4,1,1,5,5915,1,1,1,0,1,1,0,0.5818214,1,Late,Medium Risk
4487,2,2,3,4,174,3,2,0,4,4051,0,0,1,0,0,1,0,0.70284325,1,Late,High Risk
4488,4,2,6,4,210,5,2,1,2,4651,0,1,1,0,0,1,0,0.76597273,1,Late,High Risk
4489,3,2,4,4,135,2,1,0,4,5112,0,1,1,0,0,0,0,0.7308251,1,Late,High Risk
4490,4,2,3,2,134,3,1,1,6,4778,1,0,1,0,0,1,1,0.61792976,1,Late,High Risk
4491,0,2,2,5,166,4,2,0,3,4638,0,0,1,0,0,1,0,0.8781153,1,Late,High Risk
4492,1,2,5,1,174,3,1,1,10,4008,0,1,1,0,0,1,1,0.6284204,1,Late,High Risk
4493,2,2,4,4,252,4,2,0,4,4832,0,1,1,0,1,1,0,0.6414734,1,Late,High Risk
4494,4,2,5,2,219,4,1,0,7,4787,1,1,1,0,1,1,1,0.7038745,1,Late,High Risk
4495,3,1,4,5,244,2,2,0,7,5325,1,1,1,0,1,0,0,0.6232329,1,Late,High Risk
4496,4,1,5,5,132,3,1,1,5,4195,1,1,1,0,0,1,0,0.5180327,1,Late,Medium Risk
4497,0,1,4,2,223,4,1,1,2,5709,0,1,1,0,1,1,1,0.6656164,1,Late,High Risk
4498,1,1,3,4,260,4,1,0,10,4109,0,0,1,0,1,1,0,0.53550637,1,Late,Medium Risk
4499,2,1,3,4,269,2,2,1,6,5951,0,0,1,0,1,0,0,0.79040515,1,Late,High Risk
4500,4,1,3,5,170,3,1,0,5,5064,0,0,1,0,0,1,0,0.6629681,1,Late,High Risk
4501,3,1,2,5,170,5,1,0,10,5621,1,0,1,0,0,1,0,0.7586393,1,Late,High Risk
4502,4,1,4,2,173,2,2,1,2,5327,0,1,1,0,0,0,1,0.7753838,1,Late,High Risk
4503,0,1,4,5,148,8,2,1,6,5700,0,1,1,0,0,1,0,0.48712048,0,On Time,Medium Risk
4504,1,1,3,5,174,6,2,0,7,4608,0,0,1,0,0,1,0,0.8056685,1,Late,High Risk
4505,2,1,6,2,263,6,1,0,4,4591,1,1,1,0,1,1,1,0.62887865,1,Late,High Risk
4506,4,1,4,4,142,10,0,0,7,5425,1,1,1,0,0,1,0,0.49219584,0,On Time,Medium Risk
4507,3,1,3,3,183,3,1,1,2,4363,0,0,1,0,0,1,0,0.5723365,1,Late,Medium Risk
4508,4,1,6,1,174,10,2,0,1,5784,1,1,1,0,0,1,1,0.4068677,0,On Time,Medium Risk
4509,0,1,4,1,140,3,1,1,4,5210,1,1,1,0,0,1,1,0.6623337,1,Late,High Risk
4510,1,1,6,5,154,2,0,1,7,4359,1,1,1,0,0,0,0,0.598845,1,Late,Medium Risk
4511,2,1,4,2,108,10,2,1,5,4645,0,1,1,0,0,1,1,0.850788,1,Late,High Risk
4512,4,1,5,2,198,3,1,0,8,4680,0,1,1,0,0,1,1,0.6514396,1,Late,High Risk
4513,3,1,4,2,266,3,0,1,5,4831,1,1,1,0,1,1,1,0.56600714,1,Late,Medium Risk
4514,4,1,4,4,197,5,1,1,8,4793,0,1,1,0,0,1,0,0.6902541,1,Late,High Risk
4515,0,1,3,1,219,8,1,0,1,4122,1,0,1,0,1,1,1,0.32677767,0,On Time,Medium Risk
4516,1,1,2,4,255,7,1,0,9,5224,1,0,1,0,1,1,0,0.5222475,1,Late,Medium Risk
4517,2,0,3,1,255,7,1,0,3,4477,0,0,1,0,1,1,1,0.5635655,1,Late,Medium Risk
4518,4,0,5,4,219,4,1,0,8,4540,0,1,1,0,1,1,0,0.69389707,1,Late,High Risk
4519,3,0,4,4,244,2,2,0,7,5543,1,1,1,0,1,0,0,0.59090143,1,Late,Medium Risk
4520,4,0,5,5,132,3,1,1,3,4263,0,1,1,0,0,1,0,0.67594486,1,Late,High Risk
4521,0,0,4,4,223,4,1,1,3,5613,0,1,1,0,1,1,0,0.65987664,1,Late,High Risk
4522,1,0,3,3,260,4,1,1,8,5595,1,0,1,0,1,1,0,0.54733735,1,Late,Medium Risk
4523,2,0,3,1,269,2,2,1,6,5703,1,0,1,0,1,0,1,0.59317017,1,Late,Medium Risk
4524,4,0,3,1,170,3,1,1,3,4454,1,0,1,0,0,1,1,0.551304,1,Late,Medium Risk
4525,3,0,2,4,170,5,1,1,10,5448,0,0,1,0,0,1,0,0.71285045,1,Late,High Risk
4526,4,0,4,5,173,2,2,0,5,4776,1,1,1,0,0,0,0,0.59481364,1,Late,Medium Risk
4527,0,0,4,1,148,8,2,1,5,4851,1,1,1,0,0,1,1,0.68152314,1,Late,High Risk
4528,1,0,3,1,174,6,2,0,4,4910,1,0,1,0,0,1,1,0.60919327,1,Late,High Risk
4529,2,0,6,1,263,6,1,1,10,5826,0,1,1,0,1,1,1,0.7177009,1,Late,High Risk
4530,4,0,4,5,142,10,0,0,5,4147,1,1,1,0,0,1,0,0.51110625,1,Late,Medium Risk
4531,3,0,3,3,183,3,1,1,4,5322,0,0,1,0,0,1,0,0.6934708,1,Late,High Risk
4532,4,0,6,1,174,10,2,1,7,4287,0,1,1,0,0,1,1,0.69439024,1,Late,High Risk
4533,0,0,4,5,140,3,1,0,7,5383,0,1,1,0,0,1,0,0.76629466,1,Late,High Risk
4534,1,0,6,3,154,2,0,1,7,4732,0,1,1,0,0,0,0,0.58038074,1,Late,Medium Risk
4535,2,0,4,5,108,10,2,0,7,5928,1,1,1,0,0,1,0,0.2985058,0,On Time,Low Risk
4536,4,0,5,3,198,3,1,0,6,5061,1,1,1,0,0,1,0,0.5530077,1,Late,Medium Risk
4537,3,0,4,2,266,3,0,1,1,5532,1,1,1,0,1,1,1,0.63671213,1,Late,High Risk
4538,4,0,4,3,197,5,1,0,8,4209,1,1,1,0,0,1,0,0.56028515,1,Late,Medium Risk
4539,0,2,3,1,219,8,1,1,2,5334,0,0,1,0,1,1,1,0.6234333,1,Late,High Risk
4540,1,2,2,4,255,7,1,1,10,5875,0,0,1,0,1,1,0,0.8828101,1,Late,High Risk
4541,2,2,3,2,255,7,1,0,3,5936,0,0,1,0,1,1,1,0.67436665,1,Late,High Risk
4542,4,2,6,2,247,4,1,0,3,1752,0,1,1,1,1,1,1,0.6489861,1,Late,High Risk
4543,3,2,5,1,275,4,2,0,6,1569,0,1,1,1,1,1,1,0.6715853,1,Late,High Risk
4544,4,2,6,5,291,4,1,1,3,1102,1,1,1,1,1,1,0,0.3863587,0,On Time,Medium Risk
4545,0,2,6,4,265,4,1,0,9,1511,0,1,1,1,1,1,0,0.7339555,1,Late,High Risk
4546,1,2,7,1,250,5,2,1,8,1776,0,1,1,1,1,1,1,0.5663311,1,Late,Medium Risk
4547,2,2,7,1,291,4,1,0,9,1880,1,1,1,1,1,1,1,0.45522285,0,On Time,Medium Risk
4548,4,2,6,4,255,4,1,0,3,1569,1,1,1,1,1,1,0,0.6064705,1,Late,High Risk
4549,3,2,6,5,290,4,2,0,3,1463,1,1,1,1,1,1,0,0.60002273,1,Late,High Risk
4550,4,2,5,5,276,4,1,0,7,1742,0,1,1,1,1,1,0,0.48920417,0,On Time,Medium Risk
4551,0,2,4,3,149,3,2,0,1,1448,1,1,1,1,0,1,0,0.056707904,0,On Time,Low Risk
4552,1,2,6,2,310,4,2,0,5,1791,1,1,1,1,1,1,1,0.75407106,1,Late,High Risk
4553,2,2,7,5,273,4,1,0,7,1364,0,1,1,1,1,1,0,0.61472213,1,Late,High Risk
4554,4,2,6,3,244,4,1,0,5,1668,1,1,1,1,1,1,0,0.66437095,1,Late,High Risk
4555,3,2,6,4,275,4,1,0,4,1192,1,1,1,1,1,1,0,0.6656563,1,Late,High Risk
4556,4,2,7,2,308,4,1,0,7,1176,0,1,1,1,1,1,1,0.77126545,1,Late,High Risk
4557,0,2,6,5,264,4,1,1,6,1005,0,1,1,1,1,1,0,0.8659132,1,Late,High Risk
4558,1,2,6,2,256,5,2,0,2,1449,1,1,1,1,1,1,1,0.6661329,1,Late,High Risk
4559,2,2,5,1,252,4,2,1,4,1837,0,1,1,1,1,1,1,0.64982504,1,Late,High Risk
4560,4,2,6,2,244,4,1,0,4,1245,1,1,1,1,1,1,1,0.5450661,1,Late,Medium Risk
4561,3,2,6,1,280,4,2,1,5,1431,0,1,1,1,1,1,1,0.7345701,1,Late,High Risk
4562,4,2,5,3,227,4,1,0,10,1317,1,1,1,1,1,1,0,0.66459715,1,Late,High Risk
4563,0,2,6,4,272,4,1,0,7,1706,1,1,1,1,1,1,0,0.65494627,1,Late,High Risk
4564,1,2,6,2,274,4,2,1,8,1626,1,1,1,1,1,1,1,0.6738232,1,Late,High Risk
4565,2,2,6,3,310,4,1,0,2,1817,0,1,1,1,1,1,0,0.52860314,1,Late,Medium Risk
4566,4,2,6,2,282,5,2,1,5,1818,1,1,1,1,1,1,1,0.622221,1,Late,High Risk
4567,3,2,6,1,247,4,2,0,10,1783,0,1,1,1,1,1,1,0.7174514,1,Late,High Risk
4568,4,2,4,2,262,4,1,1,2,5311,0,1,1,0,1,1,1,0.7008509,1,Late,High Risk
4569,0,2,3,3,213,3,2,1,7,4133,0,0,1,0,0,1,0,0.6349791,1,Late,High Risk
4570,1,2,4,5,136,3,2,1,7,4817,1,1,1,0,0,1,0,0.53432244,1,Late,Medium Risk
4571,2,2,3,5,134,2,1,0,4,5291,0,0,1,0,0,0,0,0.7466689,1,Late,High Risk
4572,4,2,2,2,171,2,2,0,6,5105,0,0,1,0,0,0,1,0.67447746,1,Late,High Risk
4573,3,2,3,2,182,2,1,1,10,4391,1,0,1,0,0,0,1,0.70199186,1,Late,High Risk
4574,4,2,4,4,185,3,2,1,9,4469,0,1,1,0,0,1,0,0.6783708,1,Late,High Risk
4575,0,2,4,2,271,3,2,0,4,5902,0,1,1,0,1,1,1,0.6161934,1,Late,High Risk
4576,1,2,4,1,166,5,1,0,1,5463,1,1,1,0,0,1,1,0.67068267,1,Late,High Risk
4577,2,2,4,2,196,2,1,1,4,5852,0,1,1,0,0,0,1,0.77980524,1,Late,High Risk
4578,4,2,4,4,157,4,1,1,6,4175,0,1,1,0,0,1,0,0.5726473,1,Late,Medium Risk
4579,3,2,4,4,218,2,1,1,4,4104,1,1,1,0,1,0,0,0.5601596,1,Late,Medium Risk
4580,4,2,4,3,142,3,2,0,6,5930,0,1,1,0,0,1,0,0.68608534,1,Late,High Risk
4581,0,2,3,1,237,2,1,1,9,4626,1,0,1,0,1,0,1,0.73547006,1,Late,High Risk
4582,1,2,6,3,213,4,1,0,2,5349,0,1,1,0,0,1,0,0.70199,1,Late,High Risk
4583,2,2,5,1,241,2,2,0,3,5391,1,1,1,0,1,0,1,0.63342327,1,Late,High Risk
4584,4,2,2,2,170,3,0,0,7,4284,1,0,1,0,0,1,1,0.56566316,1,Late,Medium Risk
4585,3,2,3,1,156,3,2,1,9,4278,0,0,1,0,0,1,1,0.72760284,1,Late,High Risk
4586,4,2,3,4,228,3,2,0,8,5419,0,0,1,0,1,1,0,0.71488124,1,Late,High Risk
4587,0,2,3,1,145,3,0,0,10,4364,0,0,1,0,0,1,1,0.6933611,1,Late,High Risk
4588,1,2,4,1,145,3,1,1,3,5618,1,1,1,0,0,1,1,0.73137677,1,Late,High Risk
4589,2,2,3,4,166,3,2,0,8,4369,1,0,1,0,0,1,0,0.68711567,1,Late,High Risk
4590,4,2,5,5,106,5,2,0,4,4410,1,1,1,0,0,1,0,0.6610147,1,Late,High Risk
4591,3,2,5,3,210,3,0,0,4,4819,0,1,1,0,0,1,0,0.4988296,0,On Time,Medium Risk
4592,4,2,2,1,235,3,2,0,6,4411,1,0,1,0,1,1,1,0.67474395,1,Late,High Risk
4593,0,2,4,2,142,2,2,0,5,4062,0,1,1,0,0,0,1,0.58247393,1,Late,Medium Risk
4594,1,2,3,4,271,3,1,0,9,4889,1,0,1,0,1,1,0,0.5832568,1,Late,Medium Risk
4595,2,2,4,5,245,3,2,0,2,5439,1,1,1,0,1,1,0,0.6083851,1,Late,High Risk
4596,4,2,4,2,192,4,2,0,2,5503,0,1,1,0,0,1,1,0.7720637,1,Late,High Risk
4597,3,2,5,4,270,3,2,1,9,4992,1,1,1,0,1,1,0,0.56065756,1,Late,Medium Risk
4598,4,2,4,4,197,3,1,0,7,5099,0,1,1,0,0,1,0,0.67166424,1,Late,High Risk
4599,0,2,2,1,255,3,2,0,1,5929,0,0,1,0,1,1,1,0.7614141,1,Late,High Risk
4600,1,2,5,3,223,2,2,0,9,5735,0,1,1,0,1,0,0,0.675419,1,Late,High Risk
4601,2,2,3,5,256,3,1,1,7,4366,1,0,1,0,1,1,0,0.5635972,1,Late,Medium Risk
4602,4,2,4,2,229,2,1,1,9,5026,0,1,1,0,1,0,1,0.72133315,1,Late,High Risk
4603,3,2,3,3,233,3,1,0,5,4976,1,0,1,0,1,1,0,0.5186469,1,Late,Medium Risk
4604,4,2,3,4,164,6,2,0,4,5567,1,0,1,0,0,1,0,0.6702324,1,Late,High Risk
4605,0,2,3,1,171,2,2,0,6,5704,1,0,1,0,0,0,1,0.72819346,1,Late,High Risk
4606,1,2,5,2,178,5,1,0,5,5167,0,1,1,0,0,1,1,0.70837,1,Late,High Risk
4607,2,2,3,1,233,2,0,1,1,5073,1,0,1,0,1,0,1,0.5234187,1,Late,Medium Risk
4608,4,2,3,1,232,2,2,0,2,5104,1,0,1,0,1,0,1,0.67464715,1,Late,High Risk
4609,3,2,4,2,236,3,1,0,1,4076,0,1,1,0,1,1,1,0.62591547,1,Late,High Risk
4610,4,2,3,2,197,3,2,0,3,4491,0,0,1,0,0,1,1,0.65790635,1,Late,High Risk
4611,0,2,3,3,152,3,1,1,6,5749,1,0,1,0,0,1,0,0.68613946,1,Late,High Risk
4612,1,2,3,4,219,2,2,1,7,4883,1,0,1,0,1,0,0,0.63207877,1,Late,High Risk
4613,2,2,4,2,205,2,1,0,10,5580,0,1,1,0,0,0,1,0.69476813,1,Late,High Risk
4614,4,2,3,2,142,2,1,1,7,4082,0,0,1,0,0,0,1,0.6328119,1,Late,High Risk
4615,3,2,6,4,112,4,2,0,9,4005,1,1,1,0,0,1,0,0.27451164,0,On Time,Low Risk
4616,4,2,2,2,254,2,1,0,8,5827,0,0,1,0,1,0,1,0.71239126,1,Late,High Risk
4617,0,2,4,3,256,3,0,0,1,4323,0,1,1,0,1,1,0,0.5753974,1,Late,Medium Risk
4618,1,2,4,4,168,4,2,0,4,4676,0,1,1,0,0,1,0,0.6442322,1,Late,High Risk
4619,2,2,3,4,171,3,1,0,5,5872,0,0,1,0,0,1,0,0.79912066,1,Late,High Risk
4620,4,2,6,5,215,4,2,1,5,5409,1,1,1,0,1,1,0,0.61973083,1,Late,High Risk
4621,3,2,3,3,169,3,1,0,9,4317,1,0,1,0,0,1,0,0.67151546,1,Late,High Risk
4622,4,2,3,3,149,4,2,0,3,5944,1,0,1,0,0,1,0,0.5444117,1,Late,Medium Risk
4623,0,2,4,1,223,3,1,0,9,4832,0,1,1,0,1,1,1,0.6645901,1,Late,High Risk
4624,1,2,5,3,224,2,1,1,6,5962,1,1,1,0,1,0,0,0.80543256,1,Late,High Risk
4625,2,2,2,5,186,2,2,1,10,4506,0,0,1,0,0,0,0,0.7982717,1,Late,High Risk
4626,4,2,4,4,184,3,2,0,2,5381,0,1,1,0,0,1,0,0.76534337,1,Late,High Risk
4627,3,2,3,1,152,3,1,0,3,5839,1,0,1,0,0,1,1,0.6937544,1,Late,High Risk
4628,4,2,5,3,249,2,1,0,9,4568,0,1,1,0,1,0,0,0.75226206,1,Late,High Risk
4629,0,2,3,3,173,5,2,0,10,5840,0,0,1,0,0,1,0,0.81093353,1,Late,High Risk
4630,1,2,5,5,167,2,2,1,2,5908,0,1,1,0,0,0,0,0.68099016,1,Late,High Risk
4631,2,2,5,2,230,2,2,1,9,4483,0,1,1,0,1,0,1,0.732811,1,Late,High Risk
4632,4,1,5,3,237,3,1,0,8,5131,0,1,1,0,1,1,0,0.6613691,1,Late,High Risk
4633,3,1,3,4,202,5,0,1,5,4632,0,0,1,0,0,1,0,0.64168614,1,Late,High Risk
4634,4,1,4,3,134,4,1,1,3,5233,0,1,1,0,0,1,0,0.7836335,1,Late,High Risk
4635,0,1,5,3,263,3,2,0,2,4688,0,1,1,0,1,1,0,0.5641154,1,Late,Medium Risk
4636,1,1,5,2,272,2,1,0,1,5412,0,1,1,0,1,0,1,0.53420836,1,Late,Medium Risk
4637,2,1,4,2,231,6,1,1,8,5227,0,1,1,0,1,1,1,0.6751214,1,Late,High Risk
4638,4,1,3,4,190,4,2,0,7,5963,1,0,1,0,0,1,0,0.44206885,0,On Time,Medium Risk
4639,3,1,5,4,223,2,1,1,5,4424,1,1,1,0,1,0,0,0.5919015,1,Late,Medium Risk
4640,4,1,5,1,257,3,2,0,5,4355,0,1,1,0,1,1,1,0.60211676,1,Late,High Risk
4641,0,1,4,4,184,3,2,1,2,4639,0,1,1,0,0,1,0,0.812446,1,Late,High Risk
4642,1,1,3,5,193,3,2,1,1,5810,1,0,1,0,0,1,0,0.6117036,1,Late,High Risk
4643,2,1,4,3,204,2,1,0,7,4717,1,1,1,0,0,0,0,0.6331265,1,Late,High Risk
4644,4,1,3,2,236,3,2,1,8,5783,0,0,1,0,1,1,1,0.6257304,1,Late,High Risk
4645,3,1,5,3,222,2,2,1,3,4460,1,1,1,0,1,0,0,0.64330906,1,Late,High Risk
4646,4,1,4,1,140,5,2,1,6,4001,1,1,1,0,0,1,1,0.56026024,1,Late,Medium Risk
4647,0,1,3,1,204,3,0,0,9,5093,0,0,1,0,0,1,1,0.56149656,1,Late,Medium Risk
4648,1,1,3,2,271,2,2,1,6,5280,1,0,1,0,1,0,1,0.5985551,1,Late,Medium Risk
4649,2,1,3,1,108,6,2,0,7,4024,0,0,1,0,0,1,1,0.37441108,0,On Time,Medium Risk
4650,4,1,4,1,206,3,1,0,4,4745,0,1,1,0,0,1,1,0.69290066,1,Late,High Risk
4651,3,1,3,2,180,2,0,0,8,4408,0,0,1,0,0,0,1,0.61353856,1,Late,High Risk
4652,4,1,3,2,193,3,1,0,7,5224,0,0,1,0,0,1,1,0.68904465,1,Late,High Risk
4653,0,1,5,1,238,4,2,1,10,4668,0,1,1,0,1,1,1,0.7890863,1,Late,High Risk
4654,1,0,5,3,234,3,1,0,6,4632,0,1,1,0,1,1,0,0.64890313,1,Late,High Risk
4655,2,0,2,5,271,2,1,0,5,5164,1,0,1,0,1,0,0,0.5957678,1,Late,Medium Risk
4656,4,0,5,2,102,5,2,0,3,4784,0,1,1,0,0,1,1,0.8694151,1,Late,High Risk
4657,3,0,3,1,185,3,2,1,7,5474,1,0,1,0,0,1,1,0.6417858,1,Late,High Risk
4658,4,0,4,1,273,2,0,0,10,5832,1,1,1,0,1,0,1,0.32037792,0,On Time,Medium Risk
4659,0,0,6,3,233,6,1,0,9,4814,0,1,1,0,1,1,0,0.66596174,1,Late,High Risk
4660,1,0,5,3,191,2,2,1,7,5783,1,1,1,0,0,0,0,0.28814048,0,On Time,Low Risk
4661,2,0,4,4,239,2,2,1,4,4304,1,1,1,0,1,0,0,0.56019336,1,Late,Medium Risk
4662,4,0,3,3,270,3,1,1,7,4152,0,0,1,0,1,1,0,0.64294666,1,Late,High Risk
4663,3,0,5,2,279,4,1,0,8,4418,1,1,1,0,1,1,1,0.5351406,1,Late,Medium Risk
4664,4,0,5,1,233,4,0,1,2,4615,1,1,1,0,1,1,1,0.62258583,1,Late,High Risk
4665,0,0,3,3,178,4,0,1,3,4154,1,0,1,0,0,1,0,0.5527174,1,Late,Medium Risk
4666,1,0,3,4,184,4,2,1,2,4052,0,0,1,0,0,1,0,0.63506734,1,Late,High Risk
4667,2,0,3,5,202,3,1,1,2,5208,0,0,1,0,0,1,0,0.63498855,1,Late,High Risk
4668,4,0,3,3,149,2,2,1,3,4527,0,0,1,0,0,0,0,0.8125121,1,Late,High Risk
4669,3,0,5,2,133,2,0,0,2,4556,0,1,1,0,0,0,1,0.8495378,1,Late,High Risk
4670,4,0,4,4,224,5,1,0,9,4902,1,1,1,0,1,1,0,0.6672797,1,Late,High Risk
4671,0,0,4,2,252,2,2,0,6,5414,0,1,1,0,1,0,1,0.59068483,1,Late,Medium Risk
4672,1,0,4,3,208,2,2,1,6,4276,1,1,1,0,0,0,0,0.5646937,1,Late,Medium Risk
4673,2,0,5,3,256,2,1,1,3,4456,0,1,1,0,1,0,0,0.52401185,1,Late,Medium Risk
4674,4,0,3,5,206,4,2,1,10,4321,1,0,1,0,0,1,0,0.57668674,1,Late,Medium Risk
4675,3,0,2,1,177,4,1,0,5,4358,0,0,1,0,0,1,1,0.6673539,1,Late,High Risk
4676,4,2,4,4,269,4,2,0,3,5032,1,1,1,0,1,1,0,0.6948137,1,Late,High Risk
4677,0,2,3,5,216,3,0,0,2,4242,0,0,1,0,1,1,0,0.58405864,1,Late,Medium Risk
4678,1,2,3,2,221,3,0,0,7,5477,0,0,1,0,1,1,1,0.5248481,1,Late,Medium Risk
4679,2,2,5,4,210,3,2,0,6,5102,0,1,1,0,0,1,0,0.69103724,1,Late,High Risk
4680,4,2,4,5,205,3,2,0,9,4411,0,1,1,0,0,1,0,0.7021693,1,Late,High Risk
4681,3,2,3,3,237,3,1,0,7,4062,0,0,1,0,1,1,0,0.5808542,1,Late,Medium Risk
4682,4,2,5,4,139,2,2,0,2,4217,1,1,1,0,0,0,0,0.7217625,1,Late,High Risk
4683,0,2,4,4,163,3,1,1,3,4185,1,1,1,0,0,1,0,0.65806645,1,Late,High Risk
4684,1,2,4,4,171,2,1,1,4,4962,0,1,1,0,0,0,0,0.6657691,1,Late,High Risk
4685,2,2,4,3,261,3,1,0,9,5994,1,1,1,0,1,1,0,0.31807175,0,On Time,Medium Risk
4686,4,2,4,3,195,2,1,1,8,4576,0,1,1,0,0,0,0,0.66938215,1,Late,High Risk
4687,3,2,4,2,190,6,0,1,5,4139,1,1,1,0,0,1,1,0.36166984,0,On Time,Medium Risk
4688,4,2,5,5,236,3,0,1,4,5724,1,1,1,0,1,1,0,0.45478213,0,On Time,Medium Risk
4689,0,2,3,4,254,3,2,1,6,5716,0,0,1,0,1,1,0,0.68473864,1,Late,High Risk
4690,1,2,3,3,157,3,2,1,10,4877,0,0,1,0,0,1,0,0.5927304,1,Late,Medium Risk
4691,2,2,3,1,245,3,2,0,1,5325,0,0,1,0,1,1,1,0.56044286,1,Late,Medium Risk
4692,4,2,4,1,144,4,2,1,8,4303,0,1,1,0,0,1,1,0.74223673,1,Late,High Risk
4693,3,2,5,3,217,4,1,1,3,5718,1,1,1,0,1,1,0,0.52376604,1,Late,Medium Risk
4694,4,2,3,3,249,2,1,0,2,5078,0,0,1,0,1,0,0,0.6127126,1,Late,High Risk
4695,0,2,3,2,176,2,1,0,2,5083,0,0,1,0,0,0,1,0.6876688,1,Late,High Risk
4696,1,2,3,1,230,2,1,0,1,4970,1,0,1,0,1,0,1,0.56902003,1,Late,Medium Risk
4697,2,2,3,5,204,2,2,0,5,4504,1,0,1,0,0,0,0,0.6893856,1,Late,High Risk
4698,4,2,4,4,266,2,1,0,5,5601,0,1,1,0,1,0,0,0.76557815,1,Late,High Risk
4699,3,2,4,3,213,3,1,0,2,5722,0,1,1,0,0,1,0,0.5824517,1,Late,Medium Risk
4700,4,2,3,4,147,3,1,0,8,5525,0,0,1,0,0,1,0,0.7481031,1,Late,High Risk
4701,0,2,3,1,201,3,1,0,3,4556,1,0,1,0,0,1,1,0.6891785,1,Late,High Risk
4702,1,2,2,4,248,3,1,0,5,5441,0,0,1,0,1,1,0,0.69211483,1,Late,High Risk
4703,2,2,4,3,167,3,2,1,5,5791,0,1,1,0,0,1,0,0.7059255,1,Late,High Risk
4704,4,2,3,4,232,2,1,1,10,5678,0,0,1,0,1,0,0,0.6740174,1,Late,High Risk
4705,3,2,5,3,163,3,2,1,9,4419,1,1,1,0,0,1,0,0.5998235,1,Late,Medium Risk
4706,4,2,4,4,201,5,2,1,3,5901,1,1,1,0,0,1,0,0.4158466,0,On Time,Medium Risk
4707,0,2,4,5,252,2,1,0,9,4157,0,1,1,0,1,0,0,0.8104887,1,Late,High Risk
4708,1,2,3,1,146,4,1,0,10,4583,0,0,1,0,0,1,1,0.85992765,1,Late,High Risk
4709,2,2,5,1,160,3,2,1,3,5839,0,1,1,0,0,1,1,0.7819831,1,Late,High Risk
4710,4,2,5,2,167,4,1,1,10,4325,0,1,1,0,0,1,1,0.733942,1,Late,High Risk
4711,3,2,4,2,224,2,2,0,8,4781,1,1,1,0,1,0,1,0.63558614,1,Late,High Risk
4712,4,2,4,2,239,3,2,0,5,5978,0,1,1,0,1,1,1,0.8138821,1,Late,High Risk
4713,0,2,4,1,151,6,1,1,7,4387,0,1,1,0,0,1,1,0.74279714,1,Late,High Risk
4714,1,2,4,5,264,3,1,0,10,5972,0,1,1,0,1,1,0,0.7189169,1,Late,High Risk
4715,2,2,4,2,242,3,2,1,8,4644,1,1,1,0,1,1,1,0.5971189,1,Late,Medium Risk
4716,4,2,3,3,204,4,0,1,9,4712,0,0,1,0,0,1,0,0.6412564,1,Late,High Risk
4717,3,2,3,5,260,2,2,1,1,5970,0,0,1,0,1,0,0,0.8191749,1,Late,High Risk
4718,4,2,3,2,279,3,2,0,6,4560,0,0,1,0,1,1,1,0.73509085,1,Late,High Risk
4719,0,2,3,4,225,4,1,0,8,5209,0,0,1,0,1,1,0,0.648748,1,Late,High Risk
4720,1,2,3,5,190,3,1,1,9,4468,0,0,1,0,0,1,0,0.6689839,1,Late,High Risk
4721,2,2,4,2,152,2,1,1,7,5026,0,1,1,0,0,0,1,0.7405688,1,Late,High Risk
4722,4,2,3,2,201,6,2,1,7,4723,1,0,1,0,0,1,1,0.6086605,1,Late,High Risk
4723,3,2,3,2,191,2,2,1,7,5357,0,0,1,0,0,0,1,0.66163623,1,Late,High Risk
4724,4,2,4,3,140,3,1,1,1,4453,0,1,1,0,0,1,0,0.68293256,1,Late,High Risk
4725,0,2,5,3,199,4,2,0,8,5362,0,1,1,0,0,1,0,0.63226306,1,Late,High Risk
4726,1,2,4,1,194,3,2,0,6,5282,0,1,1,0,0,1,1,0.7209388,1,Late,High Risk
4727,2,2,4,2,273,2,1,0,5,5608,1,1,1,0,1,0,1,0.59888935,1,Late,Medium Risk
4728,4,2,4,5,259,2,2,0,4,4092,1,1,1,0,1,0,0,0.5049474,1,Late,Medium Risk
4729,3,2,4,3,180,3,2,1,5,4038,1,1,1,0,0,1,0,0.3780908,0,On Time,Medium Risk
4730,4,2,5,3,251,2,1,1,9,4458,0,1,1,0,1,0,0,0.72538555,1,Late,High Risk
4731,0,2,5,1,269,3,1,0,5,5031,0,1,1,0,1,1,1,0.621471,1,Late,High Risk
4732,1,2,6,3,274,6,2,0,2,4281,0,1,1,0,1,1,0,0.71571,1,Late,High Risk
4733,2,2,5,5,250,2,2,1,10,5475,1,1,1,0,1,0,0,0.62043864,1,Late,High Risk
4734,4,2,3,5,265,3,2,0,8,5980,0,0,1,0,1,1,0,0.6950352,1,Late,High Risk
4735,3,2,4,3,169,10,2,0,6,5106,1,1,1,0,0,1,0,0.63459784,1,Late,High Risk
4736,4,2,3,4,211,3,0,1,8,5191,1,0,1,0,0,1,0,0.67019993,1,Late,High Risk
4737,0,2,4,4,245,2,1,1,6,5772,0,1,1,0,1,0,0,0.69060403,1,Late,High Risk
4738,1,2,4,1,188,2,1,1,6,5894,1,1,1,0,0,0,1,0.6911887,1,Late,High Risk
4739,2,2,3,5,244,2,2,0,10,4064,1,0,1,0,1,0,0,0.5065832,1,Late,Medium Risk
4740,4,2,3,5,233,3,2,0,7,5787,0,0,1,0,1,1,0,0.6866759,1,Late,High Risk
4741,3,2,3,1,144,3,2,0,6,4163,0,0,1,0,0,1,1,0.72128433,1,Late,High Risk
4742,4,2,3,5,221,2,1,0,6,5289,0,0,1,0,1,0,0,0.7228585,1,Late,High Risk
4743,0,2,3,5,267,2,0,1,2,5062,1,0,1,0,1,0,0,0.46805343,0,On Time,Medium Risk
4744,1,2,3,1,211,3,0,0,7,5178,0,0,1,0,0,1,1,0.5685384,1,Late,Medium Risk
4745,2,2,4,1,205,3,1,0,10,4923,0,1,1,0,0,1,1,0.72106355,1,Late,High Risk
4746,4,2,3,2,144,3,0,1,1,5307,0,0,1,0,0,1,1,0.7782004,1,Late,High Risk
4747,3,2,3,3,195,7,2,0,4,4614,0,0,1,0,0,1,0,0.80057925,1,Late,High Risk
4748,4,2,5,5,232,7,2,1,6,5139,0,1,1,0,1,1,0,0.7272103,1,Late,High Risk
4749,0,2,5,3,199,10,2,0,1,5865,0,1,1,0,0,1,0,0.66207266,1,Late,High Risk
4750,1,2,5,5,232,3,1,0,5,5338,0,1,1,0,1,1,0,0.6803302,1,Late,High Risk
4751,2,2,5,4,272,2,1,0,1,5983,1,1,1,0,1,0,0,0.4201797,0,On Time,Medium Risk
4752,4,2,2,4,167,2,2,1,1,4344,0,0,1,0,0,0,0,0.623333,1,Late,High Risk
4753,3,2,3,4,272,8,0,0,10,4070,0,0,1,0,1,1,0,0.54661816,1,Late,Medium Risk
4754,4,2,6,2,247,4,1,1,10,1556,0,1,1,1,1,1,1,0.70506597,1,Late,High Risk
4755,0,2,5,5,275,4,2,1,9,1215,1,1,1,1,1,1,0,0.4688314,0,On Time,Medium Risk
4756,1,2,6,4,291,4,1,0,8,1131,0,1,1,1,1,1,0,0.412089,0,On Time,Medium Risk
4757,2,2,6,5,265,4,1,1,7,1404,1,1,1,1,1,1,0,0.6745812,1,Late,High Risk
4758,4,2,7,3,250,5,2,0,4,1163,1,1,1,1,1,1,0,0.5424116,1,Late,Medium Risk
4759,3,2,7,2,291,4,1,0,8,1275,0,1,1,1,1,1,1,0.4172956,0,On Time,Medium Risk
4760,4,2,6,5,255,4,1,0,9,1197,0,1,1,1,1,1,0,0.7083648,1,Late,High Risk
4761,0,2,6,5,290,4,2,1,2,1867,1,1,1,1,1,1,0,0.47199482,0,On Time,Medium Risk
4762,1,2,5,5,276,4,1,1,2,1411,1,1,1,1,1,1,0,0.53180546,1,Late,Medium Risk
4763,2,2,4,1,149,3,2,0,8,1136,0,1,1,1,0,1,1,0.2323789,0,On Time,Low Risk
4764,4,2,3,3,201,6,2,1,2,4984,0,0,1,0,0,1,0,0.6761886,1,Late,High Risk
4765,3,2,3,4,191,2,2,1,8,5667,1,0,1,0,0,0,0,0.5771458,1,Late,Medium Risk
4766,4,2,4,4,140,3,1,0,4,5924,1,1,1,0,0,1,0,0.59867114,1,Late,Medium Risk
4767,0,2,5,4,199,4,2,1,2,4902,1,1,1,0,0,1,0,0.6341934,1,Late,High Risk
4768,1,2,4,1,194,3,2,0,9,5804,0,1,1,0,0,1,1,0.81994796,1,Late,High Risk
4769,2,1,4,5,273,2,1,0,9,5724,0,1,1,0,1,0,0,0.48473164,0,On Time,Medium Risk
4770,4,1,4,4,259,2,2,0,8,4672,0,1,1,0,1,0,0,0.67301553,1,Late,High Risk
4771,3,1,4,5,180,3,2,0,1,5088,0,1,1,0,0,1,0,0.6420265,1,Late,High Risk
4772,4,1,5,4,251,2,1,0,3,5347,1,1,1,0,1,0,0,0.665373,1,Late,High Risk
4773,0,1,5,3,269,3,1,0,8,4811,0,1,1,0,1,1,0,0.58452547,1,Late,Medium Risk
4774,1,1,6,3,274,6,2,0,1,4632,0,1,1,0,1,1,0,0.8155485,1,Late,High Risk
4775,2,1,5,2,250,2,2,0,6,5565,0,1,1,0,1,0,1,0.68511903,1,Late,High Risk
4776,4,1,3,3,265,3,2,0,3,5241,0,0,1,0,1,1,0,0.61385244,1,Late,High Risk
4777,3,1,4,5,169,10,2,0,6,4385,0,1,1,0,0,1,0,0.74963987,1,Late,High Risk
4778,4,1,3,3,211,3,0,0,4,4354,1,0,1,0,0,1,0,0.55983776,1,Late,Medium Risk
4779,0,1,4,1,245,2,1,1,5,5324,1,1,1,0,1,0,1,0.6265052,1,Late,High Risk
4780,1,1,4,5,188,2,1,0,4,4433,0,1,1,0,0,0,0,0.7534736,1,Late,High Risk
4781,2,1,3,5,244,2,2,1,8,5715,1,0,1,0,1,0,0,0.5883615,1,Late,Medium Risk
4782,4,1,3,4,233,3,2,0,10,4626,0,0,1,0,1,1,0,0.74509245,1,Late,High Risk
4783,3,1,3,4,144,3,2,1,8,5867,1,0,1,0,0,1,0,0.6349976,1,Late,High Risk
4784,4,1,3,1,221,2,1,0,7,5320,0,0,1,0,1,0,1,0.7044854,1,Late,High Risk
4785,0,1,3,5,267,2,0,1,1,4195,1,0,1,0,1,0,0,0.46697047,0,On Time,Medium Risk
4786,1,1,3,4,211,3,0,1,1,5144,0,0,1,0,0,1,0,0.5485032,1,Late,Medium Risk
4787,2,1,4,4,205,3,1,1,6,4254,0,1,1,0,0,1,0,0.6373154,1,Late,High Risk
4788,4,1,3,2,144,3,0,0,9,4428,1,0,1,0,0,1,1,0.70824397,1,Late,High Risk
4789,3,1,3,4,195,7,2,0,9,5829,0,0,1,0,0,1,0,0.77206427,1,Late,High Risk
4790,4,1,5,3,232,7,2,1,6,5285,1,1,1,0,1,1,0,0.660978,1,Late,High Risk
4791,0,0,5,1,199,10,2,0,8,4140,0,1,1,0,0,1,1,0.78209656,1,Late,High Risk
4792,1,0,5,5,232,3,1,0,3,5718,1,1,1,0,1,1,0,0.48416018,0,On Time,Medium Risk
4793,2,0,5,3,272,2,1,0,4,5112,0,1,1,0,1,0,0,0.580925,1,Late,Medium Risk
4794,4,0,2,2,167,2,2,0,3,5894,1,0,1,0,0,0,1,0.395061,0,On Time,Medium Risk
4795,3,0,3,3,272,8,0,1,7,5257,1,0,1,0,1,1,0,0.5610254,1,Late,Medium Risk
4796,4,0,6,4,247,4,1,0,2,1326,0,1,1,1,1,1,0,0.6221937,1,Late,High Risk
4797,0,0,5,2,275,4,2,0,10,1141,1,1,1,1,1,1,1,0.4418114,0,On Time,Medium Risk
4798,1,0,6,5,291,4,1,1,9,1413,0,1,1,1,1,1,0,0.7386562,1,Late,High Risk
4799,2,0,6,1,265,4,1,0,7,1644,1,1,1,1,1,1,1,0.5950538,1,Late,Medium Risk
4800,4,0,7,2,250,5,2,1,9,1327,0,1,1,1,1,1,1,0.61815256,1,Late,High Risk
4801,3,0,7,1,291,4,1,1,2,1216,1,1,1,1,1,1,1,0.5054677,1,Late,Medium Risk
4802,4,0,6,1,255,4,1,0,2,1385,0,1,1,1,1,1,1,0.6675738,1,Late,High Risk
4803,0,0,6,2,290,4,2,0,9,1339,0,1,1,1,1,1,1,0.70789677,1,Late,High Risk
4804,1,0,6,3,247,4,2,0,4,1476,1,1,1,1,1,1,0,0.60115266,1,Late,High Risk
4805,2,0,6,2,152,2,1,0,9,1993,0,1,1,1,0,0,1,0.6206711,1,Late,High Risk
4806,4,0,7,5,278,4,1,0,5,1572,1,1,1,1,1,1,0,0.58630764,1,Late,Medium Risk
4807,3,0,6,1,260,4,2,0,2,1131,0,1,1,1,1,1,1,0.6802738,1,Late,High Risk
4808,4,0,6,3,254,4,1,1,6,1335,0,1,1,1,1,1,0,0.7310933,1,Late,High Risk
4809,0,0,2,4,151,4,1,0,6,1803,0,0,1,1,0,1,0,0.57636684,1,Late,Medium Risk
4810,1,0,2,5,198,2,2,1,4,1913,1,0,1,1,0,0,0,0.2069658,0,On Time,Low Risk
4811,2,0,6,4,243,4,1,1,9,1353,1,1,1,1,1,1,0,0.6217303,1,Late,High Risk
4812,4,0,6,5,245,4,1,0,8,1403,0,1,1,1,1,1,0,0.7342254,1,Late,High Risk
4813,3,2,6,4,300,4,1,0,8,1301,1,1,1,1,1,1,0,0.48249045,0,On Time,Medium Risk
4814,4,2,6,1,303,4,2,0,10,1003,0,1,1,1,1,1,1,0.51035833,1,Late,Medium Risk
4815,0,2,7,3,286,4,1,0,3,1670,0,1,1,1,1,1,0,0.63324714,1,Late,High Risk
4816,1,2,7,2,248,4,2,0,1,1163,1,1,1,1,1,1,1,0.3939516,0,On Time,Medium Risk
4817,2,2,6,5,244,4,1,1,9,1789,1,1,1,1,1,1,0,0.6987912,1,Late,High Risk
4818,4,2,7,1,290,4,1,0,9,1885,0,1,1,1,1,1,1,0.4406888,0,On Time,Medium Risk
4819,3,2,4,3,260,5,1,1,10,1832,1,1,1,1,1,1,0,0.5023586,1,Late,Medium Risk
4820,4,2,6,5,310,4,2,1,1,1105,1,1,1,1,1,1,0,0.36992848,0,On Time,Medium Risk
4821,0,2,6,3,247,4,1,1,3,1616,1,1,1,1,1,1,0,0.6321431,1,Late,High Risk
4822,1,2,6,5,281,4,1,1,8,1241,1,1,1,1,1,1,0,0.49902797,0,On Time,Medium Risk
4823,2,2,6,3,260,4,2,1,9,1800,0,1,1,1,1,1,0,0.67937905,1,Late,High Risk
4824,4,2,6,1,263,4,1,0,6,1153,0,1,1,1,1,1,1,0.6895928,1,Late,High Risk
4825,3,2,5,1,285,4,2,0,10,1428,0,1,1,1,1,1,1,0.6185858,1,Late,High Risk
4826,4,2,3,4,269,3,2,1,9,5133,1,0,1,0,1,1,0,0.64639103,1,Late,High Risk
4827,0,2,2,5,205,6,1,1,2,5671,0,0,1,0,0,1,0,0.75451386,1,Late,High Risk
4828,1,2,3,2,109,3,1,1,4,5746,0,0,1,0,0,1,1,0.68138343,1,Late,High Risk
4829,2,2,5,4,216,2,1,0,6,4535,0,1,1,0,1,0,0,0.7258877,1,Late,High Risk
4830,4,2,3,2,184,3,2,0,8,4994,0,0,1,0,0,1,1,0.6648553,1,Late,High Risk
4831,3,2,4,4,106,2,1,1,6,5984,0,1,1,0,0,0,0,0.58317065,1,Late,Medium Risk
4832,4,2,3,1,228,2,1,0,5,4456,1,0,1,0,1,0,1,0.6076869,1,Late,High Risk
4833,0,2,4,5,140,3,2,0,8,4956,0,1,1,0,0,1,0,0.7249644,1,Late,High Risk
4834,1,2,4,3,251,3,2,1,5,4206,0,1,1,0,1,1,0,0.58988,1,Late,Medium Risk
4835,2,2,3,3,153,3,2,1,5,4578,1,0,1,0,0,1,0,0.59070903,1,Late,Medium Risk
4836,4,2,4,4,176,2,2,0,1,5793,0,1,1,0,0,0,0,0.75796086,1,Late,High Risk
4837,3,2,4,3,206,2,2,0,4,5194,1,1,1,0,0,0,0,0.67080617,1,Late,High Risk
4838,4,2,3,3,189,2,1,0,9,4690,0,0,1,0,0,0,0,0.7170775,1,Late,High Risk
4839,0,2,2,2,251,6,2,0,1,4165,1,0,1,0,1,1,1,0.60059357,1,Late,High Risk
4840,1,2,4,3,155,3,1,0,1,4360,1,1,1,0,0,1,0,0.5208522,1,Late,Medium Risk
4841,2,2,6,4,260,5,2,1,2,4687,1,1,1,0,1,1,0,0.63746643,1,Late,High Risk
4842,4,2,5,1,156,6,2,0,4,4821,0,1,1,0,0,1,1,0.6192408,1,Late,High Risk
4843,3,2,4,2,225,2,2,1,7,5241,1,1,1,0,1,0,1,0.6587865,1,Late,High Risk
4844,4,2,6,5,284,4,2,1,8,5346,1,1,1,0,1,1,0,0.4472185,0,On Time,Medium Risk
4845,0,2,5,3,263,2,1,1,3,4474,1,1,1,0,1,0,0,0.5971184,1,Late,Medium Risk
4846,1,2,3,3,238,2,2,1,2,5512,0,0,1,0,1,0,0,0.6712025,1,Late,High Risk
4847,2,2,5,4,267,2,1,1,7,5292,0,1,1,0,1,0,0,0.56157386,1,Late,Medium Risk
4848,4,2,3,3,101,2,2,1,9,4860,0,0,1,0,0,0,0,0.68318576,1,Late,High Risk
4849,3,2,3,1,175,3,2,1,1,4872,0,0,1,0,0,1,1,0.66770655,1,Late,High Risk
4850,4,2,4,5,261,2,1,1,3,4119,0,1,1,0,1,0,0,0.6175563,1,Late,High Risk
4851,0,2,5,3,150,3,1,1,10,4799,1,1,1,0,0,1,0,0.61515725,1,Late,High Risk
4852,1,2,3,5,206,4,2,0,2,5829,1,0,1,0,0,1,0,0.6696389,1,Late,High Risk
4853,2,2,4,4,254,4,1,0,10,4827,0,1,1,0,1,1,0,0.71535087,1,Late,High Risk
4854,4,2,4,2,159,3,1,1,5,4985,1,1,1,0,0,1,1,0.6477416,1,Late,High Risk
4855,3,2,2,5,284,3,2,1,6,4575,0,0,1,0,1,1,0,0.764163,1,Late,High Risk
4856,4,2,3,1,170,2,1,1,9,4112,0,0,1,0,0,0,1,0.63638586,1,Late,High Risk
4857,0,2,4,5,245,3,1,0,7,4297,0,1,1,0,1,1,0,0.6359783,1,Late,High Risk
4858,1,2,4,5,152,3,2,1,5,5191,0,1,1,0,0,1,0,0.6930702,1,Late,High Risk
4859,2,2,5,4,193,4,0,0,4,5757,1,1,1,0,0,1,0,0.4033946,0,On Time,Medium Risk
4860,4,2,5,3,231,2,1,1,8,5743,1,1,1,0,1,0,0,0.6014332,1,Late,High Risk
4861,3,2,4,1,212,3,1,1,3,4896,0,1,1,0,0,1,1,0.6957788,1,Late,High Risk
4862,4,2,3,4,185,2,2,1,8,5449,1,0,1,0,0,0,0,0.75556076,1,Late,High Risk
4863,0,2,4,3,223,3,1,0,10,5560,1,1,1,0,1,1,0,0.5659535,1,Late,Medium Risk
4864,1,2,4,1,241,4,2,1,9,5360,0,1,1,0,1,1,1,0.6759545,1,Late,High Risk
4865,2,2,5,4,215,3,1,0,5,5552,1,1,1,0,1,1,0,0.6603374,1,Late,High Risk
4866,4,2,4,5,261,2,2,1,6,5920,0,1,1,0,1,0,0,0.866769,1,Late,High Risk
4867,3,2,4,3,158,5,2,0,7,4344,1,1,1,0,0,1,0,0.6255103,1,Late,High Risk
4868,4,2,3,3,166,2,2,0,8,5871,0,0,1,0,0,0,0,0.7406893,1,Late,High Risk
4869,0,2,4,3,280,6,0,1,8,4525,0,1,1,0,1,1,0,0.68647486,1,Late,High Risk
4870,1,2,3,2,264,3,1,0,8,5831,0,0,1,0,1,1,1,0.6685767,1,Late,High Risk
4871,2,2,3,3,204,2,2,1,6,5612,0,0,1,0,0,0,0,0.73291564,1,Late,High Risk
4872,4,2,4,4,261,2,2,0,9,5306,1,1,1,0,1,0,0,0.6256197,1,Late,High Risk
4873,3,2,6,4,138,3,2,0,4,4225,0,1,1,0,0,1,0,0.67974067,1,Late,High Risk
4874,4,2,4,4,225,2,2,1,10,4829,1,1,1,0,1,0,0,0.6708793,1,Late,High Risk
4875,0,2,4,4,238,5,1,1,1,4753,0,1,1,0,1,1,0,0.7021341,1,Late,High Risk
4876,1,2,4,5,234,3,2,0,3,5142,1,1,1,0,1,1,0,0.6342451,1,Late,High Risk
4877,2,2,4,2,237,3,1,0,7,4785,0,1,1,0,1,1,1,0.6528236,1,Late,High Risk
4878,4,2,3,3,165,3,2,0,4,5924,1,0,1,0,0,1,0,0.662893,1,Late,High Risk
4879,3,2,2,1,148,2,1,1,10,5939,1,0,1,0,0,0,1,0.40755367,0,On Time,Medium Risk
4880,4,2,5,1,148,4,0,1,2,5821,1,1,1,0,0,1,1,0.64302224,1,Late,High Risk
4881,0,2,3,3,218,3,1,0,4,5086,1,0,1,0,1,1,0,0.5396944,1,Late,Medium Risk
4882,1,2,4,5,218,6,1,1,5,4364,1,1,1,0,1,1,0,0.58057165,1,Late,Medium Risk
4883,2,2,4,3,181,4,1,0,8,5106,0,1,1,0,0,1,0,0.68136144,1,Late,High Risk
4884,4,2,2,1,138,2,1,1,8,4932,1,0,1,0,0,0,1,0.40214738,0,On Time,Medium Risk
4885,3,2,3,4,206,3,0,1,5,4022,0,0,1,0,0,1,0,0.44836894,0,On Time,Medium Risk
4886,4,2,5,1,172,2,0,0,7,5165,0,1,1,0,0,0,1,0.7643559,1,Late,High Risk
4887,0,2,4,2,160,2,0,0,5,4343,0,1,1,0,0,0,1,0.681013,1,Late,High Risk
4888,1,2,5,2,225,4,1,1,1,4328,1,1,1,0,1,1,1,0.66542447,1,Late,High Risk
4889,2,2,6,5,206,6,1,1,2,4014,1,1,1,0,0,1,0,0.45409286,0,On Time,Medium Risk
4890,4,2,5,5,232,3,1,0,2,4545,1,1,1,0,1,1,0,0.68085825,1,Late,High Risk
4891,3,2,3,4,232,3,1,0,6,4050,0,0,1,0,1,1,0,0.6240803,1,Late,High Risk
4892,4,2,3,4,197,2,1,0,3,4865,0,0,1,0,0,0,0,0.69723797,1,Late,High Risk
4893,0,2,5,1,246,3,1,0,3,5013,0,1,1,0,1,1,1,0.6387648,1,Late,High Risk
4894,1,2,3,4,241,3,2,1,3,4047,0,0,1,0,1,1,0,0.6102659,1,Late,High Risk
4895,2,2,6,5,211,4,2,0,4,4032,0,1,1,0,0,1,0,0.65520173,1,Late,High Risk
4896,4,2,3,3,162,2,1,0,9,4903,0,0,1,0,0,0,0,0.67486167,1,Late,High Risk
4897,3,2,3,1,264,4,1,1,10,4265,0,0,1,0,1,1,1,0.71283513,1,Late,High Risk
4898,4,2,5,3,211,3,1,0,5,5087,0,1,1,0,0,1,0,0.62432545,1,Late,High Risk
4899,0,2,4,5,159,5,1,0,7,4063,0,1,1,0,0,1,0,0.5992132,1,Late,Medium Risk
4900,1,2,5,5,166,2,0,0,2,4562,1,1,1,0,0,0,0,0.73442745,1,Late,High Risk
4901,2,2,4,4,163,6,2,1,1,4584,0,1,1,0,0,1,0,0.7226169,1,Late,High Risk
4902,4,2,4,3,164,2,1,1,3,5735,0,1,1,0,0,0,0,0.6964776,1,Late,High Risk
4903,3,2,5,1,255,3,0,1,6,4044,1,1,1,0,1,1,1,0.46683902,0,On Time,Medium Risk
4904,4,2,4,3,153,3,2,0,6,5748,0,1,1,0,0,1,0,0.5676927,1,Late,Medium Risk
4905,0,2,3,1,165,2,1,1,6,4445,0,0,1,0,0,0,1,0.7369649,1,Late,High Risk
4906,1,1,3,2,162,3,2,1,6,4505,1,0,1,0,0,1,1,0.6963216,1,Late,High Risk
4907,2,1,3,1,223,3,1,1,8,5318,0,0,1,0,1,1,1,0.6155855,1,Late,High Risk
4908,4,1,3,4,200,2,2,0,6,4751,1,0,1,0,0,0,0,0.66513973,1,Late,High Risk
4909,3,1,3,5,194,3,2,0,3,4435,1,0,1,0,0,1,0,0.65068954,1,Late,High Risk
4910,4,1,3,1,257,2,1,1,6,4897,1,0,1,0,1,0,1,0.5775442,1,Late,Medium Risk
4911,0,1,2,1,188,2,1,1,5,5250,0,0,1,0,0,0,1,0.7193838,1,Late,High Risk
4912,1,1,3,4,221,3,2,0,1,5391,0,0,1,0,1,1,0,0.67113954,1,Late,High Risk
4913,2,1,4,4,193,2,1,0,6,4855,1,1,1,0,0,0,0,0.6435147,1,Late,High Risk
4914,4,1,3,1,166,2,1,1,2,5710,1,0,1,0,0,0,1,0.56744266,1,Late,Medium Risk
4915,3,1,4,4,212,2,2,1,8,4239,0,1,1,0,0,0,0,0.71352357,1,Late,High Risk
4916,4,1,3,2,252,3,2,1,7,4507,0,0,1,0,1,1,1,0.69333106,1,Late,High Risk
4917,0,1,3,1,155,2,1,1,7,4221,1,0,1,0,0,0,1,0.656182,1,Late,High Risk
4918,1,1,4,5,244,4,2,0,2,5365,1,1,1,0,1,1,0,0.59241915,1,Late,Medium Risk
4919,2,1,3,3,162,2,2,1,7,5719,1,0,1,0,0,0,0,0.61511225,1,Late,High Risk
4920,4,1,2,1,228,2,2,1,10,4854,1,0,1,0,1,0,1,0.58455575,1,Late,Medium Risk
4921,3,1,4,3,208,3,2,0,3,4837,1,1,1,0,0,1,0,0.6083089,1,Late,High Risk
4922,4,1,5,3,156,3,2,1,7,4293,0,1,1,0,0,1,0,0.46615458,0,On Time,Medium Risk
4923,0,1,3,1,209,2,0,0,1,5779,1,0,1,0,0,0,1,0.41036958,0,On Time,Medium Risk
4924,1,1,4,5,203,2,2,0,8,4450,1,1,1,0,0,0,0,0.7221029,1,Late,High Risk
4925,2,1,4,4,196,5,0,0,7,4622,0,1,1,0,0,1,0,0.63986284,1,Late,High Risk
4926,4,1,4,4,256,3,1,1,8,4398,0,1,1,0,1,1,0,0.63290226,1,Late,High Risk
4927,3,1,4,5,159,4,2,0,4,4816,0,1,1,0,0,1,0,0.71526027,1,Late,High Risk
4928,4,0,5,5,137,4,1,1,4,5888,0,1,1,0,0,1,0,0.73473895,1,Late,High Risk
4929,0,0,2,5,271,3,1,1,4,5775,0,0,1,0,1,1,0,0.38500968,0,On Time,Medium Risk
4930,1,0,5,1,264,2,2,0,3,4056,1,1,1,0,1,0,1,0.51780117,1,Late,Medium Risk
4931,2,0,2,2,264,3,2,1,1,4518,0,0,1,0,1,1,1,0.6790513,1,Late,High Risk
4932,4,0,4,3,205,2,2,1,10,4178,1,1,1,0,0,0,0,0.54036677,1,Late,Medium Risk
4933,3,0,5,1,266,3,1,1,10,5858,0,1,1,0,1,1,1,0.5889502,1,Late,Medium Risk
4934,4,0,5,4,200,3,2,0,8,5206,1,1,1,0,0,1,0,0.58287907,1,Late,Medium Risk
4935,0,0,4,4,154,6,2,0,10,4361,1,1,1,0,0,1,0,0.3797892,0,On Time,Medium Risk
4936,1,0,3,2,178,3,1,1,4,5119,1,0,1,0,0,1,1,0.6638722,1,Late,High Risk
4937,2,0,5,2,198,3,1,0,7,5768,1,1,1,0,0,1,1,0.42556787,0,On Time,Medium Risk
4938,4,0,3,4,218,2,2,1,2,5973,0,0,1,0,1,0,0,0.71837884,1,Late,High Risk
4939,3,0,4,4,185,3,0,0,6,4238,1,1,1,0,0,1,0,0.51259613,1,Late,Medium Risk
4940,4,0,3,4,235,3,1,1,4,5498,0,0,1,0,1,1,0,0.69112986,1,Late,High Risk
4941,0,0,3,5,251,3,0,0,4,4156,1,0,1,0,1,1,0,0.52683574,1,Late,Medium Risk
4942,1,0,5,2,275,5,1,0,9,5168,1,1,1,0,1,1,1,0.6750743,1,Late,High Risk
4943,2,0,5,2,156,5,1,1,9,5237,0,1,1,0,0,1,1,0.7597532,1,Late,High Risk
4944,4,0,3,5,135,3,1,1,3,4938,0,0,1,0,0,1,0,0.80211174,1,Late,High Risk
4945,3,0,4,1,143,3,2,1,4,4283,0,1,1,0,0,1,1,0.6940412,1,Late,High Risk
4946,4,0,5,1,240,3,0,1,10,5277,0,1,1,0,1,1,1,0.5905238,1,Late,Medium Risk
4947,0,0,5,2,131,5,1,0,4,4600,1,1,1,0,0,1,1,0.7884434,1,Late,High Risk
4948,1,0,4,5,142,3,2,1,2,5692,0,1,1,0,0,1,0,0.6971912,1,Late,High Risk
4949,2,0,5,4,275,4,1,0,7,4597,0,1,1,0,1,1,0,0.64273083,1,Late,High Risk
4950,4,2,5,5,137,3,1,1,5,5914,1,1,1,0,0,1,0,0.70766205,1,Late,High Risk
4951,3,2,3,3,165,4,2,1,3,4235,0,0,1,0,0,1,0,0.747757,1,Late,High Risk
4952,4,2,5,4,250,2,1,0,10,4277,0,1,1,0,1,0,0,0.71535283,1,Late,High Risk
4953,0,2,4,2,242,3,2,1,10,4721,0,1,1,0,1,1,1,0.60626113,1,Late,High Risk
4954,1,2,3,3,181,3,2,0,3,5620,1,0,1,0,0,1,0,0.70995975,1,Late,High Risk
4955,2,2,4,4,211,3,2,1,5,4812,0,1,1,0,0,1,0,0.62541795,1,Late,High Risk
4956,4,2,2,2,177,4,1,1,8,5878,1,0,1,0,0,1,1,0.64571893,1,Late,High Risk
4957,3,2,3,3,135,3,2,1,2,5860,0,0,1,0,0,1,0,0.76365346,1,Late,High Risk
4958,4,2,6,4,151,3,1,0,10,5414,1,1,1,0,0,1,0,0.6220703,1,Late,High Risk
4959,0,2,5,4,250,6,1,0,1,4343,0,1,1,0,1,1,0,0.5759475,1,Late,Medium Risk
4960,1,2,5,5,191,4,2,0,10,4933,1,1,1,0,0,1,0,0.48655704,0,On Time,Medium Risk
4961,2,2,2,4,158,5,2,0,2,4303,1,0,1,0,0,1,0,0.7081858,1,Late,High Risk
4962,4,2,3,3,229,2,2,0,1,5670,0,0,1,0,1,0,0,0.72146964,1,Late,High Risk
4963,3,2,4,5,169,4,1,1,6,4168,1,1,1,0,0,1,0,0.63369954,1,Late,High Risk
4964,4,2,5,1,164,3,1,1,7,4540,1,1,1,0,0,1,1,0.7395452,1,Late,High Risk
4965,0,2,4,1,177,2,2,1,6,5566,0,1,1,0,0,0,1,0.78521776,1,Late,High Risk
4966,1,2,4,4,193,3,2,1,8,4715,1,1,1,0,0,1,0,0.62396014,1,Late,High Risk
4967,2,2,4,1,198,3,2,0,1,4090,0,1,1,0,0,1,1,0.6170881,1,Late,High Risk
4968,4,2,3,1,268,3,1,1,2,4746,1,0,1,0,1,1,1,0.56673974,1,Late,Medium Risk
4969,3,2,3,3,269,3,0,1,8,5910,0,0,1,0,1,1,0,0.5564419,1,Late,Medium Risk
4970,4,2,4,3,275,3,1,0,3,4824,0,1,1,0,1,1,0,0.65248734,1,Late,High Risk
4971,0,2,5,5,233,3,0,1,5,5330,0,1,1,0,1,1,0,0.61826915,1,Late,High Risk
4972,1,2,2,5,259,3,1,1,3,4770,1,0,1,0,1,1,0,0.59337217,1,Late,Medium Risk
4973,2,2,3,5,239,6,1,0,8,5791,1,0,1,0,1,1,0,0.52422285,1,Late,Medium Risk
4974,4,2,3,2,134,3,2,0,3,5232,0,0,1,0,0,1,1,0.7325595,1,Late,High Risk
4975,3,2,5,4,131,8,1,1,7,4471,0,1,1,0,0,1,0,0.5552129,1,Late,Medium Risk
4976,4,2,4,2,194,8,2,1,10,5995,0,1,1,0,0,1,1,0.7356589,1,Late,High Risk
4977,0,2,4,5,261,3,0,0,2,4954,1,1,1,0,1,1,0,0.44163352,0,On Time,Medium Risk
4978,1,2,4,2,254,10,0,1,7,5820,0,1,1,0,1,1,1,0.7319643,1,Late,High Risk
4979,2,2,4,1,161,6,1,0,2,5734,0,1,1,0,0,1,1,0.4521866,0,On Time,Medium Risk
4980,4,2,4,5,227,2,1,1,7,4414,0,1,1,0,1,0,0,0.67873687,1,Late,High Risk
4981,3,2,3,1,165,3,0,0,10,4208,0,0,1,0,0,1,1,0.68026096,1,Late,High Risk
4982,4,2,3,2,156,7,2,0,9,5313,1,0,1,0,0,1,1,0.57535625,1,Late,Medium Risk
4983,0,2,3,3,262,7,0,0,9,5097,0,0,1,0,1,1,0,0.50646096,1,Late,Medium Risk
4984,1,2,4,3,263,3,1,1,4,4150,1,1,1,0,1,1,0,0.6082866,1,Late,High Risk
4985,2,2,4,2,196,3,1,1,1,5172,1,1,1,0,0,1,1,0.68498605,1,Late,High Risk
4986,4,2,6,1,152,2,1,0,3,1340,0,1,1,1,0,0,1,0.6318634,1,Late,High Risk
4987,3,2,7,1,278,4,1,1,10,1508,1,1,1,1,1,1,1,0.5234954,1,Late,Medium Risk
4988,4,2,6,4,260,4,2,1,1,1726,0,1,1,1,1,1,0,0.62838,1,Late,High Risk
4989,0,2,6,5,254,4,1,1,7,1674,0,1,1,1,1,1,0,0.74255526,1,Late,High Risk
4990,1,2,2,4,151,4,1,0,2,1150,0,0,1,1,0,1,0,0.57267517,1,Late,Medium Risk
4991,2,2,2,3,198,2,2,0,6,1996,0,0,1,1,0,0,0,0.31403106,0,On Time,Medium Risk
4992,4,2,6,2,243,4,1,1,9,1258,1,1,1,1,1,1,1,0.52527905,1,Late,Medium Risk
4993,3,2,6,2,245,4,1,0,10,1448,0,1,1,1,1,1,1,0.7482047,1,Late,High Risk
4994,4,2,3,5,268,3,1,0,6,5603,0,0,1,0,1,1,0,0.66724974,1,Late,High Risk
4995,0,2,3,3,269,3,0,0,6,4260,1,0,1,0,1,1,0,0.54011935,1,Late,Medium Risk
4996,1,2,4,4,275,3,1,1,10,5674,1,1,1,0,1,1,0,0.42077076,0,On Time,Medium Risk
4997,2,2,5,2,233,3,0,1,7,5323,1,1,1,0,1,1,1,0.55906355,1,Late,Medium Risk
4998,4,2,2,2,259,3,1,1,6,4840,1,0,1,0,1,1,1,0.55013627,1,Late,Medium Risk
4999,3,2,3,3,239,6,1,1,7,4501,1,0,1,0,1,1,0,0.62048256,1,Late,High Risk
5000,4,2,3,3,134,3,2,0,8,4950,0,0,1,0,0,1,0,0.7025336,1,Late,High Risk
5001,0,2,5,3,131,8,1,0,5,4149,1,1,1,0,0,1,0,0.49991307,0,On Time,Medium Risk
5002,1,2,4,5,194,8,2,0,9,4843,1,1,1,0,0,1,0,0.53453875,1,Late,Medium Risk
5003,2,2,4,2,261,3,0,1,1,4931,0,1,1,0,1,1,1,0.5662956,1,Late,Medium Risk
5004,4,2,4,5,254,10,0,1,7,5524,1,1,1,0,1,1,0,0.5498004,1,Late,Medium Risk
5005,3,2,4,3,161,6,1,1,6,5560,1,1,1,0,0,1,0,0.6412974,1,Late,High Risk
5006,4,2,4,4,227,2,1,0,7,4916,0,1,1,0,1,0,0,0.66662574,1,Late,High Risk
5007,0,2,3,4,165,3,0,1,10,4910,0,0,1,0,0,1,0,0.6242857,1,Late,High Risk
5008,1,2,3,3,156,7,2,1,2,5467,0,0,1,0,0,1,0,0.5143801,1,Late,Medium Risk
5009,2,2,3,2,262,7,0,1,5,5985,1,0,1,0,1,1,1,0.6082639,1,Late,High Risk
5010,4,2,4,3,263,3,1,0,3,5253,0,1,1,0,1,1,0,0.61835694,1,Late,High Risk
5011,3,2,4,3,196,3,1,0,10,4194,1,1,1,0,0,1,0,0.60784405,1,Late,High Risk
5012,4,2,6,2,152,2,1,1,6,1711,0,1,1,1,0,0,1,0.67436975,1,Late,High Risk
5013,0,2,7,3,278,4,1,0,8,1909,1,1,1,1,1,1,0,0.5136067,1,Late,Medium Risk
5014,1,2,6,5,260,4,2,0,10,1799,0,1,1,1,1,1,0,0.66889477,1,Late,High Risk
5015,2,2,6,2,254,4,1,1,4,1392,0,1,1,1,1,1,1,0.7516351,1,Late,High Risk
5016,4,2,2,3,151,4,1,0,3,1353,1,0,1,1,0,1,0,0.37626612,0,On Time,Medium Risk
5017,3,2,2,3,198,2,2,0,6,1730,1,0,1,1,0,0,0,0.32008803,0,On Time,Medium Risk
5018,4,2,5,2,285,4,2,0,7,1666,1,1,1,1,1,1,1,0.5010153,1,Late,Medium Risk
5019,0,2,7,1,306,4,2,1,5,1467,0,1,1,1,1,1,1,0.8617674,1,Late,High Risk
5020,1,2,6,4,291,4,1,0,5,1327,0,1,1,1,1,1,0,0.53754956,1,Late,Medium Risk
5021,2,2,6,3,292,4,1,1,8,1925,0,1,1,1,1,1,0,0.5302781,1,Late,Medium Risk
5022,4,2,6,2,293,5,1,0,3,1969,0,1,1,1,1,1,1,0.6126011,1,Late,High Risk
5023,3,2,6,4,275,4,1,0,3,1182,0,1,1,1,1,1,0,0.67677456,1,Late,High Risk
5024,4,2,6,5,274,4,1,1,6,1066,0,1,1,1,1,1,0,0.6664641,1,Late,High Risk
5025,0,2,7,2,310,4,1,0,7,1294,0,1,1,1,1,1,1,0.8762647,1,Late,High Risk
5026,1,2,6,5,292,4,1,1,4,1762,1,1,1,1,1,1,0,0.3382428,0,On Time,Medium Risk
5027,2,2,6,3,256,5,1,0,1,1980,0,1,1,1,1,1,0,0.45875794,0,On Time,Medium Risk
5028,4,2,7,4,295,4,1,1,5,1239,0,1,1,1,1,1,0,0.6306208,1,Late,High Risk
5029,3,2,3,5,149,2,2,1,5,1023,0,0,1,1,0,0,0,0.24841,0,On Time,Low Risk
5030,4,2,6,5,294,4,2,0,2,1273,1,1,1,1,1,1,0,0.58615106,1,Late,Medium Risk
5031,0,2,6,3,281,4,2,0,7,1599,1,1,1,1,1,1,0,0.65952283,1,Late,High Risk
5032,1,2,6,4,294,4,2,1,6,1112,0,1,1,1,1,1,0,0.64212894,1,Late,High Risk
5033,2,2,6,5,249,4,1,0,8,1274,0,1,1,1,1,1,0,0.5775799,1,Late,Medium Risk
5034,4,2,6,5,276,4,2,0,6,1005,1,1,1,1,1,1,0,0.6109527,1,Late,High Risk
5035,3,2,7,5,284,4,2,0,8,1148,1,1,1,1,1,1,0,0.46923715,0,On Time,Medium Risk
5036,4,2,4,5,134,3,1,0,1,1008,0,1,1,1,0,1,0,0.3413222,0,On Time,Medium Risk
5037,0,2,6,3,271,4,2,0,1,1733,0,1,1,1,1,1,0,0.61362207,1,Late,High Risk
5038,1,2,6,2,244,4,2,0,1,1406,1,1,1,1,1,1,1,0.5163342,1,Late,Medium Risk
5039,2,2,6,1,264,4,1,1,10,1960,0,1,1,1,1,1,1,0.6666511,1,Late,High Risk
5040,4,2,6,5,275,4,1,1,8,1553,1,1,1,1,1,1,0,0.6129025,1,Late,High Risk
5041,3,2,7,3,310,4,2,0,7,1989,0,1,1,1,1,1,0,0.8066129,1,Late,High Risk
5042,4,2,6,2,301,5,2,0,3,1586,0,1,1,1,1,1,1,0.81879956,1,Late,High Risk
5043,0,1,6,3,247,4,2,0,9,1011,0,1,1,1,1,1,0,0.7392812,1,Late,High Risk
5044,1,1,4,2,224,2,1,1,9,5603,1,1,1,0,1,0,1,0.6764612,1,Late,High Risk
5045,2,1,3,5,242,2,1,0,6,5635,0,0,1,0,1,0,0,0.7693057,1,Late,High Risk
5046,4,1,4,1,145,2,1,0,2,5209,0,1,1,0,0,0,1,0.7261051,1,Late,High Risk
5047,3,1,4,1,150,2,1,1,5,4140,0,1,1,0,0,0,1,0.725765,1,Late,High Risk
5048,4,1,4,4,266,3,1,1,4,5905,0,1,1,0,1,1,0,0.6485136,1,Late,High Risk
5049,0,1,5,1,260,2,1,1,4,5580,0,1,1,0,1,0,1,0.7389972,1,Late,High Risk
5050,1,1,4,1,259,3,2,1,5,4435,1,1,1,0,1,1,1,0.51126766,1,Late,Medium Risk
5051,2,1,4,3,192,3,1,0,10,4068,0,1,1,0,0,1,0,0.36083525,0,On Time,Medium Risk
5052,4,1,3,1,149,3,2,1,5,4805,1,0,1,0,0,1,1,0.6677046,1,Late,High Risk
5053,3,1,4,1,133,2,2,1,1,5274,1,1,1,0,0,0,1,0.5856806,1,Late,Medium Risk
5054,4,1,4,4,145,3,2,0,3,5424,1,1,1,0,0,1,0,0.7353259,1,Late,High Risk
5055,0,1,3,4,186,3,0,1,1,5922,1,0,1,0,0,1,0,0.3673957,0,On Time,Medium Risk
5056,1,1,5,3,267,3,2,0,8,5786,1,1,1,0,1,1,0,0.34133956,0,On Time,Medium Risk
5057,2,1,3,3,157,4,2,0,2,5684,0,0,1,0,0,1,0,0.7213761,1,Late,High Risk
5058,4,1,4,2,174,3,1,0,3,5920,0,1,1,0,0,1,1,0.6937051,1,Late,High Risk
5059,3,1,4,4,216,2,1,0,4,5984,0,1,1,0,1,0,0,0.7456817,1,Late,High Risk
5060,4,1,4,3,143,3,1,0,2,4693,0,1,1,0,0,1,0,0.7020803,1,Late,High Risk
5061,0,1,5,1,135,3,1,1,3,4939,1,1,1,0,0,1,1,0.61833185,1,Late,High Risk
5062,1,1,4,2,222,3,1,1,4,5919,0,1,1,0,1,1,1,0.7176628,1,Late,High Risk
5063,2,1,6,2,140,2,0,1,1,4053,0,1,1,0,0,0,1,0.72642845,1,Late,High Risk
5064,4,1,4,2,209,2,2,0,9,5131,0,1,1,0,0,0,1,0.7462534,1,Late,High Risk
5065,3,0,3,5,162,2,1,1,4,4495,0,0,1,0,0,0,0,0.7760631,1,Late,High Risk
5066,4,0,5,2,152,4,2,1,6,5596,0,1,1,0,0,1,1,0.76913995,1,Late,High Risk
5067,0,0,4,2,236,3,2,1,9,4725,0,1,1,0,1,1,1,0.66632247,1,Late,High Risk
5068,1,0,4,5,192,4,1,0,10,4691,0,1,1,0,0,1,0,0.59375846,1,Late,Medium Risk
5069,2,0,5,2,233,3,0,0,4,4140,0,1,1,0,1,1,1,0.61732095,1,Late,High Risk
5070,4,0,3,5,156,3,2,0,2,4190,1,0,1,0,0,1,0,0.5026862,1,Late,Medium Risk
5071,3,0,5,1,257,3,2,1,7,4133,0,1,1,0,1,1,1,0.4969277,0,On Time,Medium Risk
5072,4,0,4,5,228,4,1,1,4,4750,0,1,1,0,1,1,0,0.66497314,1,Late,High Risk
5073,0,0,5,1,262,2,0,1,9,5008,0,1,1,0,1,0,1,0.7167762,1,Late,High Risk
5074,1,0,3,1,203,2,1,1,2,4647,1,0,1,0,0,0,1,0.6918652,1,Late,High Risk
5075,2,0,4,5,217,4,2,0,3,5966,0,1,1,0,1,1,0,0.6545221,1,Late,High Risk
5076,4,0,3,1,197,5,2,0,6,5919,0,0,1,0,0,1,1,0.690245,1,Late,High Risk
5077,3,0,3,5,217,3,1,1,9,4306,0,0,1,0,1,1,0,0.6160262,1,Late,High Risk
5078,4,0,3,2,200,4,2,0,4,4918,0,0,1,0,0,1,1,0.63969654,1,Late,High Risk
5079,0,0,4,3,181,3,2,1,10,4541,1,1,1,0,0,1,0,0.5835898,1,Late,Medium Risk
5080,1,0,4,1,212,3,1,1,2,4353,1,1,1,0,0,1,1,0.6880945,1,Late,High Risk
5081,2,0,5,3,217,2,1,0,4,5588,0,1,1,0,1,0,0,0.6217706,1,Late,High Risk
5082,4,0,5,4,240,4,2,0,2,5215,0,1,1,0,1,1,0,0.65545195,1,Late,High Risk
5083,3,0,3,1,161,3,1,1,9,4865,1,0,1,0,0,1,1,0.67165446,1,Late,High Risk
5084,4,0,3,4,157,3,2,0,6,5611,0,0,1,0,0,1,0,0.77283436,1,Late,High Risk
5085,0,0,4,5,133,3,2,1,4,5180,1,1,1,0,0,1,0,0.6215852,1,Late,High Risk
5086,1,0,4,3,138,3,1,0,2,5593,0,1,1,0,0,1,0,0.77023035,1,Late,High Risk
5087,2,2,4,3,158,3,0,1,1,5089,1,1,1,0,0,1,0,0.5124317,1,Late,Medium Risk
5088,4,2,5,2,243,3,0,1,2,5734,1,1,1,0,1,1,1,0.44034123,0,On Time,Medium Risk
5089,3,2,3,2,189,3,2,1,2,4718,0,0,1,0,0,1,1,0.64694077,1,Late,High Risk
5090,4,2,2,4,272,2,2,1,4,4632,0,0,1,0,1,0,0,0.7649243,1,Late,High Risk
5091,0,2,4,4,168,3,1,1,6,5488,1,1,1,0,0,1,0,0.7246317,1,Late,High Risk
5092,1,2,4,4,157,3,2,0,10,5041,1,1,1,0,0,1,0,0.58678013,1,Late,Medium Risk
5093,2,2,3,5,217,2,2,0,6,5182,0,0,1,0,1,0,0,0.7225473,1,Late,High Risk
5094,4,2,5,3,237,4,1,0,8,5432,0,1,1,0,1,1,0,0.7310356,1,Late,High Risk
5095,3,2,4,3,133,2,1,1,9,4145,0,1,1,0,0,0,0,0.7065086,1,Late,High Risk
5096,4,2,3,4,243,2,2,1,1,5840,1,0,1,0,1,0,0,0.67379355,1,Late,High Risk
5097,0,2,5,3,273,4,2,1,2,4186,1,1,1,0,1,1,0,0.59015334,1,Late,Medium Risk
5098,1,2,5,4,202,5,1,0,6,5230,1,1,1,0,0,1,0,0.68032455,1,Late,High Risk
5099,2,2,5,5,240,2,1,0,7,4409,1,1,1,0,1,0,0,0.614944,1,Late,High Risk
5100,4,2,3,5,275,3,1,1,6,5148,0,0,1,0,1,1,0,0.7284474,1,Late,High Risk
5101,3,2,3,5,274,3,2,1,5,4710,1,0,1,0,1,1,0,0.63084006,1,Late,High Risk
5102,4,2,4,3,272,3,1,0,4,5654,0,1,1,0,1,1,0,0.6179931,1,Late,High Risk
5103,0,2,2,4,126,5,2,1,2,5461,0,0,1,0,0,1,0,0.78292584,1,Late,High Risk
5104,1,2,5,3,215,2,2,0,10,5194,1,1,1,0,1,0,0,0.65620244,1,Late,High Risk
5105,2,2,2,5,175,5,1,0,8,4269,0,0,1,0,0,1,0,0.8035209,1,Late,High Risk
5106,4,2,4,3,149,6,2,1,5,5456,1,1,1,0,0,1,0,0.66187114,1,Late,High Risk
5107,3,2,6,1,145,3,2,0,1,4346,1,1,1,0,0,1,1,0.68595487,1,Late,High Risk
5108,4,2,6,1,257,4,2,0,3,5656,1,1,1,0,1,1,1,0.7589261,1,Late,High Risk
5109,0,2,4,3,136,3,2,1,10,4299,1,1,1,0,0,1,0,0.63456315,1,Late,High Risk
5110,1,2,5,3,163,6,1,1,6,4349,0,1,1,0,0,1,0,0.6486983,1,Late,High Risk
5111,2,2,3,4,256,3,1,1,7,5013,1,0,1,0,1,1,0,0.62016654,1,Late,High Risk
5112,4,2,3,3,141,3,1,0,7,4954,1,0,1,0,0,1,0,0.63938934,1,Late,High Risk
5113,3,2,4,3,196,2,2,0,4,4203,1,1,1,0,0,0,0,0.5882405,1,Late,Medium Risk
5114,4,2,5,4,154,2,1,0,5,5528,0,1,1,0,0,0,0,0.60772735,1,Late,High Risk
5115,0,2,5,3,197,3,2,0,2,4678,1,1,1,0,0,1,0,0.4987161,0,On Time,Medium Risk
5116,1,2,3,2,207,3,2,0,1,4369,0,0,1,0,0,1,1,0.6524035,1,Late,High Risk
5117,2,2,4,1,258,4,1,1,5,5664,0,1,1,0,1,1,1,0.7285781,1,Late,High Risk
5118,4,2,3,3,270,3,0,0,7,4690,1,0,1,0,1,1,0,0.43696648,0,On Time,Medium Risk
5119,3,2,5,2,139,4,1,0,9,5070,1,1,1,0,0,1,1,0.759558,1,Late,High Risk
5120,4,2,3,5,197,3,1,1,4,5423,0,0,1,0,0,1,0,0.7726359,1,Late,High Risk
5121,0,2,5,2,176,3,1,1,9,5656,0,1,1,0,0,1,1,0.69140446,1,Late,High Risk
5122,1,2,3,1,206,3,2,1,5,5676,1,0,1,0,0,1,1,0.635201,1,Late,High Risk
5123,2,2,4,5,176,4,2,1,6,5061,0,1,1,0,0,1,0,0.72923154,1,Late,High Risk
5124,4,2,2,4,208,3,2,0,6,4226,1,0,1,0,0,1,0,0.7589042,1,Late,High Risk
5125,3,2,3,3,154,2,2,0,1,5746,1,0,1,0,0,0,0,0.51742476,1,Late,Medium Risk
5126,4,2,2,2,206,5,1,0,7,5203,0,0,1,0,0,1,1,0.71962845,1,Late,High Risk
5127,0,2,3,5,253,2,1,1,8,5476,1,0,1,0,1,0,0,0.6469605,1,Late,High Risk
5128,1,2,4,5,270,3,2,0,2,5272,0,1,1,0,1,1,0,0.5116426,1,Late,Medium Risk
5129,2,2,3,3,271,4,0,1,3,4006,1,0,1,0,1,1,0,0.26190618,0,On Time,Low Risk
5130,4,2,2,1,108,3,1,1,4,5924,1,0,1,0,0,1,1,0.3648725,0,On Time,Medium Risk
5131,3,2,4,5,172,2,2,1,7,4559,0,1,1,0,0,0,0,0.7481906,1,Late,High Risk
5132,4,2,5,1,265,3,0,1,5,4951,1,1,1,0,1,1,1,0.5926474,1,Late,Medium Risk
5133,0,2,4,4,208,5,2,0,7,5401,0,1,1,0,0,1,0,0.7364927,1,Late,High Risk
5134,1,2,4,5,261,3,0,1,3,4885,1,1,1,0,1,1,0,0.42667612,0,On Time,Medium Risk
5135,2,2,4,4,197,2,2,0,1,5211,0,1,1,0,0,0,0,0.7177975,1,Late,High Risk
5136,4,2,4,4,240,2,2,0,4,5101,0,1,1,0,1,0,0,0.7083027,1,Late,High Risk
5137,3,2,4,1,273,4,1,1,1,4857,0,1,1,0,1,1,1,0.6914044,1,Late,High Risk
5138,4,2,3,5,180,2,2,1,1,5940,1,0,1,0,0,0,0,0.5542511,1,Late,Medium Risk
5139,0,2,4,2,136,2,2,0,7,4305,1,1,1,0,0,0,1,0.57482404,1,Late,Medium Risk
5140,1,2,3,4,222,6,2,0,10,4579,1,0,1,0,1,1,0,0.6600542,1,Late,High Risk
5141,2,2,4,5,231,4,2,1,9,5528,0,1,1,0,1,1,0,0.66144305,1,Late,High Risk
5142,4,2,4,5,240,5,1,1,8,4558,0,1,1,0,1,1,0,0.7252022,1,Late,High Risk
5143,3,2,4,1,152,3,1,1,10,5974,0,1,1,0,0,1,1,0.6802299,1,Late,High Risk
5144,4,2,5,2,206,2,2,0,2,5627,1,1,1,0,0,0,1,0.80597633,1,Late,High Risk
5145,0,2,2,3,274,4,2,0,10,4798,1,0,1,0,1,1,0,0.62647444,1,Late,High Risk
5146,1,2,5,4,97,6,0,1,7,5509,1,1,1,0,0,1,0,0.29807082,0,On Time,Low Risk
5147,2,2,3,4,243,4,2,0,10,4076,0,0,1,0,1,1,0,0.58690417,1,Late,Medium Risk
5148,4,2,3,4,106,6,2,0,7,4621,0,0,1,0,0,1,0,0.858719,1,Late,High Risk
5149,3,2,5,3,241,3,1,0,2,5587,1,1,1,0,1,1,0,0.5427934,1,Late,Medium Risk
5150,4,2,3,1,217,4,2,0,1,5761,1,0,1,0,1,1,1,0.6527223,1,Late,High Risk
5151,0,2,4,1,241,4,2,1,5,5080,0,1,1,0,1,1,1,0.70625734,1,Late,High Risk
5152,1,2,4,3,213,3,1,1,6,5447,0,1,1,0,0,1,0,0.7010906,1,Late,High Risk
5153,2,2,3,1,134,3,2,1,10,4200,0,0,1,0,0,1,1,0.77497023,1,Late,High Risk
5154,4,2,3,4,162,2,2,0,8,4972,0,0,1,0,0,0,0,0.7007524,1,Late,High Risk
5155,3,2,2,4,193,4,1,1,7,5552,1,0,1,0,0,1,0,0.7440012,1,Late,High Risk
5156,4,2,4,3,138,2,2,1,9,5297,1,1,1,0,0,0,0,0.44212285,0,On Time,Medium Risk
5157,0,2,5,4,181,5,2,1,2,5324,0,1,1,0,0,1,0,0.7540047,1,Late,High Risk
5158,1,2,4,2,274,2,1,1,10,4361,0,1,1,0,1,0,1,0.6146119,1,Late,High Risk
5159,2,2,4,3,254,2,0,0,3,4930,0,1,1,0,1,0,0,0.5788525,1,Late,Medium Risk
5160,4,2,5,2,196,5,1,1,10,5111,0,1,1,0,0,1,1,0.81068164,1,Late,High Risk
5161,3,2,4,2,157,4,1,0,6,4964,0,1,1,0,0,1,1,0.7401649,1,Late,High Risk
5162,4,2,4,3,130,3,2,0,3,4317,0,1,1,0,0,1,0,0.64532393,1,Late,High Risk
5163,0,2,3,3,273,2,2,0,7,5491,0,0,1,0,1,0,0,0.564469,1,Late,Medium Risk
5164,1,2,4,5,154,3,2,0,9,5489,1,1,1,0,0,1,0,0.5469866,1,Late,Medium Risk
5165,2,2,4,2,166,3,2,0,8,4758,0,1,1,0,0,1,1,0.6802047,1,Late,High Risk
5166,4,2,5,5,171,3,1,1,8,4227,0,1,1,0,0,1,0,0.65014815,1,Late,High Risk
5167,3,2,5,4,177,2,1,1,2,5618,1,1,1,0,0,0,0,0.76978755,1,Late,High Risk
5168,4,2,2,5,195,3,1,1,3,5785,0,0,1,0,0,1,0,0.7385522,1,Late,High Risk
5169,0,2,5,4,269,2,1,0,9,5517,0,1,1,0,1,0,0,0.6640782,1,Late,High Risk
5170,1,2,4,1,196,3,1,1,4,4634,1,1,1,0,0,1,1,0.7678414,1,Late,High Risk
5171,2,2,3,1,244,3,0,1,7,5140,1,0,1,0,1,1,1,0.54540145,1,Late,Medium Risk
5172,4,2,3,3,137,3,2,1,1,5490,1,0,1,0,0,1,0,0.72437984,1,Late,High Risk
5173,3,2,3,2,201,3,0,1,6,5165,1,0,1,0,0,1,1,0.5987142,1,Late,Medium Risk
5174,4,2,3,3,211,3,2,1,7,5185,0,0,1,0,0,1,0,0.6604527,1,Late,High Risk
5175,0,2,5,3,266,3,2,0,4,4195,0,1,1,0,1,1,0,0.55813694,1,Late,Medium Risk
5176,1,2,5,3,222,2,1,0,2,5953,1,1,1,0,1,0,0,0.61296314,1,Late,High Risk
5177,2,2,5,4,241,4,0,1,6,4412,1,1,1,0,1,1,0,0.555577,1,Late,Medium Risk
5178,4,2,3,2,226,4,2,0,8,5225,0,0,1,0,1,1,1,0.72934586,1,Late,High Risk
5179,3,2,3,5,254,3,2,1,3,4072,0,0,1,0,1,1,0,0.53528273,1,Late,Medium Risk
5180,4,1,4,5,222,3,2,0,8,4950,0,1,1,0,1,1,0,0.6642549,1,Late,High Risk
5181,0,1,4,4,148,3,2,0,5,4892,0,1,1,0,0,1,0,0.7275634,1,Late,High Risk
5182,1,1,4,3,194,3,2,1,3,5916,1,1,1,0,0,1,0,0.49331543,0,On Time,Medium Risk
5183,2,1,4,1,177,2,0,0,7,5599,1,1,1,0,0,0,1,0.60606474,1,Late,High Risk
5184,4,1,2,2,150,3,1,0,6,5854,1,0,1,0,0,1,1,0.7087251,1,Late,High Risk
5185,3,1,3,2,111,2,1,0,4,4245,1,0,1,0,0,0,1,0.54356134,1,Late,Medium Risk
5186,4,1,5,4,172,3,1,0,3,5064,1,1,1,0,0,1,0,0.69695014,1,Late,High Risk
5187,0,1,4,5,234,3,1,1,3,5438,0,1,1,0,1,1,0,0.70566547,1,Late,High Risk
5188,1,1,5,5,257,4,2,1,10,5180,1,1,1,0,1,1,0,0.5980219,1,Late,Medium Risk
5189,2,1,3,1,221,3,0,1,3,5005,1,0,1,0,1,1,1,0.47204363,0,On Time,Medium Risk
5190,4,1,5,1,171,5,2,0,8,4699,0,1,1,0,0,1,1,0.72183716,1,Late,High Risk
5191,3,1,4,4,231,2,1,0,4,5825,0,1,1,0,1,0,0,0.73154664,1,Late,High Risk
5192,4,1,5,5,187,4,2,0,9,5326,0,1,1,0,0,1,0,0.7098454,1,Late,High Risk
5193,0,1,5,4,233,3,1,1,8,5076,1,1,1,0,1,1,0,0.63071305,1,Late,High Risk
5194,1,1,4,4,268,6,2,0,3,4834,0,1,1,0,1,1,0,0.6745644,1,Late,High Risk
5195,2,1,4,2,262,3,1,0,9,4941,0,1,1,0,1,1,1,0.6522244,1,Late,High Risk
5196,4,1,3,4,284,10,1,1,8,4562,1,0,1,0,1,1,0,0.64927566,1,Late,High Risk
5197,3,1,3,3,259,3,2,0,5,4664,0,0,1,0,1,1,0,0.5875055,1,Late,Medium Risk
5198,4,1,3,1,221,10,2,1,10,5473,0,0,1,0,1,1,1,0.6971218,1,Late,High Risk
5199,0,1,5,5,271,4,0,0,6,4547,1,1,1,0,1,1,0,0.6196062,1,Late,High Risk
5200,1,1,5,4,249,3,0,0,2,4397,1,1,1,0,1,1,0,0.5438578,1,Late,Medium Risk
5201,2,1,5,5,259,3,2,0,5,4315,0,1,1,0,1,1,0,0.59391624,1,Late,Medium Risk
5202,4,0,3,1,176,3,1,1,5,5316,1,0,1,0,0,1,1,0.6176386,1,Late,High Risk
5203,3,0,4,1,139,3,1,1,6,4942,1,1,1,0,0,1,1,0.60147417,1,Late,High Risk
5204,4,0,3,4,243,3,2,0,8,4959,0,0,1,0,1,1,0,0.68120134,1,Late,High Risk
5205,0,0,5,2,248,3,2,1,5,5946,0,1,1,0,1,1,1,0.5929977,1,Late,Medium Risk
5206,1,0,3,5,247,3,1,0,4,5891,1,0,1,0,1,1,0,0.49541777,0,On Time,Medium Risk
5207,2,0,5,5,230,10,0,1,10,5619,1,1,1,0,1,1,0,0.40879527,0,On Time,Medium Risk
5208,4,0,5,3,134,3,0,1,8,5016,0,1,1,0,0,1,0,0.7827319,1,Late,High Risk
5209,3,0,4,1,184,3,1,0,8,4667,0,1,1,0,0,1,1,0.6460487,1,Late,High Risk
5210,4,0,4,5,263,3,2,0,6,5445,0,1,1,0,1,1,0,0.6544785,1,Late,High Risk
5211,0,0,5,4,121,5,0,0,4,4814,0,1,1,0,0,1,0,0.7631203,1,Late,High Risk
5212,1,0,3,2,160,3,2,1,3,5807,0,0,1,0,0,1,1,0.763667,1,Late,High Risk
5213,2,0,4,2,229,4,2,1,3,5340,0,1,1,0,1,1,1,0.73597336,1,Late,High Risk
5214,4,0,7,3,306,4,2,1,4,1739,1,1,1,1,1,1,0,0.4671665,0,On Time,Medium Risk
5215,3,0,6,2,291,4,1,1,8,1019,0,1,1,1,1,1,1,0.6297714,1,Late,High Risk
5216,4,0,6,4,292,4,1,0,10,1321,1,1,1,1,1,1,0,0.44555783,0,On Time,Medium Risk
5217,0,0,6,2,293,5,1,1,2,1494,0,1,1,1,1,1,1,0.72817194,1,Late,High Risk
5218,1,0,6,4,275,4,1,1,9,1585,0,1,1,1,1,1,0,0.7402033,1,Late,High Risk
5219,2,0,6,3,274,4,1,1,2,1833,1,1,1,1,1,1,0,0.6068112,1,Late,High Risk
5220,4,0,7,5,310,4,1,0,5,1975,0,1,1,1,1,1,0,0.73036295,1,Late,High Risk
5221,3,0,6,3,292,4,1,0,10,1270,0,1,1,1,1,1,0,0.41104618,0,On Time,Medium Risk
5222,4,0,6,5,256,5,1,1,10,1686,0,1,1,1,1,1,0,0.6951083,1,Late,High Risk
5223,0,0,4,5,234,3,1,1,5,5213,0,1,1,0,1,1,0,0.6872643,1,Late,High Risk
5224,1,2,5,1,257,4,2,1,1,4924,0,1,1,0,1,1,1,0.64604294,1,Late,High Risk
5225,2,2,3,1,221,3,0,1,1,4948,0,0,1,0,1,1,1,0.51686984,1,Late,Medium Risk
5226,4,2,5,1,171,5,2,0,2,5921,1,1,1,0,0,1,1,0.5526892,1,Late,Medium Risk
5227,3,2,4,1,231,2,1,0,1,5917,1,1,1,0,1,0,1,0.669477,1,Late,High Risk
5228,4,2,5,1,187,4,2,0,8,5164,0,1,1,0,0,1,1,0.74467754,1,Late,High Risk
5229,0,2,5,1,233,3,1,1,10,5289,0,1,1,0,1,1,1,0.7183528,1,Late,High Risk
5230,1,2,4,2,268,6,2,1,2,4348,0,1,1,0,1,1,1,0.60188663,1,Late,High Risk
5231,2,2,4,3,262,3,1,1,9,4404,1,1,1,0,1,1,0,0.6230935,1,Late,High Risk
5232,4,2,3,4,284,10,1,1,5,5479,0,0,1,0,1,1,0,0.7530519,1,Late,High Risk
5233,3,2,3,3,259,3,2,0,4,4259,0,0,1,0,1,1,0,0.5052671,1,Late,Medium Risk
5234,4,2,3,5,221,10,2,0,7,5743,1,0,1,0,1,1,0,0.46264476,0,On Time,Medium Risk
5235,0,2,5,5,271,4,0,1,10,4305,1,1,1,0,1,1,0,0.40509757,0,On Time,Medium Risk
5236,1,2,5,2,249,3,0,0,8,5000,1,1,1,0,1,1,1,0.5062198,1,Late,Medium Risk
5237,2,2,5,5,259,3,2,0,1,4608,0,1,1,0,1,1,0,0.7381749,1,Late,High Risk
5238,4,2,3,1,176,3,1,0,7,4276,0,0,1,0,0,1,1,0.6592282,1,Late,High Risk
5239,3,2,4,1,139,3,1,0,1,5502,1,1,1,0,0,1,1,0.68380135,1,Late,High Risk
5240,4,2,3,1,243,3,2,0,2,5827,1,0,1,0,1,1,1,0.6087393,1,Late,High Risk
5241,0,2,5,3,248,3,2,1,10,5567,1,1,1,0,1,1,0,0.5116788,1,Late,Medium Risk
5242,1,2,3,4,247,3,1,1,6,4873,0,0,1,0,1,1,0,0.62799937,1,Late,High Risk
5243,2,2,5,5,230,10,0,0,3,5391,0,1,1,0,1,1,0,0.69585097,1,Late,High Risk
5244,4,2,5,5,134,3,0,0,5,5783,1,1,1,0,0,1,0,0.5006239,1,Late,Medium Risk
5245,3,2,4,2,184,3,1,1,10,4931,0,1,1,0,0,1,1,0.67983246,1,Late,High Risk
5246,4,2,4,4,263,3,2,1,10,4680,0,1,1,0,1,1,0,0.5683311,1,Late,Medium Risk
5247,0,2,5,2,121,5,0,0,4,5833,0,1,1,0,0,1,1,0.5827569,1,Late,Medium Risk
5248,1,2,3,1,160,3,2,0,4,5132,0,0,1,0,0,1,1,0.72247744,1,Late,High Risk
5249,2,2,4,1,229,4,2,0,2,5378,1,1,1,0,1,1,1,0.6977605,1,Late,High Risk
5250,4,2,7,5,306,4,2,0,2,1281,0,1,1,1,1,1,0,0.6297438,1,Late,High Risk
5251,3,2,6,2,291,4,1,0,7,1046,0,1,1,1,1,1,1,0.54240614,1,Late,Medium Risk
5252,4,2,6,4,292,4,1,1,9,1056,1,1,1,1,1,1,0,0.36051318,0,On Time,Medium Risk
5253,0,2,6,5,293,5,1,0,1,1278,0,1,1,1,1,1,0,0.63974154,1,Late,High Risk
5254,1,2,6,4,275,4,1,1,10,1266,1,1,1,1,1,1,0,0.47695294,0,On Time,Medium Risk
5255,2,2,6,3,274,4,1,1,10,1174,0,1,1,1,1,1,0,0.6143219,1,Late,High Risk
5256,4,2,7,2,310,4,1,1,4,1806,0,1,1,1,1,1,1,0.7478915,1,Late,High Risk
5257,3,2,6,5,292,4,1,0,10,1969,1,1,1,1,1,1,0,0.40129092,0,On Time,Medium Risk
5258,4,2,6,1,275,4,1,0,5,1228,0,1,1,1,1,1,1,0.6325482,1,Late,High Risk
5259,0,2,7,3,310,4,2,1,8,1860,1,1,1,1,1,1,0,0.71466357,1,Late,High Risk
5260,1,2,7,5,281,4,1,1,8,1987,1,1,1,1,1,1,0,0.42231557,0,On Time,Medium Risk
5261,2,2,6,5,256,4,1,1,5,1033,1,1,1,1,1,1,0,0.64491755,1,Late,High Risk
5262,4,2,6,4,304,4,1,0,2,1749,0,1,1,1,1,1,0,0.39393803,0,On Time,Medium Risk
5263,3,2,6,4,285,4,2,1,6,1582,0,1,1,1,1,1,0,0.6750802,1,Late,High Risk
5264,4,2,7,4,283,5,1,1,6,1882,1,1,1,1,1,1,0,0.38049883,0,On Time,Medium Risk
5265,0,2,6,1,304,4,1,0,4,1236,1,1,1,1,1,1,1,0.75528765,1,Late,High Risk
5266,1,2,6,3,282,4,2,1,3,1661,0,1,1,1,1,1,0,0.6177435,1,Late,High Risk
5267,2,2,6,2,304,5,2,1,6,1178,1,1,1,1,1,1,1,0.7248892,1,Late,High Risk
5268,4,2,6,2,301,5,2,1,3,1844,1,1,1,1,1,1,1,0.61612934,1,Late,High Risk
5269,3,2,7,2,296,4,1,0,6,1005,1,1,1,1,1,1,1,0.620447,1,Late,High Risk
5270,4,2,6,4,264,4,1,1,1,1660,1,1,1,1,1,1,0,0.5440862,1,Late,Medium Risk
5271,0,2,6,4,306,4,1,0,6,1461,0,1,1,1,1,1,0,0.7150515,1,Late,High Risk
5272,1,2,7,4,243,4,2,0,6,1362,1,1,1,1,1,1,0,0.35419413,0,On Time,Medium Risk
5273,2,2,6,2,286,4,1,1,9,1418,0,1,1,1,1,1,1,0.71757466,1,Late,High Risk
5274,4,2,6,2,247,4,2,1,1,1668,0,1,1,1,1,1,1,0.69090587,1,Late,High Risk
5275,3,2,7,5,292,5,1,1,5,1932,1,1,1,1,1,1,0,0.4386658,0,On Time,Medium Risk
5276,4,2,6,2,281,2,2,0,9,1715,1,1,1,1,1,0,1,0.49069548,0,On Time,Medium Risk
5277,0,2,6,5,294,4,1,1,4,1302,0,1,1,1,1,1,0,0.64747685,1,Late,High Risk
5278,1,2,5,1,279,4,1,0,3,1499,0,1,1,1,1,1,1,0.6111618,1,Late,High Risk
5279,2,2,6,4,298,4,2,1,9,1629,0,1,1,1,1,1,0,0.68601424,1,Late,High Risk
5280,4,2,6,3,248,4,1,0,6,1997,1,1,1,1,1,1,0,0.42370832,0,On Time,Medium Risk
5281,3,2,6,5,261,4,1,0,3,1217,1,1,1,1,1,1,0,0.59050155,1,Late,Medium Risk
5282,4,2,5,2,136,2,1,1,3,1370,0,1,1,1,0,0,1,0.4399994,0,On Time,Medium Risk
5283,0,2,6,3,259,5,2,0,1,1271,0,1,1,1,1,1,0,0.5971631,1,Late,Medium Risk
5284,1,2,6,4,292,4,2,0,7,1094,1,1,1,1,1,1,0,0.36395577,0,On Time,Medium Risk
5285,2,2,7,4,305,4,2,0,6,1873,0,1,1,1,1,1,0,0.48925295,0,On Time,Medium Risk
5286,4,2,6,2,304,4,1,0,9,1392,0,1,1,1,1,1,1,0.7667621,1,Late,High Risk
5287,3,2,3,5,218,2,1,1,4,5142,0,0,1,0,1,0,0,0.71186763,1,Late,High Risk
5288,4,2,4,1,268,3,2,1,6,4681,1,1,1,0,1,1,1,0.5064123,1,Late,Medium Risk
5289,0,2,2,3,110,5,1,1,3,4124,0,0,1,0,0,1,0,0.6897747,1,Late,High Risk
5290,1,2,4,4,248,3,1,0,1,5198,0,1,1,0,1,1,0,0.60219383,1,Late,High Risk
5291,2,2,4,3,194,2,2,1,4,5780,1,1,1,0,0,0,0,0.58987707,1,Late,Medium Risk
5292,4,2,5,4,151,2,1,0,10,5643,1,1,1,0,0,0,0,0.63955176,1,Late,High Risk
5293,3,2,3,2,205,2,1,1,6,4853,0,0,1,0,0,0,1,0.6775717,1,Late,High Risk
5294,4,2,2,1,275,2,1,0,5,4163,1,0,1,0,1,0,1,0.70668304,1,Late,High Risk
5295,0,2,5,3,229,2,2,1,10,5149,0,1,1,0,1,0,0,0.64630854,1,Late,High Risk
5296,1,2,3,4,169,3,1,0,4,5716,0,0,1,0,0,1,0,0.7097756,1,Late,High Risk
5297,2,2,3,1,137,5,1,0,8,4980,1,0,1,0,0,1,1,0.6024273,1,Late,High Risk
5298,4,2,3,2,263,3,2,0,3,4181,0,0,1,0,1,1,1,0.6312675,1,Late,High Risk
5299,3,2,5,4,187,3,1,0,1,4181,0,1,1,0,0,1,0,0.5668105,1,Late,Medium Risk
5300,4,2,4,3,287,4,1,1,6,5889,0,1,1,0,1,1,0,0.7238721,1,Late,High Risk
5301,0,2,4,4,134,2,2,0,5,5230,0,1,1,0,0,0,0,0.6852003,1,Late,High Risk
5302,1,2,5,4,244,3,2,0,3,4015,0,1,1,0,1,1,0,0.541436,1,Late,Medium Risk
5303,2,2,4,3,229,2,2,0,8,5868,0,1,1,0,1,0,0,0.72569066,1,Late,High Risk
5304,4,2,5,1,203,5,2,1,2,4845,0,1,1,0,0,1,1,0.74951917,1,Late,High Risk
5305,3,2,4,5,183,2,2,0,8,4422,0,1,1,0,0,0,0,0.65203613,1,Late,High Risk
5306,4,2,4,2,146,2,2,1,4,4348,1,1,1,0,0,0,1,0.6893268,1,Late,High Risk
5307,0,2,4,4,252,3,2,1,1,5676,1,1,1,0,1,1,0,0.5937719,1,Late,Medium Risk
5308,1,2,3,5,133,3,2,1,7,4314,0,0,1,0,0,1,0,0.65070724,1,Late,High Risk
5309,2,2,3,3,207,3,1,1,7,4816,1,0,1,0,0,1,0,0.6113365,1,Late,High Risk
5310,4,2,3,4,243,3,2,1,8,5705,1,0,1,0,1,1,0,0.6187941,1,Late,High Risk
5311,3,2,2,1,219,4,1,1,7,5573,1,0,1,0,1,1,1,0.73681164,1,Late,High Risk
5312,4,2,3,1,182,2,1,0,3,5510,1,0,1,0,0,0,1,0.7582237,1,Late,High Risk
5313,0,2,5,5,257,3,2,0,5,5084,0,1,1,0,1,1,0,0.6626285,1,Late,High Risk
5314,1,2,4,2,256,4,2,1,4,5469,0,1,1,0,1,1,1,0.6247667,1,Late,High Risk
5315,2,2,3,5,181,4,0,0,1,4971,1,0,1,0,0,1,0,0.48227376,0,On Time,Medium Risk
5316,4,2,3,1,219,3,2,1,6,4893,1,0,1,0,1,1,1,0.6223905,1,Late,High Risk
5317,3,1,4,3,227,2,1,1,3,4375,0,1,1,0,1,0,0,0.600325,1,Late,High Risk
5318,4,1,3,5,232,2,0,0,8,5146,0,0,1,0,1,0,0,0.6569113,1,Late,High Risk
5319,0,1,6,4,143,4,2,1,4,4401,0,1,1,0,0,1,0,0.7722937,1,Late,High Risk
5320,1,1,4,3,274,3,0,0,7,5517,0,1,1,0,1,1,0,0.48910958,0,On Time,Medium Risk
5321,2,1,4,4,186,3,1,0,2,4430,0,1,1,0,0,1,0,0.7172456,1,Late,High Risk
5322,4,1,3,4,273,3,1,1,3,5163,1,0,1,0,1,1,0,0.65513897,1,Late,High Risk
5323,3,1,3,3,199,3,1,1,7,5258,1,0,1,0,0,1,0,0.5797114,1,Late,Medium Risk
5324,4,1,4,4,238,3,2,0,5,4724,1,1,1,0,1,1,0,0.64633596,1,Late,High Risk
5325,0,1,4,3,175,3,2,0,4,5784,0,1,1,0,0,1,0,0.57462734,1,Late,Medium Risk
5326,1,1,4,2,252,6,2,1,2,5476,0,1,1,0,1,1,1,0.6586824,1,Late,High Risk
5327,2,1,6,1,250,3,1,1,5,5621,1,1,1,0,1,1,1,0.59948653,1,Late,Medium Risk
5328,4,1,3,2,254,2,2,0,10,5608,0,0,1,0,1,0,1,0.7668823,1,Late,High Risk
5329,3,1,2,4,201,2,0,1,2,5115,0,0,1,0,0,0,0,0.67009705,1,Late,High Risk
5330,4,1,5,1,234,3,0,0,9,5548,0,1,1,0,1,1,1,0.7496909,1,Late,High Risk
5331,0,1,4,2,164,4,1,1,2,5008,0,1,1,0,0,1,1,0.7927116,1,Late,High Risk
5332,1,1,4,1,197,3,1,1,2,4326,0,1,1,0,0,1,1,0.72191477,1,Late,High Risk
5333,2,1,4,3,158,4,2,1,7,4460,0,1,1,0,0,1,0,0.68725914,1,Late,High Risk
5334,4,1,3,2,158,3,2,1,4,5335,0,0,1,0,0,1,1,0.73874235,1,Late,High Risk
5335,3,1,5,3,111,4,2,0,8,4575,0,1,1,0,0,1,0,0.8123131,1,Late,High Risk
5336,4,1,5,3,215,3,1,0,2,4731,1,1,1,0,1,1,0,0.57206464,1,Late,Medium Risk
5337,0,1,6,3,233,3,2,0,9,4293,1,1,1,0,1,1,0,0.6541526,1,Late,High Risk
5338,1,1,4,4,204,3,2,1,8,5614,0,1,1,0,0,1,0,0.61518705,1,Late,High Risk
5339,2,0,2,5,254,2,1,1,10,5718,1,0,1,0,1,0,0,0.40328878,0,On Time,Medium Risk
5340,4,0,5,1,162,3,2,0,1,5537,0,1,1,0,0,1,1,0.7691646,1,Late,High Risk
5341,3,0,4,1,249,5,1,1,9,4396,0,1,1,0,1,1,1,0.7360866,1,Late,High Risk
5342,4,0,3,2,151,3,1,0,7,5154,1,0,1,0,0,1,1,0.74087816,1,Late,High Risk
5343,0,0,4,2,243,2,2,0,6,4573,0,1,1,0,1,0,1,0.6707757,1,Late,High Risk
5344,1,0,4,2,181,3,1,1,4,5078,0,1,1,0,0,1,1,0.6508453,1,Late,High Risk
5345,2,0,4,3,241,2,2,0,4,5942,1,1,1,0,1,0,0,0.5089641,1,Late,Medium Risk
5346,4,0,3,3,175,3,1,1,2,5740,1,0,1,0,0,1,0,0.5019752,1,Late,Medium Risk
5347,3,0,3,1,191,2,2,0,10,5073,0,0,1,0,0,0,1,0.6515422,1,Late,High Risk
5348,4,0,4,5,260,3,0,1,10,4919,0,1,1,0,1,1,0,0.58334196,1,Late,Medium Risk
5349,0,0,4,1,263,4,1,1,9,4390,0,1,1,0,1,1,1,0.74173254,1,Late,High Risk
5350,1,0,4,1,254,2,1,1,10,4230,1,1,1,0,1,0,1,0.62055475,1,Late,High Risk
5351,2,0,5,5,103,6,2,0,2,4860,0,1,1,0,0,1,0,0.6871733,1,Late,High Risk
5352,4,0,5,2,254,5,2,0,2,5655,1,1,1,0,1,1,1,0.70392954,1,Late,High Risk
5353,3,0,5,4,235,2,2,1,9,5549,0,1,1,0,1,0,0,0.70011497,1,Late,High Risk
5354,4,0,4,3,167,3,2,0,1,4621,1,1,1,0,0,1,0,0.7338531,1,Late,High Risk
5355,0,0,4,5,140,5,2,0,3,4191,1,1,1,0,0,1,0,0.7238338,1,Late,High Risk
5356,1,0,4,1,231,3,2,1,2,4940,0,1,1,0,1,1,1,0.64947546,1,Late,High Risk
5357,2,0,2,4,144,4,1,0,8,5760,1,0,1,0,0,1,0,0.60120827,1,Late,High Risk
5358,4,0,4,5,183,2,2,0,2,4533,1,1,1,0,0,0,0,0.6689059,1,Late,High Risk
5359,3,0,4,3,149,3,1,0,3,5542,0,1,1,0,0,1,0,0.75680417,1,Late,High Risk
5360,4,0,4,4,145,2,2,1,8,5645,1,1,1,0,0,0,0,0.6216425,1,Late,High Risk
5361,0,2,3,3,223,3,2,0,4,5062,1,0,1,0,1,1,0,0.5495251,1,Late,Medium Risk
5362,1,2,4,2,251,2,1,0,10,4898,1,1,1,0,1,0,1,0.61472523,1,Late,High Risk
5363,2,2,4,2,240,3,2,1,9,5170,1,1,1,0,1,1,1,0.6113409,1,Late,High Risk
5364,4,2,4,5,226,5,1,0,5,4833,0,1,1,0,1,1,0,0.66936,1,Late,High Risk
5365,3,2,4,1,200,2,1,1,5,5072,1,1,1,0,0,0,1,0.7175384,1,Late,High Risk
5366,4,2,3,4,213,3,0,0,4,5996,0,0,1,0,0,1,0,0.65455824,1,Late,High Risk
5367,0,2,3,4,166,2,1,0,10,5258,0,0,1,0,0,0,0,0.70248526,1,Late,High Risk
5368,1,2,5,2,203,6,2,0,7,5289,0,1,1,0,0,1,1,0.61316687,1,Late,High Risk
5369,2,2,3,4,175,2,2,1,9,5643,1,0,1,0,0,0,0,0.75108314,1,Late,High Risk
5370,4,2,4,2,197,3,1,0,6,5826,0,1,1,0,0,1,1,0.78017294,1,Late,High Risk
5371,3,2,4,1,158,3,2,1,5,5782,0,1,1,0,0,1,1,0.67945296,1,Late,High Risk
5372,4,2,4,2,257,2,1,1,7,5325,1,1,1,0,1,0,1,0.6493389,1,Late,High Risk
5373,0,2,3,1,183,2,2,0,3,4042,0,0,1,0,0,0,1,0.58615994,1,Late,Medium Risk
5374,1,2,3,3,254,2,2,1,8,4890,1,0,1,0,1,0,0,0.5933279,1,Late,Medium Risk
5375,2,2,3,1,219,2,2,0,10,4390,1,0,1,0,1,0,1,0.69776803,1,Late,High Risk
5376,4,2,3,5,271,4,1,1,3,5831,1,0,1,0,1,1,0,0.47229925,0,On Time,Medium Risk
5377,3,2,4,4,236,2,2,0,5,5266,0,1,1,0,1,0,0,0.6979527,1,Late,High Risk
5378,4,2,5,1,170,4,0,1,6,5258,1,1,1,0,0,1,1,0.67557514,1,Late,High Risk
5379,0,2,5,4,203,2,0,0,2,4190,1,1,1,0,0,0,0,0.5859428,1,Late,Medium Risk
5380,1,2,3,5,258,3,1,1,5,4314,1,0,1,0,1,1,0,0.51560587,1,Late,Medium Risk
5381,2,2,4,5,228,2,1,0,4,4783,1,1,1,0,1,0,0,0.5996241,1,Late,Medium Risk
5382,4,2,6,3,251,5,2,1,8,4877,0,1,1,0,1,1,0,0.69935185,1,Late,High Risk
5383,3,2,3,3,166,2,2,1,4,4254,1,0,1,0,0,0,0,0.6369142,1,Late,High Risk
5384,4,2,3,5,147,3,1,0,4,5042,0,0,1,0,0,1,0,0.77059203,1,Late,High Risk
5385,0,2,5,4,248,4,2,0,5,4271,1,1,1,0,1,1,0,0.6934153,1,Late,High Risk
5386,1,2,3,2,238,4,1,0,7,5254,0,0,1,0,1,1,1,0.6995498,1,Late,High Risk
5387,2,2,4,4,219,2,2,1,7,4604,0,1,1,0,1,0,0,0.6934093,1,Late,High Risk
5388,4,2,5,2,226,3,2,1,6,4700,1,1,1,0,1,1,1,0.5878916,1,Late,Medium Risk
5389,3,2,3,3,211,4,1,1,7,4733,0,0,1,0,0,1,0,0.6731799,1,Late,High Risk
5390,4,2,5,4,139,3,2,0,6,5721,0,1,1,0,0,1,0,0.6301679,1,Late,High Risk
5391,0,2,4,2,137,2,2,0,2,5804,1,1,1,0,0,0,1,0.52808714,1,Late,Medium Risk
5392,1,2,4,4,222,2,2,1,7,4343,0,1,1,0,1,0,0,0.6041125,1,Late,High Risk
5393,2,2,2,3,257,2,1,0,1,5331,1,0,1,0,1,0,0,0.6522403,1,Late,High Risk
5394,4,2,5,1,186,4,2,1,5,5239,0,1,1,0,0,1,1,0.7398407,1,Late,High Risk
5395,3,2,4,2,262,3,1,1,4,5085,0,1,1,0,1,1,1,0.6014775,1,Late,High Risk
5396,4,2,4,3,248,3,1,1,5,4781,1,1,1,0,1,1,0,0.5700604,1,Late,Medium Risk
5397,0,2,5,3,245,3,2,0,5,5663,0,1,1,0,1,1,0,0.7084244,1,Late,High Risk
5398,1,2,5,3,202,4,1,1,6,5107,0,1,1,0,0,1,0,0.6536535,1,Late,High Risk
5399,2,2,4,3,279,6,2,1,2,5405,0,1,1,0,1,1,0,0.7376894,1,Late,High Risk
5400,4,2,5,1,263,3,2,1,6,4505,1,1,1,0,1,1,1,0.59440637,1,Late,Medium Risk
5401,3,2,3,5,227,4,1,0,9,4647,0,0,1,0,1,1,0,0.69367075,1,Late,High Risk
5402,4,2,5,3,245,4,0,1,8,4129,1,1,1,0,1,1,0,0.5491553,1,Late,Medium Risk
5403,0,2,4,5,142,2,2,0,7,4594,1,1,1,0,0,0,0,0.7965789,1,Late,High Risk
5404,1,2,5,3,192,3,2,0,6,4037,1,1,1,0,0,1,0,0.31468356,0,On Time,Medium Risk
5405,2,2,4,3,190,4,2,1,4,4102,1,1,1,0,0,1,0,0.41474605,0,On Time,Medium Risk
5406,4,2,2,2,146,4,1,1,4,5817,0,0,1,0,0,1,1,0.7645482,1,Late,High Risk
5407,3,2,4,3,161,2,2,1,3,4391,1,1,1,0,0,0,0,0.6550657,1,Late,High Risk
5408,4,2,3,3,192,3,1,0,1,4180,1,0,1,0,0,1,0,0.4712952,0,On Time,Medium Risk
5409,0,2,3,1,267,3,1,1,5,5528,0,0,1,0,1,1,1,0.6527102,1,Late,High Risk
5410,1,2,5,5,186,4,2,0,9,5592,1,1,1,0,0,1,0,0.72126734,1,Late,High Risk
5411,2,2,4,2,149,5,2,0,8,4209,0,1,1,0,0,1,1,0.8358521,1,Late,High Risk
5412,4,2,4,4,246,3,1,1,2,5473,1,1,1,0,1,1,0,0.56333953,1,Late,Medium Risk
5413,3,2,3,2,177,4,1,0,3,5527,0,0,1,0,0,1,1,0.75251573,1,Late,High Risk
5414,4,2,4,5,199,2,1,0,8,4463,0,1,1,0,0,0,0,0.7082279,1,Late,High Risk
5415,0,2,5,2,247,3,2,0,3,4698,1,1,1,0,1,1,1,0.5613673,1,Late,Medium Risk
5416,1,2,4,5,157,3,2,0,2,4343,1,1,1,0,0,1,0,0.5868828,1,Late,Medium Risk
5417,2,2,3,1,202,3,2,0,9,4322,0,0,1,0,0,1,1,0.74722445,1,Late,High Risk
5418,4,2,4,2,150,3,1,1,6,5787,1,1,1,0,0,1,1,0.78923565,1,Late,High Risk
5419,3,2,5,5,209,2,1,0,3,4348,0,1,1,0,0,0,0,0.73258936,1,Late,High Risk
5420,4,2,5,3,223,3,1,1,6,5977,0,1,1,0,1,1,0,0.77063847,1,Late,High Risk
5421,0,2,3,3,234,3,1,0,8,4839,1,0,1,0,1,1,0,0.5784307,1,Late,Medium Risk
5422,1,2,6,1,147,3,2,0,5,4012,0,1,1,0,0,1,1,0.72621876,1,Late,High Risk
5423,2,2,6,5,201,5,2,1,3,5771,0,1,1,0,0,1,0,0.5853201,1,Late,Medium Risk
5424,4,2,5,3,134,2,1,1,10,5279,1,1,1,0,0,0,0,0.7012332,1,Late,High Risk
5425,3,2,4,1,229,4,1,0,3,4352,1,1,1,0,1,1,1,0.6609333,1,Late,High Risk
5426,4,2,4,4,200,4,1,0,3,5583,1,1,1,0,0,1,0,0.7279498,1,Late,High Risk
5427,0,2,4,4,239,3,1,1,4,4756,0,1,1,0,1,1,0,0.6313897,1,Late,High Risk
5428,1,2,5,4,237,6,2,1,2,4541,0,1,1,0,1,1,0,0.77721566,1,Late,High Risk
5429,2,2,5,2,121,5,2,0,10,4790,0,1,1,0,0,1,1,0.8520538,1,Late,High Risk
5430,4,2,3,4,156,3,2,1,6,5255,1,0,1,0,0,1,0,0.6094222,1,Late,High Risk
5431,3,2,5,3,195,4,1,0,9,5577,0,1,1,0,0,1,0,0.7244265,1,Late,High Risk
5432,4,2,4,4,261,3,0,1,9,5515,0,1,1,0,1,1,0,0.61757594,1,Late,High Risk
5433,0,2,2,1,255,2,2,1,9,5936,1,0,1,0,1,0,1,0.7169463,1,Late,High Risk
5434,1,2,3,5,212,4,1,0,9,5791,0,0,1,0,0,1,0,0.7467532,1,Late,High Risk
5435,2,2,4,4,241,3,1,0,8,5206,1,1,1,0,1,1,0,0.61049473,1,Late,High Risk
5436,4,2,4,5,266,3,2,0,4,5928,1,1,1,0,1,1,0,0.62010163,1,Late,High Risk
5437,3,2,4,5,253,2,1,1,8,5652,0,1,1,0,1,0,0,0.6936096,1,Late,High Risk
5438,4,2,4,3,192,3,2,0,10,5190,0,1,1,0,0,1,0,0.6333803,1,Late,High Risk
5439,0,2,4,4,263,4,2,1,7,4041,1,1,1,0,1,1,0,0.45498255,0,On Time,Medium Risk
5440,1,2,4,5,198,6,2,0,6,5380,0,1,1,0,0,1,0,0.7467666,1,Late,High Risk
5441,2,2,3,1,225,2,0,1,6,5274,1,0,1,0,1,0,1,0.5884094,1,Late,Medium Risk
5442,4,2,3,1,209,2,2,0,3,4184,0,0,1,0,0,0,1,0.75996476,1,Late,High Risk
5443,3,2,3,4,222,3,2,1,3,4068,0,0,1,0,1,1,0,0.55180204,1,Late,Medium Risk
5444,4,2,3,1,162,3,2,0,7,5971,0,0,1,0,0,1,1,0.726252,1,Late,High Risk
5445,0,2,5,1,217,2,2,1,6,5518,0,1,1,0,1,0,1,0.76098245,1,Late,High Risk
5446,1,2,3,5,252,4,1,0,7,5328,1,0,1,0,1,1,0,0.63953644,1,Late,High Risk
5447,2,2,4,1,236,3,1,0,4,4248,0,1,1,0,1,1,1,0.6919726,1,Late,High Risk
5448,4,2,4,4,113,3,2,0,1,5610,1,1,1,0,0,1,0,0.58197653,1,Late,Medium Risk
5449,3,2,6,4,157,6,1,0,9,5354,1,1,1,0,0,1,0,0.482153,0,On Time,Medium Risk
5450,4,2,5,3,169,4,1,0,4,5683,0,1,1,0,0,1,0,0.699736,1,Late,High Risk
5451,0,2,5,3,268,3,2,0,9,4152,1,1,1,0,1,1,0,0.6665604,1,Late,High Risk
5452,1,2,4,4,259,7,2,1,7,4408,0,1,1,0,1,1,0,0.5620954,1,Late,Medium Risk
5453,2,2,3,2,135,7,2,0,5,4716,0,0,1,0,0,1,1,0.65352714,1,Late,High Risk
5454,4,1,4,1,196,5,1,1,7,5380,0,1,1,0,0,1,1,0.78976566,1,Late,High Risk
5455,3,1,5,5,132,2,0,0,1,4233,0,1,1,0,0,0,0,0.7735067,1,Late,High Risk
5456,4,1,3,5,256,2,2,0,9,5750,0,0,1,0,1,0,0,0.64691985,1,Late,High Risk
5457,0,1,3,5,240,8,1,1,9,4436,1,0,1,0,1,1,0,0.5418802,1,Late,Medium Risk
5458,1,1,2,3,225,7,0,1,7,4009,1,0,1,0,1,1,0,0.22524382,0,On Time,Low Risk
5459,2,1,5,2,205,3,1,0,3,5182,0,1,1,0,0,1,1,0.6761264,1,Late,High Risk
5460,4,1,4,4,146,3,1,0,10,5805,0,1,1,0,0,1,0,0.65051854,1,Late,High Risk
5461,3,1,7,3,281,4,1,0,4,1480,0,1,1,1,1,1,0,0.76300454,1,Late,High Risk
5462,4,1,6,4,256,4,1,0,2,1752,1,1,1,1,1,1,0,0.52833503,1,Late,Medium Risk
5463,0,1,6,2,304,4,1,1,2,1256,1,1,1,1,1,1,1,0.685644,1,Late,High Risk
5464,1,1,6,4,285,4,2,1,9,1180,0,1,1,1,1,1,0,0.6029763,1,Late,High Risk
5465,2,1,7,5,283,5,1,1,8,1578,0,1,1,1,1,1,0,0.72475666,1,Late,High Risk
5466,4,1,6,4,304,4,1,1,6,1890,1,1,1,1,1,1,0,0.6468401,1,Late,High Risk
5467,3,1,6,1,282,4,2,1,4,1716,0,1,1,1,1,1,1,0.6683701,1,Late,High Risk
5468,4,1,6,3,304,5,2,0,6,1184,0,1,1,1,1,1,0,0.77036667,1,Late,High Risk
5469,0,1,6,5,301,5,2,1,3,1628,0,1,1,1,1,1,0,0.8309283,1,Late,High Risk
5470,1,1,7,1,296,4,1,0,10,1230,1,1,1,1,1,1,1,0.5426921,1,Late,Medium Risk
5471,2,1,6,5,264,4,1,1,1,1039,1,1,1,1,1,1,0,0.5038793,1,Late,Medium Risk
5472,4,1,6,4,306,4,1,1,9,1595,0,1,1,1,1,1,0,0.5995351,1,Late,Medium Risk
5473,3,1,4,1,241,3,1,1,4,4493,1,1,1,0,1,1,1,0.54208785,1,Late,Medium Risk
5474,4,1,4,5,266,3,2,1,8,4889,0,1,1,0,1,1,0,0.61545056,1,Late,High Risk
5475,0,1,4,4,253,2,1,0,6,5892,0,1,1,0,1,0,0,0.7409676,1,Late,High Risk
5476,1,0,4,2,192,3,2,0,3,4922,0,1,1,0,0,1,1,0.52414376,1,Late,Medium Risk
5477,2,0,4,5,263,4,2,0,7,4243,1,1,1,0,1,1,0,0.5634703,1,Late,Medium Risk
5478,4,0,4,4,198,6,2,1,9,5730,1,1,1,0,0,1,0,0.46223196,0,On Time,Medium Risk
5479,3,0,3,4,225,2,0,1,5,5997,0,0,1,0,1,0,0,0.7064719,1,Late,High Risk
5480,4,0,3,2,209,2,2,1,6,5095,1,0,1,0,0,0,1,0.65404457,1,Late,High Risk
5481,0,0,3,1,222,3,2,0,8,4650,1,0,1,0,1,1,1,0.6801705,1,Late,High Risk
5482,1,0,3,5,162,3,2,1,1,4480,0,0,1,0,0,1,0,0.7696596,1,Late,High Risk
5483,2,0,5,4,217,2,2,1,4,4380,1,1,1,0,1,0,0,0.5494112,1,Late,Medium Risk
5484,4,0,3,4,252,4,1,0,10,5495,0,0,1,0,1,1,0,0.69271016,1,Late,High Risk
5485,3,0,4,5,236,3,1,1,8,4132,0,1,1,0,1,1,0,0.66601205,1,Late,High Risk
5486,4,0,4,5,113,3,2,0,10,4053,1,1,1,0,0,1,0,0.23035294,0,On Time,Low Risk
5487,0,0,6,1,157,6,1,1,1,4631,1,1,1,0,0,1,1,0.66205543,1,Late,High Risk
5488,1,0,5,5,169,4,1,0,2,4188,0,1,1,0,0,1,0,0.6798929,1,Late,High Risk
5489,2,0,5,5,268,3,2,1,2,4459,1,1,1,0,1,1,0,0.49346304,0,On Time,Medium Risk
5490,4,0,4,1,259,7,2,0,4,5102,0,1,1,0,1,1,1,0.73250884,1,Late,High Risk
5491,3,0,3,2,135,7,2,1,8,4901,0,0,1,0,0,1,1,0.77784336,1,Late,High Risk
5492,4,0,4,4,196,5,1,0,6,4258,0,1,1,0,0,1,0,0.62373644,1,Late,High Risk
5493,0,0,5,5,132,2,0,1,6,4392,0,1,1,0,0,0,0,0.66103005,1,Late,High Risk
5494,1,0,3,5,256,2,2,0,4,5368,1,0,1,0,1,0,0,0.44735694,0,On Time,Medium Risk
5495,2,0,3,2,240,8,1,0,9,4908,0,0,1,0,1,1,1,0.6685988,1,Late,High Risk
5496,4,0,2,2,225,7,0,1,9,4947,1,0,1,0,1,1,1,0.6952529,1,Late,High Risk
5497,3,0,5,2,205,3,1,0,2,4270,0,1,1,0,0,1,1,0.66804856,1,Late,High Risk
5498,4,2,4,4,146,3,1,1,10,4472,1,1,1,0,0,1,0,0.65795565,1,Late,High Risk
5499,0,2,7,3,281,4,1,1,1,1215,1,1,1,1,1,1,0,0.44509447,0,On Time,Medium Risk
5500,1,2,6,4,256,4,1,0,9,1676,0,1,1,1,1,1,0,0.7494487,1,Late,High Risk
5501,2,2,6,4,304,4,1,1,7,1226,1,1,1,1,1,1,0,0.39935485,0,On Time,Medium Risk
5502,4,2,6,2,285,4,2,1,6,1016,1,1,1,1,1,1,1,0.50854063,1,Late,Medium Risk
5503,3,2,7,2,283,5,1,0,10,1722,1,1,1,1,1,1,1,0.4392892,0,On Time,Medium Risk
5504,4,2,6,5,304,4,1,0,6,1864,1,1,1,1,1,1,0,0.5690481,1,Late,Medium Risk
5505,0,2,6,2,282,4,2,1,8,1553,0,1,1,1,1,1,1,0.76932126,1,Late,High Risk
5506,1,2,6,3,304,5,2,0,10,1254,1,1,1,1,1,1,0,0.34755895,0,On Time,Medium Risk
5507,2,2,6,5,301,5,2,0,7,1209,1,1,1,1,1,1,0,0.5243062,1,Late,Medium Risk
5508,4,2,7,1,296,4,1,1,4,1446,0,1,1,1,1,1,1,0.7276451,1,Late,High Risk
5509,3,2,6,5,264,4,1,0,4,1822,1,1,1,1,1,1,0,0.6148852,1,Late,High Risk
5510,4,2,6,4,304,4,1,1,6,1342,0,1,1,1,1,1,0,0.6261206,1,Late,High Risk
5511,0,2,6,2,305,4,1,1,8,1015,0,1,1,1,1,1,1,0.80302006,1,Late,High Risk
5512,1,2,6,2,309,4,1,1,7,1941,0,1,1,1,1,1,1,0.8548947,1,Late,High Risk
5513,2,2,6,5,266,4,2,0,6,1312,1,1,1,1,1,1,0,0.6195086,1,Late,High Risk
5514,4,2,4,1,233,4,1,1,2,1809,0,1,1,1,1,1,1,0.7390209,1,Late,High Risk
5515,3,2,5,3,287,4,1,1,2,1437,0,1,1,1,1,1,0,0.6520006,1,Late,High Risk
5516,4,2,6,5,268,4,1,1,10,1170,0,1,1,1,1,1,0,0.6698607,1,Late,High Risk
5517,0,2,6,2,290,4,2,1,2,1070,1,1,1,1,1,1,1,0.45986268,0,On Time,Medium Risk
5518,1,2,7,4,291,4,0,1,4,1248,1,1,1,1,1,1,0,0.30734092,0,On Time,Medium Risk
5519,2,2,5,3,227,5,2,1,2,1965,0,1,1,1,1,1,0,0.56248623,1,Late,Medium Risk
5520,4,2,3,5,222,2,1,1,9,1321,0,0,1,1,1,0,0,0.56142455,1,Late,Medium Risk
5521,3,2,6,5,301,4,2,0,2,1943,0,1,1,1,1,1,0,0.6497632,1,Late,High Risk
5522,4,2,6,2,304,4,2,0,10,1983,1,1,1,1,1,1,1,0.5787198,1,Late,Medium Risk
5523,0,2,4,2,133,3,1,1,2,1212,1,1,1,1,0,1,1,0.07357795,0,On Time,Low Risk
5524,1,2,4,1,218,5,1,0,5,1238,0,1,1,1,1,1,1,0.7614833,1,Late,High Risk
5525,2,2,5,5,304,5,1,0,8,1949,1,1,1,1,1,1,0,0.4299276,0,On Time,Medium Risk
5526,4,2,6,1,260,4,2,1,9,1698,1,1,1,1,1,1,1,0.613434,1,Late,High Risk
5527,3,2,6,5,252,4,1,0,9,1460,0,1,1,1,1,1,0,0.7731928,1,Late,High Risk
5528,4,2,4,2,253,5,1,1,5,1812,0,1,1,1,1,1,1,0.66992,1,Late,High Risk
5529,0,2,6,4,248,4,1,0,6,1851,0,1,1,1,1,1,0,0.63823974,1,Late,High Risk
5530,1,2,5,3,237,5,2,0,4,1733,1,1,1,1,1,1,0,0.68897235,1,Late,High Risk
5531,2,2,5,3,264,5,2,0,5,1399,0,1,1,1,1,1,0,0.7123482,1,Late,High Risk
5532,4,2,6,1,308,4,2,1,1,1216,1,1,1,1,1,1,1,0.4471865,0,On Time,Medium Risk
5533,3,2,7,3,270,4,2,0,10,1211,0,1,1,1,1,1,0,0.54094636,1,Late,Medium Risk
5534,4,2,6,3,269,4,2,0,6,1822,1,1,1,1,1,1,0,0.65520805,1,Late,High Risk
5535,0,2,6,1,271,4,1,0,9,1302,0,1,1,1,1,1,1,0.7177983,1,Late,High Risk
5536,1,2,7,1,244,5,2,0,3,1418,1,1,1,1,1,1,1,0.34168318,0,On Time,Medium Risk
5537,2,2,6,2,245,4,1,0,8,1904,0,1,1,1,1,1,1,0.7377412,1,Late,High Risk
5538,4,2,5,4,219,5,1,1,5,1388,1,1,1,1,1,1,0,0.75923485,1,Late,High Risk
5539,3,2,6,2,257,4,1,0,4,1929,1,1,1,1,1,1,1,0.6459569,1,Late,High Risk
5540,4,2,3,3,226,3,1,1,4,5048,0,0,1,0,1,1,0,0.6168926,1,Late,High Risk
5541,0,2,4,4,200,2,1,1,5,5783,0,1,1,0,0,0,0,0.67840034,1,Late,High Risk
5542,1,2,4,4,260,2,1,1,3,5801,0,1,1,0,1,0,0,0.67658633,1,Late,High Risk
5543,2,2,3,4,142,2,2,0,7,5346,0,0,1,0,0,0,0,0.73875993,1,Late,High Risk
5544,4,2,5,3,193,5,2,1,3,5888,0,1,1,0,0,1,0,0.6495191,1,Late,High Risk
5545,3,2,5,2,180,3,2,1,1,4655,1,1,1,0,0,1,1,0.6494308,1,Late,High Risk
5546,4,2,4,3,232,3,2,0,8,5298,1,1,1,0,1,1,0,0.56818765,1,Late,Medium Risk
5547,0,2,3,2,148,2,1,0,1,4133,1,0,1,0,0,0,1,0.6700567,1,Late,High Risk
5548,1,2,5,3,205,4,1,1,9,4277,0,1,1,0,0,1,0,0.7491454,1,Late,High Risk
5549,2,2,3,4,212,3,2,0,3,4811,0,0,1,0,0,1,0,0.6458984,1,Late,High Risk
5550,4,2,3,4,168,2,2,1,9,5235,1,0,1,0,0,0,0,0.70160437,1,Late,High Risk
5551,3,2,3,5,145,2,1,0,2,4232,1,0,1,0,0,0,0,0.7222876,1,Late,High Risk
5552,4,2,3,5,253,3,2,1,9,5979,1,0,1,0,1,1,0,0.7111978,1,Late,High Risk
5553,0,2,3,5,143,2,1,0,6,4253,0,0,1,0,0,0,0,0.731803,1,Late,High Risk
5554,1,2,4,2,267,5,1,1,9,4720,1,1,1,0,1,1,1,0.6605845,1,Late,High Risk
5555,2,2,6,1,123,5,2,1,5,5323,1,1,1,0,0,1,1,0.6288795,1,Late,High Risk
5556,4,2,5,1,106,5,2,0,4,4180,0,1,1,0,0,1,1,0.7070676,1,Late,High Risk
5557,3,2,2,2,249,3,1,0,3,4129,1,0,1,0,1,1,1,0.5245541,1,Late,Medium Risk
5558,4,2,5,1,178,2,1,0,5,4369,0,1,1,0,0,0,1,0.7032978,1,Late,High Risk
5559,0,2,4,3,148,4,1,0,1,4243,0,1,1,0,0,1,0,0.74206275,1,Late,High Risk
5560,1,2,4,1,144,4,2,1,6,5197,1,1,1,0,0,1,1,0.7611505,1,Late,High Risk
5561,2,2,3,1,249,2,1,0,2,5572,1,0,1,0,1,0,1,0.6407551,1,Late,High Risk
5562,4,2,5,5,128,3,1,1,9,5143,1,1,1,0,0,1,0,0.4499543,0,On Time,Medium Risk
5563,3,2,4,4,228,4,0,1,1,5573,0,1,1,0,1,1,0,0.6713313,1,Late,High Risk
5564,4,2,3,4,242,2,1,0,10,5559,1,0,1,0,1,0,0,0.6767933,1,Late,High Risk
5565,0,2,4,2,272,3,2,0,1,4933,1,1,1,0,1,1,1,0.5682425,1,Late,Medium Risk
5566,1,2,4,1,173,2,2,0,8,4893,0,1,1,0,0,0,1,0.7128913,1,Late,High Risk
5567,2,2,3,2,189,6,1,1,7,4329,0,0,1,0,0,1,1,0.63774186,1,Late,High Risk
5568,4,2,4,2,245,2,1,1,3,4000,0,1,1,0,1,0,1,0.60957295,1,Late,High Risk
5569,3,2,4,1,211,3,0,1,5,5757,1,1,1,0,0,1,1,0.47587615,0,On Time,Medium Risk
5570,4,2,2,1,214,3,0,1,1,4391,0,0,1,0,0,1,1,0.7168165,1,Late,High Risk
5571,0,2,5,4,215,2,1,0,1,5669,0,1,1,0,1,0,0,0.69817924,1,Late,High Risk
5572,1,2,3,1,248,2,2,1,1,5703,0,0,1,0,1,0,1,0.59104276,1,Late,Medium Risk
5573,2,2,3,1,225,3,2,1,2,4284,0,0,1,0,1,1,1,0.59624857,1,Late,Medium Risk
5574,4,2,5,1,120,3,1,1,7,4381,1,1,1,0,0,1,1,0.50729126,1,Late,Medium Risk
5575,3,2,5,2,243,3,1,0,8,4133,1,1,1,0,1,1,1,0.6503545,1,Late,High Risk
5576,4,2,3,4,214,2,1,1,10,4794,0,0,1,0,0,0,0,0.7492148,1,Late,High Risk
5577,0,2,3,1,144,3,1,0,8,5221,1,0,1,0,0,1,1,0.6342005,1,Late,High Risk
5578,1,2,3,1,242,6,1,1,10,5493,1,0,1,0,1,1,1,0.6030203,1,Late,High Risk
5579,2,2,4,5,160,5,2,0,3,4648,1,1,1,0,0,1,0,0.787695,1,Late,High Risk
5580,4,2,5,5,139,4,2,0,3,4433,1,1,1,0,0,1,0,0.6786301,1,Late,High Risk
5581,3,2,3,1,221,4,2,0,8,5971,0,0,1,0,1,1,1,0.795857,1,Late,High Risk
5582,4,2,5,5,266,2,2,1,7,5712,1,1,1,0,1,0,0,0.6114004,1,Late,High Risk
5583,0,2,5,4,140,4,1,0,10,4528,0,1,1,0,0,1,0,0.8500863,1,Late,High Risk
5584,1,2,4,4,134,2,1,1,1,5209,1,1,1,0,0,0,0,0.7031306,1,Late,High Risk
5585,2,2,3,3,260,2,1,1,7,5738,0,0,1,0,1,0,0,0.6279594,1,Late,High Risk
5586,4,2,5,4,261,6,2,0,4,5349,0,1,1,0,1,1,0,0.70010793,1,Late,High Risk
5587,3,2,5,2,274,4,2,0,7,4929,0,1,1,0,1,1,1,0.6394053,1,Late,High Risk
5588,4,2,4,5,263,3,2,1,3,4020,0,1,1,0,1,1,0,0.519336,1,Late,Medium Risk
5589,0,2,4,4,189,4,2,0,9,5838,1,1,1,0,0,1,0,0.68299145,1,Late,High Risk
5590,1,2,4,5,257,2,1,1,3,5394,0,1,1,0,1,0,0,0.6743509,1,Late,High Risk
5591,2,1,5,5,195,4,2,1,1,4482,0,1,1,0,0,1,0,0.700831,1,Late,High Risk
5592,4,1,2,3,201,3,2,1,5,5733,1,0,1,0,0,1,0,0.5507828,1,Late,Medium Risk
5593,3,1,4,4,264,4,2,1,9,5186,0,1,1,0,1,1,0,0.70009136,1,Late,High Risk
5594,4,1,3,2,180,2,0,1,10,4024,0,0,1,0,0,0,1,0.4124469,0,On Time,Medium Risk
5595,0,1,3,1,220,3,1,0,6,5572,1,0,1,0,1,1,1,0.7055147,1,Late,High Risk
5596,1,1,5,1,113,3,2,0,6,5509,1,1,1,0,0,1,1,0.42872316,0,On Time,Medium Risk
5597,2,1,4,2,168,2,0,0,9,5684,0,1,1,0,0,0,1,0.6474067,1,Late,High Risk
5598,4,1,5,2,251,3,1,1,9,4298,1,1,1,0,1,1,1,0.6775525,1,Late,High Risk
5599,3,1,4,2,245,3,2,0,2,4835,1,1,1,0,1,1,1,0.5645102,1,Late,Medium Risk
5600,4,1,4,4,164,4,2,0,1,4365,1,1,1,0,0,1,0,0.6563876,1,Late,High Risk
5601,0,1,3,1,232,2,2,1,4,5806,1,0,1,0,1,0,1,0.63363767,1,Late,High Risk
5602,1,1,4,3,138,3,0,1,2,5358,0,1,1,0,0,1,0,0.7457097,1,Late,High Risk
5603,2,1,4,2,233,3,1,0,3,5740,1,1,1,0,1,1,1,0.58474857,1,Late,Medium Risk
5604,4,1,4,4,150,2,2,0,1,4711,1,1,1,0,0,0,0,0.736298,1,Late,High Risk
5605,3,1,3,5,253,2,2,1,7,5846,0,0,1,0,1,0,0,0.7468853,1,Late,High Risk
5606,4,1,4,4,179,3,2,1,5,4061,1,1,1,0,0,1,0,0.38996178,0,On Time,Medium Risk
5607,0,1,5,2,135,2,2,1,4,5405,0,1,1,0,0,0,1,0.69823694,1,Late,High Risk
5608,1,1,3,1,166,2,2,0,9,5853,1,0,1,0,0,0,1,0.73831826,1,Late,High Risk
5609,2,1,3,4,196,2,2,0,5,4342,1,0,1,0,0,0,0,0.59710026,1,Late,Medium Risk
5610,4,1,4,4,238,2,1,0,4,4337,1,1,1,0,1,0,0,0.63502866,1,Late,High Risk
5611,3,1,2,2,159,6,1,0,6,4044,0,0,1,0,0,1,1,0.64778835,1,Late,High Risk
5612,4,1,3,5,226,2,2,1,3,4208,1,0,1,0,1,0,0,0.59979963,1,Late,Medium Risk
5613,0,0,5,1,182,5,0,0,6,5398,0,1,1,0,0,1,1,0.740466,1,Late,High Risk
5614,1,0,5,5,173,3,1,1,4,5265,1,1,1,0,0,1,0,0.71528095,1,Late,High Risk
5615,2,0,3,2,257,5,1,1,5,4130,1,0,1,0,1,1,1,0.48094946,0,On Time,Medium Risk
5616,4,0,2,3,223,3,1,0,9,5653,0,0,1,0,1,1,0,0.5786211,1,Late,Medium Risk
5617,3,0,4,2,194,3,1,0,3,5174,0,1,1,0,0,1,1,0.6621698,1,Late,High Risk
5618,4,0,5,4,281,3,1,0,10,5675,0,1,1,0,1,1,0,0.5155119,1,Late,Medium Risk
5619,0,0,5,4,236,3,2,0,1,5711,0,1,1,0,1,1,0,0.5582662,1,Late,Medium Risk
5620,1,0,3,5,165,4,1,1,6,4795,1,0,1,0,0,1,0,0.80363166,1,Late,High Risk
5621,2,0,4,2,200,2,1,0,8,4222,0,1,1,0,0,0,1,0.6151716,1,Late,High Risk
5622,4,0,3,3,168,4,1,0,2,4541,1,0,1,0,0,1,0,0.64332867,1,Late,High Risk
5623,3,0,4,3,266,6,2,0,5,5209,0,1,1,0,1,1,0,0.6905159,1,Late,High Risk
5624,4,0,2,1,226,2,2,0,1,5576,0,0,1,0,1,0,1,0.72199345,1,Late,High Risk
5625,0,0,5,3,143,2,2,1,5,5612,1,1,1,0,0,0,0,0.6607579,1,Late,High Risk
5626,1,0,4,2,116,3,1,0,2,5602,1,1,1,0,0,1,1,0.67017764,1,Late,High Risk
5627,2,0,4,4,139,2,0,0,9,4446,1,1,1,0,0,0,0,0.6059088,1,Late,High Risk
5628,4,0,4,3,248,2,2,0,2,4700,0,1,1,0,1,0,0,0.5581984,1,Late,Medium Risk
5629,3,0,5,4,135,2,1,1,5,5834,0,1,1,0,0,0,0,0.73816776,1,Late,High Risk
5630,4,0,4,4,265,2,2,0,9,4106,0,1,1,0,1,0,0,0.5609327,1,Late,Medium Risk
5631,0,0,5,5,175,6,2,0,2,4995,1,1,1,0,0,1,0,0.5559926,1,Late,Medium Risk
5632,1,0,6,2,256,3,2,1,1,4435,1,1,1,0,1,1,1,0.47686204,0,On Time,Medium Risk
5633,2,0,5,4,217,2,2,0,3,5925,0,1,1,0,1,0,0,0.73985887,1,Late,High Risk
5634,4,0,4,4,203,3,2,1,8,4443,0,1,1,0,0,1,0,0.664392,1,Late,High Risk
5635,3,2,3,4,145,2,0,0,5,5513,0,0,1,0,0,0,0,0.78332275,1,Late,High Risk
5636,4,2,3,2,268,3,1,1,9,4215,0,0,1,0,1,1,1,0.695216,1,Late,High Risk
5637,0,2,4,5,206,2,2,0,10,4437,0,1,1,0,0,0,0,0.66688246,1,Late,High Risk
5638,1,2,3,2,215,3,2,0,10,4198,1,0,1,0,1,1,1,0.6984565,1,Late,High Risk
5639,2,2,4,1,177,3,2,0,5,4382,0,1,1,0,0,1,1,0.7348,1,Late,High Risk
5640,4,2,3,3,183,3,1,0,3,5538,0,0,1,0,0,1,0,0.72577995,1,Late,High Risk
5641,3,2,4,2,227,5,2,1,6,4618,0,1,1,0,1,1,1,0.79374135,1,Late,High Risk
5642,4,2,4,1,209,4,2,0,1,5057,0,1,1,0,0,1,1,0.8082372,1,Late,High Risk
5643,0,2,4,4,193,3,1,1,5,5090,1,1,1,0,0,1,0,0.6225281,1,Late,High Risk
5644,1,2,4,4,144,2,1,1,5,4380,1,1,1,0,0,0,0,0.6328077,1,Late,High Risk
5645,2,2,4,2,192,3,1,0,3,4130,1,1,1,0,0,1,1,0.5046795,1,Late,Medium Risk
5646,4,2,2,3,247,4,1,1,5,5725,0,0,1,0,1,1,0,0.52837867,1,Late,Medium Risk
5647,3,2,3,4,199,4,2,0,6,5207,0,0,1,0,0,1,0,0.7439819,1,Late,High Risk
5648,4,2,6,5,273,5,2,1,10,5756,1,1,1,0,1,1,0,0.32555062,0,On Time,Medium Risk
5649,0,2,3,3,232,4,1,0,4,4662,1,0,1,0,1,1,0,0.5349799,1,Late,Medium Risk
5650,1,2,3,5,214,3,1,0,6,5319,0,0,1,0,0,1,0,0.7691579,1,Late,High Risk
5651,2,2,5,1,156,2,1,1,10,5086,0,1,1,0,0,0,1,0.6790259,1,Late,High Risk
5652,4,2,4,3,200,3,2,1,5,5108,0,1,1,0,0,1,0,0.6420832,1,Late,High Risk
5653,3,2,3,5,196,3,2,0,9,4741,1,0,1,0,0,1,0,0.65316767,1,Late,High Risk
5654,4,2,5,3,189,3,2,0,7,5830,1,1,1,0,0,1,0,0.5202074,1,Late,Medium Risk
5655,0,2,5,2,266,2,1,1,3,4030,0,1,1,0,1,0,1,0.5289843,1,Late,Medium Risk
5656,1,2,4,4,198,2,2,1,2,5725,1,1,1,0,0,0,0,0.67957264,1,Late,High Risk
5657,2,2,4,5,144,2,1,1,2,4978,0,1,1,0,0,0,0,0.71397835,1,Late,High Risk
5658,4,2,4,4,217,5,2,1,6,5891,1,1,1,0,1,1,0,0.80432194,1,Late,High Risk
5659,3,2,5,1,169,4,2,1,4,4541,0,1,1,0,0,1,1,0.75371253,1,Late,High Risk
5660,4,2,3,1,153,4,2,0,1,4608,0,0,1,0,0,1,1,0.8394038,1,Late,High Risk
5661,0,2,4,4,152,2,2,0,5,5324,0,1,1,0,0,0,0,0.7367431,1,Late,High Risk
5662,1,2,5,5,245,5,2,0,4,4627,0,1,1,0,1,1,0,0.7941327,1,Late,High Risk
5663,2,2,4,2,237,3,1,1,2,5277,0,1,1,0,1,1,1,0.6700334,1,Late,High Risk
5664,4,2,4,2,266,2,1,0,8,5516,0,1,1,0,1,0,1,0.66861045,1,Late,High Risk
5665,3,2,4,5,216,4,2,0,1,4458,1,1,1,0,1,1,0,0.6843081,1,Late,High Risk
5666,4,2,3,4,186,3,2,0,4,5501,1,0,1,0,0,1,0,0.77840877,1,Late,High Risk
5667,0,2,5,3,280,4,2,0,4,5192,0,1,1,0,1,1,0,0.66769326,1,Late,High Risk
5668,1,2,4,5,229,2,2,0,1,4869,0,1,1,0,1,0,0,0.6634867,1,Late,High Risk
5669,2,2,3,2,225,3,1,1,3,5529,0,0,1,0,1,1,1,0.6424143,1,Late,High Risk
5670,4,2,3,5,149,3,1,0,7,4357,0,0,1,0,0,1,0,0.70234865,1,Late,High Risk
5671,3,2,5,5,200,3,1,1,6,4401,1,1,1,0,0,1,0,0.58134985,1,Late,Medium Risk
5672,4,2,4,2,246,3,1,0,1,5815,1,1,1,0,1,1,1,0.58448774,1,Late,Medium Risk
5673,0,2,3,4,150,2,1,1,1,4742,0,0,1,0,0,0,0,0.7734917,1,Late,High Risk
5674,1,2,3,1,175,3,2,0,9,5797,0,0,1,0,0,1,1,0.7886879,1,Late,High Risk
5675,2,2,3,5,141,3,2,1,10,5775,0,0,1,0,0,1,0,0.7586139,1,Late,High Risk
5676,4,2,3,4,102,3,2,1,9,4111,0,0,1,0,0,1,0,0.58538425,1,Late,Medium Risk
5677,3,2,3,1,209,3,1,0,8,4367,0,0,1,0,0,1,1,0.74144894,1,Late,High Risk
5678,4,2,4,4,287,6,2,1,6,5282,0,1,1,0,1,1,0,0.6624974,1,Late,High Risk
5679,0,2,3,5,212,2,1,0,3,5761,1,0,1,0,0,0,0,0.6502394,1,Late,High Risk
5680,1,2,3,4,205,3,0,0,1,5407,0,0,1,0,0,1,0,0.68455696,1,Late,High Risk
5681,2,2,3,1,180,2,0,1,10,4200,0,0,1,0,0,0,1,0.70737684,1,Late,High Risk
5682,4,2,5,4,229,3,1,1,1,5660,0,1,1,0,1,1,0,0.74312115,1,Late,High Risk
5683,3,2,2,2,182,3,0,1,6,4112,1,0,1,0,0,1,1,0.4057038,0,On Time,Medium Risk
5684,4,2,4,1,183,3,2,0,4,4789,0,1,1,0,0,1,1,0.6734399,1,Late,High Risk
5685,0,2,3,1,212,3,2,1,10,5759,0,0,1,0,0,1,1,0.7109515,1,Late,High Risk
5686,1,2,4,3,235,6,2,1,2,4689,0,1,1,0,1,1,0,0.67036474,1,Late,High Risk
5687,2,2,5,5,210,4,2,1,9,5081,1,1,1,0,0,1,0,0.70605856,1,Late,High Risk
5688,4,2,5,2,111,4,2,0,7,4424,0,1,1,0,0,1,1,0.6979637,1,Late,High Risk
5689,3,2,5,1,270,4,2,0,7,5149,0,1,1,0,1,1,1,0.6164858,1,Late,High Risk
5690,4,2,4,4,135,2,1,1,4,4684,0,1,1,0,0,0,0,0.6788578,1,Late,High Risk
5691,0,2,3,5,143,3,1,0,10,5021,0,0,1,0,0,1,0,0.79604185,1,Late,High Risk
5692,1,2,4,1,216,2,1,0,5,5059,0,1,1,0,1,0,1,0.6695505,1,Late,High Risk
5693,2,2,5,1,136,3,1,1,10,5308,0,1,1,0,0,1,1,0.79459625,1,Late,High Risk
5694,4,2,3,3,145,3,1,0,10,5696,0,0,1,0,0,1,0,0.74290615,1,Late,High Risk
5695,3,2,5,3,142,4,2,0,4,5116,1,1,1,0,0,1,0,0.7545689,1,Late,High Risk
5696,4,2,4,2,175,3,2,1,7,4874,1,1,1,0,0,1,1,0.59579676,1,Late,Medium Risk
5697,0,2,3,1,183,2,1,1,5,5329,1,0,1,0,0,0,1,0.73053133,1,Late,High Risk
5698,1,2,3,1,191,5,2,1,2,4956,1,0,1,0,0,1,1,0.55882776,1,Late,Medium Risk
5699,2,2,3,4,247,3,1,0,9,4157,0,0,1,0,1,1,0,0.7911518,1,Late,High Risk
5700,4,2,3,1,170,2,1,0,2,5662,1,0,1,0,0,0,1,0.73095185,1,Late,High Risk
5701,3,2,3,2,275,2,1,0,5,5393,1,0,1,0,1,0,1,0.6492584,1,Late,High Risk
5702,4,2,4,4,147,4,1,0,8,5882,0,1,1,0,0,1,0,0.7463185,1,Late,High Risk
5703,0,2,4,4,188,3,1,1,6,4174,1,1,1,0,0,1,0,0.611359,1,Late,High Risk
5704,1,2,5,5,248,2,1,1,4,5587,0,1,1,0,1,0,0,0.6813535,1,Late,High Risk
5705,2,2,3,1,245,2,1,0,8,4594,1,0,1,0,1,0,1,0.6281714,1,Late,High Risk
5706,4,2,4,5,164,3,0,1,3,4454,0,1,1,0,0,1,0,0.6601625,1,Late,High Risk
5707,3,2,4,2,260,3,2,0,3,4661,1,1,1,0,1,1,1,0.53460723,1,Late,Medium Risk
5708,4,2,4,4,149,2,2,0,9,4605,0,1,1,0,0,0,0,0.83254564,1,Late,High Risk
5709,0,2,3,2,174,3,1,1,3,4132,0,0,1,0,0,1,1,0.6933774,1,Late,High Risk
5710,1,2,4,5,242,2,1,0,1,5682,1,1,1,0,1,0,0,0.6441615,1,Late,High Risk
5711,2,2,4,1,134,3,2,1,7,4933,1,1,1,0,0,1,1,0.6063374,1,Late,High Risk
5712,4,2,4,5,189,3,2,0,3,5193,0,1,1,0,0,1,0,0.73000973,1,Late,High Risk
5713,3,2,6,5,263,7,0,1,7,5216,1,1,1,0,1,1,0,0.4195837,0,On Time,Medium Risk
5714,4,2,5,2,280,3,0,0,8,5858,1,1,1,0,1,1,1,0.36839488,0,On Time,Medium Risk
5715,0,2,4,2,258,7,2,1,3,4538,1,1,1,0,1,1,1,0.59557074,1,Late,Medium Risk
5716,1,2,4,4,179,3,0,0,1,5242,1,1,1,0,0,1,0,0.5802753,1,Late,Medium Risk
5717,2,2,5,1,250,4,2,1,10,5306,1,1,1,0,1,1,1,0.6071769,1,Late,High Risk
5718,4,2,4,4,212,2,2,1,5,4774,1,1,1,0,0,0,0,0.6924881,1,Late,High Risk
5719,3,2,4,3,236,3,1,1,4,4257,1,1,1,0,1,1,0,0.6210841,1,Late,High Risk
5720,4,2,3,1,239,8,0,1,6,5023,1,0,1,0,1,1,1,0.57258457,1,Late,Medium Risk
5721,0,2,6,3,305,4,1,1,3,1276,0,1,1,1,1,1,0,0.6617766,1,Late,High Risk
5722,1,2,6,3,309,4,1,1,5,1712,0,1,1,1,1,1,0,0.69294125,1,Late,High Risk
5723,2,2,6,3,266,4,2,1,8,1983,1,1,1,1,1,1,0,0.5977698,1,Late,Medium Risk
5724,4,2,4,5,233,4,1,0,6,1495,0,1,1,1,1,1,0,0.70034504,1,Late,High Risk
5725,3,2,5,5,287,4,1,1,4,1509,1,1,1,1,1,1,0,0.49688685,0,On Time,Medium Risk
5726,4,2,6,2,268,4,1,0,7,1274,0,1,1,1,1,1,1,0.6152537,1,Late,High Risk
5727,0,2,6,4,290,4,2,1,10,1366,0,1,1,1,1,1,0,0.6526581,1,Late,High Risk
5728,1,1,7,5,291,4,0,1,6,1135,0,1,1,1,1,1,0,0.58602035,1,Late,Medium Risk
5729,2,1,5,5,227,5,2,0,3,1687,0,1,1,1,1,1,0,0.71915835,1,Late,High Risk
5730,4,1,4,5,175,3,2,0,5,4194,0,1,1,0,0,1,0,0.5631318,1,Late,Medium Risk
5731,3,1,3,3,183,2,1,1,6,5015,0,0,1,0,0,0,0,0.6720167,1,Late,High Risk
5732,4,1,3,4,191,5,2,0,4,4243,1,0,1,0,0,1,0,0.63579375,1,Late,High Risk
5733,0,1,3,4,247,3,1,1,10,5749,1,0,1,0,1,1,0,0.5660892,1,Late,Medium Risk
5734,1,1,3,2,170,2,1,1,2,4214,1,0,1,0,0,0,1,0.6842903,1,Late,High Risk
5735,2,1,3,5,275,2,1,0,7,4619,0,0,1,0,1,0,0,0.7349219,1,Late,High Risk
5736,4,1,4,3,147,4,1,0,7,4865,0,1,1,0,0,1,0,0.6914586,1,Late,High Risk
5737,3,1,4,5,188,3,1,1,4,4632,0,1,1,0,0,1,0,0.7617012,1,Late,High Risk
5738,4,1,5,1,248,2,1,0,6,5281,0,1,1,0,1,0,1,0.6378286,1,Late,High Risk
5739,0,1,3,3,245,2,1,0,4,4719,1,0,1,0,1,0,0,0.56686336,1,Late,Medium Risk
5740,1,1,4,5,164,3,0,1,7,4657,0,1,1,0,0,1,0,0.6682851,1,Late,High Risk
5741,2,1,4,1,260,3,2,1,9,5886,1,1,1,0,1,1,1,0.6405,1,Late,High Risk
5742,4,1,4,2,149,2,2,1,8,5460,1,1,1,0,0,0,1,0.7545546,1,Late,High Risk
5743,3,1,3,1,174,3,1,1,7,4318,1,0,1,0,0,1,1,0.6201315,1,Late,High Risk
5744,4,1,4,1,242,2,1,0,2,5825,0,1,1,0,1,0,1,0.65297383,1,Late,High Risk
5745,0,1,4,5,134,3,2,0,4,5423,0,1,1,0,0,1,0,0.72810614,1,Late,High Risk
5746,1,1,4,3,189,3,2,0,4,4410,0,1,1,0,0,1,0,0.6732759,1,Late,High Risk
5747,2,1,6,5,263,7,0,1,9,5991,1,1,1,0,1,1,0,0.31438655,0,On Time,Medium Risk
5748,4,1,5,3,280,3,0,1,2,5273,0,1,1,0,1,1,0,0.4832373,0,On Time,Medium Risk
5749,3,1,4,4,258,7,2,1,8,5069,0,1,1,0,1,1,0,0.6258969,1,Late,High Risk
5750,4,0,4,1,179,3,0,1,5,4129,0,1,1,0,0,1,1,0.47771415,0,On Time,Medium Risk
5751,0,0,5,4,250,4,2,1,4,4531,0,1,1,0,1,1,0,0.71656716,1,Late,High Risk
5752,1,0,4,1,212,2,2,0,7,5864,0,1,1,0,0,0,1,0.763267,1,Late,High Risk
5753,2,0,4,4,236,3,1,1,10,4347,1,1,1,0,1,1,0,0.5876776,1,Late,Medium Risk
5754,4,0,3,4,239,8,0,1,4,4192,0,0,1,0,1,1,0,0.610116,1,Late,High Risk
5755,3,0,6,4,305,4,1,0,7,1172,1,1,1,1,1,1,0,0.55720377,1,Late,Medium Risk
5756,4,0,6,1,309,4,1,0,6,1866,1,1,1,1,1,1,1,0.82034755,1,Late,High Risk
5757,0,0,6,1,266,4,2,0,2,1862,1,1,1,1,1,1,1,0.62892866,1,Late,High Risk
5758,1,0,4,2,233,4,1,1,7,1861,0,1,1,1,1,1,1,0.70348364,1,Late,High Risk
5759,2,0,5,1,287,4,1,0,4,1579,0,1,1,1,1,1,1,0.6598347,1,Late,High Risk
5760,4,0,6,5,268,4,1,0,2,1324,0,1,1,1,1,1,0,0.75293463,1,Late,High Risk
5761,3,0,6,1,290,4,2,1,6,1505,1,1,1,1,1,1,1,0.6437872,1,Late,High Risk
5762,4,0,7,3,244,5,2,0,10,1913,1,1,1,1,1,1,0,0.46015483,0,On Time,Medium Risk
5763,0,0,6,3,245,4,1,1,2,1158,1,1,1,1,1,1,0,0.5706359,1,Late,Medium Risk
5764,1,0,5,4,219,5,1,1,5,1867,0,1,1,1,1,1,0,0.64138913,1,Late,High Risk
5765,2,0,6,3,257,4,1,0,4,1358,1,1,1,1,1,1,0,0.513654,1,Late,Medium Risk
5766,4,0,6,1,250,4,1,0,2,1783,1,1,1,1,1,1,1,0.5779303,1,Late,Medium Risk
5767,3,0,6,1,249,4,2,1,2,1189,1,1,1,1,1,1,1,0.5581406,1,Late,Medium Risk
5768,4,0,5,4,259,5,1,0,2,1627,1,1,1,1,1,1,0,0.5385383,1,Late,Medium Risk
5769,0,0,6,4,266,4,1,1,3,1503,1,1,1,1,1,1,0,0.5975664,1,Late,Medium Risk
5770,1,0,6,5,244,4,2,0,4,1648,1,1,1,1,1,1,0,0.5732547,1,Late,Medium Risk
5771,2,0,4,2,239,6,1,0,7,1934,0,1,1,1,1,1,1,0.6881955,1,Late,High Risk
5772,4,2,4,2,270,5,1,1,6,1520,0,1,1,1,1,1,1,0.6639014,1,Late,High Risk
5773,3,2,6,4,270,4,1,0,10,1199,1,1,1,1,1,1,0,0.5805291,1,Late,Medium Risk
5774,4,2,6,5,257,4,2,0,1,1957,1,1,1,1,1,1,0,0.50732595,1,Late,Medium Risk
5775,0,2,4,2,243,5,2,0,4,1633,1,1,1,1,1,1,1,0.62609947,1,Late,High Risk
5776,1,2,5,2,264,6,2,1,10,1659,1,1,1,1,1,1,1,0.5346473,1,Late,Medium Risk
5777,2,2,5,4,224,6,1,0,6,1049,1,1,1,1,1,1,0,0.8157075,1,Late,High Risk
5778,4,2,6,5,304,4,1,1,8,1755,1,1,1,1,1,1,0,0.3552048,0,On Time,Medium Risk
5779,3,2,4,2,243,5,2,0,8,1922,0,1,1,1,1,1,1,0.7046646,1,Late,High Risk
5780,4,2,6,3,272,4,1,1,5,1355,1,1,1,1,1,1,0,0.58232254,1,Late,Medium Risk
5781,0,2,5,4,269,5,1,0,4,1537,1,1,1,1,1,1,0,0.6618064,1,Late,High Risk
5782,1,2,7,3,267,4,1,1,7,1384,0,1,1,1,1,1,0,0.6439687,1,Late,High Risk
5783,2,2,6,1,251,4,1,1,2,1679,0,1,1,1,1,1,1,0.66612554,1,Late,High Risk
5784,4,2,4,3,249,5,1,0,3,1012,1,1,1,1,1,1,0,0.41205892,0,On Time,Medium Risk
5785,3,2,7,2,284,4,1,0,6,1550,1,1,1,1,1,1,1,0.57103693,1,Late,Medium Risk
5786,4,2,4,1,254,5,2,0,3,1880,1,1,1,1,1,1,1,0.6588411,1,Late,High Risk
5787,0,2,6,5,269,4,1,1,5,1264,1,1,1,1,1,1,0,0.5240032,1,Late,Medium Risk
5788,1,2,7,5,265,4,1,0,9,1393,0,1,1,1,1,1,0,0.74212945,1,Late,High Risk
5789,2,2,5,3,220,6,2,0,6,1830,1,1,1,1,1,1,0,0.6019619,1,Late,High Risk
5790,4,2,4,4,217,5,2,0,4,1503,0,1,1,1,1,1,0,0.7373686,1,Late,High Risk
5791,3,2,7,4,285,4,2,0,2,1017,1,1,1,1,1,1,0,0.24795985,0,On Time,Low Risk
5792,4,2,5,1,265,5,2,0,3,1514,1,1,1,1,1,1,1,0.6345026,1,Late,High Risk
5793,0,2,5,1,240,5,2,1,1,1200,0,1,1,1,1,1,1,0.6553384,1,Late,High Risk
5794,1,2,5,5,247,3,1,1,1,5226,0,1,1,0,1,1,0,0.5913158,1,Late,Medium Risk
5795,2,2,5,4,179,6,2,0,8,4615,1,1,1,0,0,1,0,0.68444914,1,Late,High Risk
5796,4,2,4,5,142,2,2,0,9,5425,1,1,1,0,0,0,0,0.6910773,1,Late,High Risk
5797,3,2,4,3,207,5,0,0,6,4145,0,1,1,0,0,1,0,0.60626304,1,Late,High Risk
5798,4,2,3,1,183,3,2,1,7,5849,1,0,1,0,0,1,1,0.7096115,1,Late,High Risk
5799,0,2,4,3,167,2,2,0,2,5544,0,1,1,0,0,0,0,0.72020596,1,Late,High Risk
5800,1,2,4,3,175,3,1,0,2,5208,0,1,1,0,0,1,0,0.69020694,1,Late,High Risk
5801,2,2,3,5,183,2,1,1,8,5881,1,0,1,0,0,0,0,0.75141555,1,Late,High Risk
5802,4,2,6,5,176,3,1,0,10,5307,0,1,1,0,0,1,0,0.5418692,1,Late,Medium Risk
5803,3,2,3,4,187,3,1,1,7,5417,0,0,1,0,0,1,0,0.72943634,1,Late,High Risk
5804,4,2,4,5,143,3,2,0,8,4142,1,1,1,0,0,1,0,0.6698637,1,Late,High Risk
5805,0,2,4,3,136,3,1,0,7,5976,0,1,1,0,0,1,0,0.53422505,1,Late,Medium Risk
5806,1,2,3,3,178,3,1,1,3,5396,1,0,1,0,0,1,0,0.71690387,1,Late,High Risk
5807,2,2,4,4,208,2,2,0,6,4983,1,1,1,0,0,0,0,0.6730573,1,Late,High Risk
5808,4,2,4,1,171,2,2,1,1,5635,0,1,1,0,0,0,1,0.79453224,1,Late,High Risk
5809,3,2,2,1,197,4,1,1,5,4614,0,0,1,0,0,1,1,0.7485747,1,Late,High Risk
5810,4,2,5,1,179,3,1,0,7,5814,0,1,1,0,0,1,1,0.7305695,1,Late,High Risk
5811,0,2,6,4,197,5,2,1,4,5889,1,1,1,0,0,1,0,0.5936842,1,Late,Medium Risk
5812,1,2,5,4,285,2,1,1,2,4505,1,1,1,0,1,0,0,0.43264887,0,On Time,Medium Risk
5813,2,2,6,1,141,5,1,0,9,5113,0,1,1,0,0,1,1,0.8245909,1,Late,High Risk
5814,4,2,4,5,274,3,2,1,5,4773,0,1,1,0,1,1,0,0.65907997,1,Late,High Risk
5815,3,2,5,2,287,3,2,0,3,4903,1,1,1,0,1,1,1,0.43158725,0,On Time,Medium Risk
5816,4,2,5,3,218,3,2,0,4,4198,1,1,1,0,1,1,0,0.6071452,1,Late,High Risk
5817,0,2,3,1,213,3,0,0,6,5535,0,0,1,0,0,1,1,0.7020343,1,Late,High Risk
5818,1,2,2,1,207,4,1,1,1,5742,0,0,1,0,0,1,1,0.77543473,1,Late,High Risk
5819,2,2,5,5,273,4,1,1,7,4064,1,1,1,0,1,1,0,0.46841237,0,On Time,Medium Risk
5820,4,2,3,3,185,3,1,1,6,5995,1,0,1,0,0,1,0,0.38498548,0,On Time,Medium Risk
5821,3,2,3,1,192,3,1,0,4,5179,0,0,1,0,0,1,1,0.68288004,1,Late,High Risk
5822,4,2,4,4,276,2,2,0,3,4306,1,1,1,0,1,0,0,0.6242787,1,Late,High Risk
5823,0,2,5,2,229,2,2,1,1,5724,0,1,1,0,1,0,1,0.6162008,1,Late,High Risk
5824,1,2,3,5,248,2,0,1,3,5287,1,0,1,0,1,0,0,0.52278954,1,Late,Medium Risk
5825,2,2,3,4,267,3,0,0,2,5204,1,0,1,0,1,1,0,0.5139995,1,Late,Medium Risk
5826,4,2,4,4,272,3,1,1,9,5458,0,1,1,0,1,1,0,0.59756255,1,Late,Medium Risk
5827,3,2,3,3,153,3,1,1,8,5487,0,0,1,0,0,1,0,0.64195085,1,Late,High Risk
5828,4,2,4,2,246,4,2,1,7,5056,1,1,1,0,1,1,1,0.7119733,1,Late,High Risk
5829,0,2,3,3,261,4,1,0,9,4529,1,0,1,0,1,1,0,0.56762004,1,Late,Medium Risk
5830,1,2,4,5,207,2,1,0,3,5270,1,1,1,0,0,0,0,0.6845492,1,Late,High Risk
5831,2,2,3,1,133,3,2,1,8,4634,0,0,1,0,0,1,1,0.81368357,1,Late,High Risk
5832,4,2,3,5,269,5,1,1,6,5932,1,0,1,0,1,1,0,0.60761446,1,Late,High Risk
5833,3,2,4,3,251,3,0,1,8,5986,1,1,1,0,1,1,0,0.3214588,0,On Time,Medium Risk
5834,4,2,4,2,252,4,1,0,3,4956,1,1,1,0,1,1,1,0.63467836,1,Late,High Risk
5835,0,2,3,5,135,2,1,0,4,5275,1,0,1,0,0,0,0,0.73466545,1,Late,High Risk
5836,1,2,4,3,273,4,2,0,1,4585,0,1,1,0,1,1,0,0.68610734,1,Late,High Risk
5837,2,2,4,2,168,3,1,1,3,4653,1,1,1,0,0,1,1,0.6492193,1,Late,High Risk
5838,4,2,2,4,233,2,2,0,6,4758,0,0,1,0,1,0,0,0.6782416,1,Late,High Risk
5839,3,2,3,2,133,2,1,0,3,4677,1,0,1,0,0,0,1,0.68703413,1,Late,High Risk
5840,4,2,3,5,147,4,0,1,10,5164,1,0,1,0,0,1,0,0.5928309,1,Late,Medium Risk
5841,0,2,5,2,249,6,1,1,8,5633,0,1,1,0,1,1,1,0.6639957,1,Late,High Risk
5842,1,2,6,3,259,4,1,0,3,4117,1,1,1,0,1,1,0,0.5006541,1,Late,Medium Risk
5843,2,2,4,2,194,3,1,0,10,5171,1,1,1,0,0,1,1,0.66557914,1,Late,High Risk
5844,4,2,4,5,134,6,2,1,7,4881,1,1,1,0,0,1,0,0.5047098,1,Late,Medium Risk
5845,3,2,3,4,98,3,1,1,5,4432,0,0,1,0,0,1,0,0.751063,1,Late,High Risk
5846,4,2,5,1,138,3,1,1,10,5612,1,1,1,0,0,1,1,0.69571793,1,Late,High Risk
5847,0,2,5,5,193,5,0,0,4,5087,1,1,1,0,0,1,0,0.5028579,1,Late,Medium Risk
5848,1,2,5,5,184,3,2,1,7,4742,0,1,1,0,0,1,0,0.6232186,1,Late,High Risk
5849,2,2,4,4,172,3,2,1,7,5098,0,1,1,0,0,1,0,0.65988183,1,Late,High Risk
5850,4,2,4,3,248,2,2,1,2,4701,1,1,1,0,1,0,0,0.55474883,1,Late,Medium Risk
5851,3,2,2,4,114,5,0,0,5,5334,1,0,1,0,0,1,0,0.57662094,1,Late,Medium Risk
5852,4,2,4,5,201,2,0,0,2,4657,0,1,1,0,0,0,0,0.5733306,1,Late,Medium Risk
5853,0,2,3,4,206,4,2,1,2,4372,0,0,1,0,0,1,0,0.666537,1,Late,High Risk
5854,1,2,6,1,185,4,0,0,10,5254,1,1,1,0,0,1,1,0.6150395,1,Late,High Risk
5855,2,2,5,2,272,3,0,1,5,4972,0,1,1,0,1,1,1,0.44328123,0,On Time,Medium Risk
5856,4,2,4,3,266,2,2,1,6,4286,1,1,1,0,1,0,0,0.6323284,1,Late,High Risk
5857,3,2,3,4,203,2,1,1,9,5735,0,0,1,0,0,0,0,0.77865845,1,Late,High Risk
5858,4,2,4,3,218,5,1,1,2,4823,1,1,1,0,1,1,0,0.6451775,1,Late,High Risk
5859,0,2,2,5,279,3,1,0,8,4632,0,0,1,0,1,1,0,0.8280233,1,Late,High Risk
5860,1,2,4,4,159,2,1,1,4,4648,1,1,1,0,0,0,0,0.71206826,1,Late,High Risk
5861,2,2,5,3,138,3,1,0,5,5687,1,1,1,0,0,1,0,0.598704,1,Late,Medium Risk
5862,4,2,3,2,224,3,1,0,7,5896,0,0,1,0,1,1,1,0.7655987,1,Late,High Risk
5863,3,2,3,3,269,3,1,1,4,4309,0,0,1,0,1,1,0,0.59387356,1,Late,Medium Risk
5864,4,2,5,3,121,2,2,0,4,5231,1,1,1,0,0,0,0,0.6063059,1,Late,High Risk
5865,0,1,4,3,134,2,1,0,2,4522,0,1,1,0,0,0,0,0.77317274,1,Late,High Risk
5866,1,1,4,5,259,3,2,1,4,5344,1,1,1,0,1,1,0,0.48155227,0,On Time,Medium Risk
5867,2,1,4,4,206,2,0,1,8,4093,1,1,1,0,0,0,0,0.48108357,0,On Time,Medium Risk
5868,4,1,3,1,209,2,1,1,6,5701,1,0,1,0,0,0,1,0.6968808,1,Late,High Risk
5869,3,1,3,3,145,3,2,1,1,5709,0,0,1,0,0,1,0,0.65935814,1,Late,High Risk
5870,4,1,5,2,164,2,2,1,8,5717,0,1,1,0,0,0,1,0.6986471,1,Late,High Risk
5871,0,1,3,1,133,3,2,1,6,5464,1,0,1,0,0,1,1,0.5647005,1,Late,Medium Risk
5872,1,1,3,2,178,3,1,0,5,5686,0,0,1,0,0,1,1,0.68380296,1,Late,High Risk
5873,2,1,4,3,175,2,1,1,3,4200,0,1,1,0,0,0,0,0.66232026,1,Late,High Risk
5874,4,1,2,4,242,3,2,1,8,4898,0,0,1,0,1,1,0,0.5995212,1,Late,Medium Risk
5875,3,1,4,2,202,3,1,1,8,4575,1,1,1,0,0,1,1,0.6247383,1,Late,High Risk
5876,4,1,4,3,176,2,1,0,6,5149,1,1,1,0,0,0,0,0.6399128,1,Late,High Risk
5877,0,1,4,3,203,4,1,0,1,5274,0,1,1,0,0,1,0,0.71330845,1,Late,High Risk
5878,1,1,4,3,207,4,1,1,5,5008,1,1,1,0,0,1,0,0.64407325,1,Late,High Risk
5879,2,1,4,2,268,3,2,1,1,4927,0,1,1,0,1,1,1,0.6651239,1,Late,High Risk
5880,4,1,3,3,244,3,1,1,6,5109,0,0,1,0,1,1,0,0.6588233,1,Late,High Risk
5881,3,1,3,5,134,3,1,0,10,4693,0,0,1,0,0,1,0,0.8133379,1,Late,High Risk
5882,4,1,3,4,143,3,1,0,1,4392,1,0,1,0,0,1,0,0.65846455,1,Late,High Risk
5883,0,1,3,5,246,3,1,0,2,5556,1,0,1,0,1,1,0,0.5654567,1,Late,Medium Risk
5884,1,1,3,2,157,2,1,0,7,5228,0,0,1,0,0,0,1,0.7077203,1,Late,High Risk
5885,2,1,3,3,169,3,1,1,10,5147,0,0,1,0,0,1,0,0.6691605,1,Late,High Risk
5886,4,1,4,5,231,3,1,0,6,4449,1,1,1,0,1,1,0,0.6499485,1,Late,High Risk
5887,3,0,3,3,262,5,2,0,1,5043,0,0,1,0,1,1,0,0.71588075,1,Late,High Risk
5888,4,0,3,2,227,2,2,1,10,4290,0,0,1,0,1,0,1,0.64461994,1,Late,High Risk
5889,0,0,5,2,162,4,2,1,7,5477,1,1,1,0,0,1,1,0.6553745,1,Late,High Risk
5890,1,0,5,5,148,2,2,1,4,4812,0,1,1,0,0,0,0,0.7111801,1,Late,High Risk
5891,2,0,3,4,138,2,2,0,8,4837,0,0,1,0,0,0,0,0.602845,1,Late,High Risk
5892,4,0,3,3,255,2,2,0,3,4824,0,0,1,0,1,0,0,0.4975486,0,On Time,Medium Risk
5893,3,0,3,5,218,3,1,1,2,5841,0,0,1,0,1,1,0,0.6378987,1,Late,High Risk
5894,4,0,4,1,260,4,1,1,2,4091,1,1,1,0,1,1,1,0.5009569,1,Late,Medium Risk
5895,0,0,4,3,142,2,1,0,5,5502,1,1,1,0,0,0,0,0.7019815,1,Late,High Risk
5896,1,0,4,5,257,3,2,1,5,4180,0,1,1,0,1,1,0,0.47853968,0,On Time,Medium Risk
5897,2,0,4,2,252,3,1,0,1,4176,0,1,1,0,1,1,1,0.5543956,1,Late,Medium Risk
5898,4,0,5,4,151,5,1,0,1,4122,0,1,1,0,0,1,0,0.51911205,1,Late,Medium Risk
5899,3,0,4,3,190,5,1,0,8,4736,0,1,1,0,0,1,0,0.6003428,1,Late,High Risk
5900,4,0,4,5,137,2,1,1,7,4068,0,1,1,0,0,0,0,0.50456303,1,Late,Medium Risk
5901,0,0,4,4,164,2,1,1,7,5456,0,1,1,0,0,0,0,0.6856321,1,Late,High Risk
5902,1,0,3,5,271,3,1,0,9,5328,0,0,1,0,1,1,0,0.54819983,1,Late,Medium Risk
5903,2,0,3,5,162,2,0,1,1,4573,1,0,1,0,0,0,0,0.764627,1,Late,High Risk
5904,4,0,2,4,221,5,2,1,4,4034,1,0,1,0,1,1,0,0.5168368,1,Late,Medium Risk
5905,3,0,5,4,202,3,1,0,3,4559,1,1,1,0,0,1,0,0.62104696,1,Late,High Risk
5906,4,0,4,5,143,2,1,1,1,5836,0,1,1,0,0,0,0,0.7506233,1,Late,High Risk
5907,0,0,3,5,254,3,1,1,6,4703,0,0,1,0,1,1,0,0.7009191,1,Late,High Risk
5908,1,0,4,3,96,4,2,1,1,4984,1,1,1,0,0,1,0,0.7599656,1,Late,High Risk
5909,2,2,3,3,199,5,2,0,10,4847,1,0,1,0,0,1,0,0.6879933,1,Late,High Risk
5910,4,2,4,1,198,4,1,0,5,5182,0,1,1,0,0,1,1,0.7553581,1,Late,High Risk
5911,3,2,4,3,257,3,1,0,2,5198,1,1,1,0,1,1,0,0.5492513,1,Late,Medium Risk
5912,4,2,3,2,149,5,2,0,9,4310,0,0,1,0,0,1,1,0.7983548,1,Late,High Risk
5913,0,2,5,1,193,4,2,0,10,5280,0,1,1,0,0,1,1,0.7899407,1,Late,High Risk
5914,1,2,3,5,284,2,1,1,10,5619,0,0,1,0,1,0,0,0.7156006,1,Late,High Risk
5915,2,2,4,5,205,4,2,0,5,5264,0,1,1,0,0,1,0,0.68891776,1,Late,High Risk
5916,4,2,5,5,185,3,1,1,5,4520,1,1,1,0,0,1,0,0.6658175,1,Late,High Risk
5917,3,2,5,4,268,3,0,0,10,4955,0,1,1,0,1,1,0,0.5378736,1,Late,Medium Risk
5918,4,2,5,1,252,3,2,1,2,4339,0,1,1,0,1,1,1,0.6730501,1,Late,High Risk
5919,0,2,4,3,196,2,1,0,5,5656,0,1,1,0,0,0,0,0.70216674,1,Late,High Risk
5920,1,2,3,3,149,3,1,1,6,4654,0,0,1,0,0,1,0,0.7903359,1,Late,High Risk
5921,2,2,5,5,154,2,2,1,3,4669,0,1,1,0,0,0,0,0.55216026,1,Late,Medium Risk
5922,4,2,5,4,267,2,2,1,4,4053,0,1,1,0,1,0,0,0.5957568,1,Late,Medium Risk
5923,3,2,3,3,208,2,2,0,5,5661,0,0,1,0,0,0,0,0.74899656,1,Late,High Risk
5924,4,2,5,5,275,3,2,1,9,4287,1,1,1,0,1,1,0,0.4611492,0,On Time,Medium Risk
5925,0,2,4,2,272,2,1,0,1,5939,1,1,1,0,1,0,1,0.5027,1,Late,Medium Risk
5926,1,2,6,5,280,3,1,1,9,4074,1,1,1,0,1,1,0,0.5295134,1,Late,Medium Risk
5927,2,2,6,3,202,3,1,0,5,4930,0,1,1,0,0,1,0,0.62387764,1,Late,High Risk
5928,4,2,5,2,184,3,2,0,8,4581,0,1,1,0,0,1,1,0.6651148,1,Late,High Risk
5929,3,2,5,2,244,5,2,0,7,5515,0,1,1,0,1,1,1,0.6606923,1,Late,High Risk
5930,4,2,4,4,138,5,1,1,10,5401,0,1,1,0,0,1,0,0.7589049,1,Late,High Risk
5931,0,2,4,3,109,2,2,0,4,5407,0,1,1,0,0,0,0,0.65361494,1,Late,High Risk
5932,1,2,2,5,189,5,1,1,3,5292,0,0,1,0,0,1,0,0.8259393,1,Late,High Risk
5933,2,2,3,2,170,3,1,1,9,4069,0,0,1,0,0,1,1,0.6884361,1,Late,High Risk
5934,4,2,3,1,183,2,2,0,10,4598,0,0,1,0,0,0,1,0.7444662,1,Late,High Risk
5935,3,2,3,4,263,6,0,1,3,4429,0,0,1,0,1,1,0,0.66036147,1,Late,High Risk
5936,4,2,4,1,271,4,1,1,9,5853,1,1,1,0,1,1,1,0.5494071,1,Late,Medium Risk
5937,0,2,6,3,202,4,2,0,3,4496,1,1,1,0,0,1,0,0.67737055,1,Late,High Risk
5938,1,2,3,3,265,3,2,0,8,5070,0,0,1,0,1,1,0,0.5716574,1,Late,Medium Risk
5939,2,2,4,1,220,3,2,0,6,4472,0,1,1,0,1,1,1,0.6377779,1,Late,High Risk
5940,4,2,4,4,274,2,1,0,7,4873,1,1,1,0,1,0,0,0.688304,1,Late,High Risk
5941,3,2,4,5,212,2,2,1,10,4552,0,1,1,0,0,0,0,0.78105795,1,Late,High Risk
5942,4,2,4,2,244,3,0,1,1,5559,1,1,1,0,1,1,1,0.64248973,1,Late,High Risk
5943,0,2,4,5,252,3,2,0,4,5017,0,1,1,0,1,1,0,0.67518324,1,Late,High Risk
5944,1,2,5,5,158,2,1,1,8,4743,0,1,1,0,0,0,0,0.7500019,1,Late,High Risk
5945,2,2,2,5,286,6,2,0,5,5490,0,0,1,0,1,1,0,0.8465285,1,Late,High Risk
5946,4,2,3,5,164,3,0,1,10,4639,1,0,1,0,0,1,0,0.58553624,1,Late,Medium Risk
5947,3,2,4,3,170,6,2,1,6,4998,0,1,1,0,0,1,0,0.60636073,1,Late,High Risk
5948,4,2,4,1,269,2,2,0,8,4930,0,1,1,0,1,0,1,0.6949166,1,Late,High Risk
5949,0,2,4,2,238,2,1,0,2,4002,0,1,1,0,1,0,1,0.6388082,1,Late,High Risk
5950,1,2,4,3,198,7,2,0,1,5315,0,1,1,0,0,1,0,0.6611666,1,Late,High Risk
5951,2,2,4,4,184,8,1,1,7,5235,1,1,1,0,0,1,0,0.47763368,0,On Time,Medium Risk
5952,4,2,5,2,265,3,1,1,10,4347,1,1,1,0,1,1,1,0.624249,1,Late,High Risk
5953,3,2,3,2,204,10,2,0,10,4534,0,0,1,0,0,1,1,0.8823784,1,Late,High Risk
5954,4,2,5,1,233,7,2,0,5,5759,1,1,1,0,1,1,1,0.5050535,1,Late,Medium Risk
5955,0,2,4,5,134,3,1,0,8,5694,0,1,1,0,0,1,0,0.6961086,1,Late,High Risk
5956,1,2,3,4,153,3,2,0,9,5474,0,0,1,0,0,1,0,0.6756671,1,Late,High Risk
5957,2,2,2,5,241,3,2,0,3,4253,1,0,1,0,1,1,0,0.6588862,1,Late,High Risk
5958,4,2,4,5,187,3,1,1,7,5022,1,1,1,0,0,1,0,0.630106,1,Late,High Risk
5959,3,2,3,3,148,3,1,0,8,5622,0,0,1,0,0,1,0,0.7314164,1,Late,High Risk
5960,4,2,3,4,133,8,2,0,10,5439,1,0,1,0,0,1,0,0.8146974,1,Late,High Risk
5961,0,2,6,1,250,4,1,1,10,1623,1,1,1,1,1,1,1,0.67871755,1,Late,High Risk
5962,1,2,6,1,249,4,2,1,2,1326,1,1,1,1,1,1,1,0.5342783,1,Late,Medium Risk
5963,2,2,5,2,259,5,1,1,8,1678,0,1,1,1,1,1,1,0.6924439,1,Late,High Risk
5964,4,2,6,4,266,4,1,1,5,1639,1,1,1,1,1,1,0,0.6183464,1,Late,High Risk
5965,3,2,6,5,244,4,2,0,6,1185,0,1,1,1,1,1,0,0.6711317,1,Late,High Risk
5966,4,2,4,5,239,6,1,1,2,1879,0,1,1,1,1,1,0,0.602342,1,Late,High Risk
5967,0,2,4,5,270,5,1,0,1,1187,1,1,1,1,1,1,0,0.6209539,1,Late,High Risk
5968,1,2,6,3,270,4,1,0,7,1079,0,1,1,1,1,1,0,0.68159676,1,Late,High Risk
5969,2,2,6,2,257,4,2,1,1,1513,0,1,1,1,1,1,1,0.6030803,1,Late,High Risk
5970,4,2,4,3,243,5,2,0,3,1634,1,1,1,1,1,1,0,0.56973964,1,Late,Medium Risk
5971,3,2,4,5,271,4,1,1,6,5078,0,1,1,0,1,1,0,0.7113802,1,Late,High Risk
5972,4,2,6,3,202,4,2,0,6,4249,0,1,1,0,0,1,0,0.7041344,1,Late,High Risk
5973,0,2,3,3,265,3,2,0,3,5986,1,0,1,0,1,1,0,0.36813003,0,On Time,Medium Risk
5974,1,2,4,1,220,3,2,1,1,5159,1,1,1,0,1,1,1,0.6372552,1,Late,High Risk
5975,2,2,4,3,274,2,1,1,1,4762,0,1,1,0,1,0,0,0.69668657,1,Late,High Risk
5976,4,2,4,1,212,2,2,1,4,4969,0,1,1,0,0,0,1,0.7338308,1,Late,High Risk
5977,3,2,4,2,244,3,0,0,3,4103,0,1,1,0,1,1,1,0.5094413,1,Late,Medium Risk
5978,4,2,4,2,252,3,2,0,4,5782,0,1,1,0,1,1,1,0.58919793,1,Late,Medium Risk
5979,0,2,5,1,158,2,1,1,4,5736,1,1,1,0,0,0,1,0.6985576,1,Late,High Risk
5980,1,2,2,5,286,6,2,0,3,4497,1,0,1,0,1,1,0,0.8125698,1,Late,High Risk
5981,2,2,3,3,164,3,0,1,8,5170,0,0,1,0,0,1,0,0.59723985,1,Late,Medium Risk
5982,4,2,4,2,170,6,2,1,10,4891,0,1,1,0,0,1,1,0.6462275,1,Late,High Risk
5983,3,2,4,3,269,2,2,1,2,4158,0,1,1,0,1,0,0,0.7071882,1,Late,High Risk
5984,4,2,4,3,238,2,1,1,7,5808,1,1,1,0,1,0,0,0.65572506,1,Late,High Risk
5985,0,2,4,5,198,7,2,1,9,4249,1,1,1,0,0,1,0,0.6507944,1,Late,High Risk
5986,1,2,4,3,184,8,1,1,4,4686,0,1,1,0,0,1,0,0.5722642,1,Late,Medium Risk
5987,2,2,5,2,265,3,1,1,8,5447,1,1,1,0,1,1,1,0.528526,1,Late,Medium Risk
5988,4,2,3,1,204,10,2,1,5,5375,0,0,1,0,0,1,1,0.7123115,1,Late,High Risk
5989,3,2,5,2,233,7,2,0,8,5519,1,1,1,0,1,1,1,0.68696207,1,Late,High Risk
5990,4,2,4,2,134,3,1,0,9,4214,1,1,1,0,0,1,1,0.70563626,1,Late,High Risk
5991,0,2,3,2,153,3,2,1,6,4056,0,0,1,0,0,1,1,0.6372448,1,Late,High Risk
5992,1,2,2,1,241,3,2,0,5,5697,1,0,1,0,1,1,1,0.5486691,1,Late,Medium Risk
5993,2,2,4,4,187,3,1,0,8,4893,0,1,1,0,0,1,0,0.65606046,1,Late,High Risk
5994,4,2,3,4,148,3,1,0,8,5267,1,0,1,0,0,1,0,0.61997825,1,Late,High Risk
5995,3,2,3,5,133,8,2,0,8,5002,1,0,1,0,0,1,0,0.6382602,1,Late,High Risk
5996,4,2,6,1,250,4,1,1,4,1018,0,1,1,1,1,1,1,0.8110499,1,Late,High Risk
5997,0,2,6,5,249,4,2,1,3,1710,1,1,1,1,1,1,0,0.6293537,1,Late,High Risk
5998,1,2,5,3,259,5,1,1,2,1730,0,1,1,1,1,1,0,0.5133769,1,Late,Medium Risk
5999,2,2,6,2,266,4,1,0,9,1220,0,1,1,1,1,1,1,0.6556198,1,Late,High Risk
6000,4,2,6,3,244,4,2,1,5,1108,1,1,1,1,1,1,0,0.5859221,1,Late,Medium Risk
6001,3,2,4,5,239,6,1,1,4,1451,0,1,1,1,1,1,0,0.6109006,1,Late,High Risk
6002,4,1,4,3,270,5,1,0,3,1786,1,1,1,1,1,1,0,0.5602974,1,Late,Medium Risk
6003,0,1,6,4,282,4,1,1,6,1580,0,1,1,1,1,1,0,0.7608906,1,Late,High Risk
6004,1,1,6,5,295,4,2,1,2,1981,0,1,1,1,1,1,0,0.7162566,1,Late,High Risk
6005,2,1,6,1,255,4,1,1,5,1253,1,1,1,1,1,1,1,0.46173656,0,On Time,Medium Risk
6006,4,1,6,4,292,4,1,1,3,1826,1,1,1,1,1,1,0,0.362108,0,On Time,Medium Risk
6007,3,1,6,3,244,4,1,0,1,1317,1,1,1,1,1,1,0,0.4144629,0,On Time,Medium Risk
6008,4,1,6,1,306,4,1,1,1,1210,0,1,1,1,1,1,1,0.6612678,1,Late,High Risk
6009,0,1,6,1,258,4,1,1,3,1506,0,1,1,1,1,1,1,0.6469611,1,Late,High Risk
6010,1,1,4,2,265,6,1,1,8,1391,1,1,1,1,1,1,1,0.61121356,1,Late,High Risk
6011,2,1,5,1,227,5,1,1,7,1620,1,1,1,1,1,1,1,0.6654746,1,Late,High Risk
6012,4,1,7,1,276,4,1,0,8,1560,1,1,1,1,1,1,1,0.54908776,1,Late,Medium Risk
6013,3,1,6,4,244,4,2,1,7,1795,0,1,1,1,1,1,0,0.63741225,1,Late,High Risk
6014,4,1,4,3,217,6,2,0,6,1552,0,1,1,1,1,1,0,0.7046827,1,Late,High Risk
6015,0,1,2,3,211,3,1,0,8,1172,0,0,1,1,0,1,0,0.4498054,0,On Time,Medium Risk
6016,1,1,4,2,227,5,1,1,7,1354,1,1,1,1,1,1,1,0.72855395,1,Late,High Risk
6017,2,1,5,3,249,4,2,1,1,1014,1,1,1,1,1,1,0,0.50567245,1,Late,Medium Risk
6018,4,1,6,3,269,4,1,1,3,1006,0,1,1,1,1,1,0,0.79012525,1,Late,High Risk
6019,3,1,6,5,278,4,2,0,6,1140,0,1,1,1,1,1,0,0.7328264,1,Late,High Risk
6020,4,1,6,5,282,4,2,1,3,1385,0,1,1,1,1,1,0,0.74870354,1,Late,High Risk
6021,0,1,6,4,300,4,2,0,7,1607,0,1,1,1,1,1,0,0.79061127,1,Late,High Risk
6022,1,1,5,5,259,5,1,0,9,1624,0,1,1,1,1,1,0,0.69707716,1,Late,High Risk
6023,2,1,6,1,295,4,2,0,6,1611,0,1,1,1,1,1,1,0.8719988,1,Late,High Risk
6024,4,0,5,5,238,5,1,1,2,1657,0,1,1,1,1,1,0,0.63972783,1,Late,High Risk
6025,3,0,5,3,270,5,2,0,7,1303,1,1,1,1,1,1,0,0.59131247,1,Late,Medium Risk
6026,4,0,5,3,267,5,1,1,6,1119,1,1,1,1,1,1,0,0.6337428,1,Late,High Risk
6027,0,0,4,1,270,5,2,1,9,1280,1,1,1,1,1,1,1,0.68767756,1,Late,High Risk
6028,1,0,4,1,245,5,2,0,8,1923,0,1,1,1,1,1,1,0.7444661,1,Late,High Risk
6029,2,0,6,4,262,4,1,0,10,1068,1,1,1,1,1,1,0,0.58809674,1,Late,Medium Risk
6030,4,0,4,2,245,5,1,1,8,1122,1,1,1,1,1,1,1,0.7463436,1,Late,High Risk
6031,3,0,6,2,268,4,1,1,7,1943,0,1,1,1,1,1,1,0.70345277,1,Late,High Risk
6032,4,0,5,1,262,5,1,1,1,1488,1,1,1,1,1,1,1,0.57224375,1,Late,Medium Risk
6033,0,0,6,3,283,5,2,1,10,1483,0,1,1,1,1,1,0,0.682985,1,Late,High Risk
6034,1,0,5,3,260,5,2,1,8,1001,0,1,1,1,1,1,0,0.7997126,1,Late,High Risk
6035,2,0,7,5,258,4,1,0,4,1677,1,1,1,1,1,1,0,0.6805576,1,Late,High Risk
6036,4,0,5,2,130,4,2,0,1,1877,0,1,1,1,0,1,1,0.4965334,0,On Time,Medium Risk
6037,3,0,6,3,262,5,1,1,9,1053,0,1,1,1,1,1,0,0.7278715,1,Late,High Risk
6038,4,0,6,2,293,4,1,0,4,1764,1,1,1,1,1,1,1,0.39449546,0,On Time,Medium Risk
6039,0,0,7,1,255,5,2,1,10,1238,1,1,1,1,1,1,1,0.49550053,0,On Time,Medium Risk
6040,1,0,6,1,242,5,1,0,5,1555,0,1,1,1,1,1,1,0.6156684,1,Late,High Risk
6041,2,0,6,3,264,4,2,0,6,1622,1,1,1,1,1,1,0,0.6723155,1,Late,High Risk
6042,4,0,6,4,253,4,1,0,7,1485,0,1,1,1,1,1,0,0.7076208,1,Late,High Risk
6043,3,0,5,5,271,5,1,0,4,1667,0,1,1,1,1,1,0,0.64316076,1,Late,High Risk
6044,4,0,6,2,250,4,2,0,3,1777,1,1,1,1,1,1,1,0.63850594,1,Late,High Risk
6045,0,0,4,3,266,5,0,0,5,1590,0,1,1,1,1,1,0,0.5104116,1,Late,Medium Risk
6046,1,2,6,2,286,4,1,0,4,1594,0,1,1,1,1,1,1,0.65996784,1,Late,High Risk
6047,2,2,5,2,275,5,1,1,9,1373,0,1,1,1,1,1,1,0.6805266,1,Late,High Risk
6048,4,2,6,3,295,5,1,1,4,1392,0,1,1,1,1,1,0,0.82991713,1,Late,High Risk
6049,3,2,5,1,269,6,2,0,8,1341,0,1,1,1,1,1,1,0.5149165,1,Late,Medium Risk
6050,4,2,4,1,239,5,1,0,1,1780,1,1,1,1,1,1,1,0.62397325,1,Late,High Risk
6051,0,2,6,4,271,4,2,1,8,1867,0,1,1,1,1,1,0,0.67229176,1,Late,High Risk
6052,1,2,6,5,165,6,1,0,6,1529,1,1,1,1,0,1,0,0.4511513,0,On Time,Medium Risk
6053,2,2,7,2,302,5,2,1,5,1614,0,1,1,1,1,1,1,0.8318232,1,Late,High Risk
6054,4,2,6,2,293,6,1,0,10,1919,1,1,1,1,1,1,1,0.4373089,0,On Time,Medium Risk
6055,3,2,4,4,202,3,1,0,3,5524,1,1,1,0,0,1,0,0.6926422,1,Late,High Risk
6056,4,2,2,3,185,3,2,0,7,4246,0,0,1,0,0,1,0,0.6609426,1,Late,High Risk
6057,0,2,4,4,210,2,2,1,8,5942,0,1,1,0,0,0,0,0.82111806,1,Late,High Risk
6058,1,2,3,5,186,2,2,1,8,5924,0,0,1,0,0,0,0,0.79173696,1,Late,High Risk
6059,2,2,3,4,163,3,1,1,7,5913,0,0,1,0,0,1,0,0.8141653,1,Late,High Risk
6060,4,2,3,4,168,3,1,1,5,5964,0,0,1,0,0,1,0,0.76576746,1,Late,High Risk
6061,3,2,4,3,199,3,1,1,8,4391,1,1,1,0,0,1,0,0.60484695,1,Late,High Risk
6062,4,2,3,5,271,2,2,1,7,4958,0,0,1,0,1,0,0,0.6729239,1,Late,High Risk
6063,0,2,3,4,164,3,1,0,4,4796,0,0,1,0,0,1,0,0.71645653,1,Late,High Risk
6064,1,2,4,1,231,2,2,1,3,4696,0,1,1,0,1,0,1,0.5951539,1,Late,Medium Risk
6065,2,2,3,1,196,2,1,1,10,4141,1,0,1,0,0,0,1,0.8308182,1,Late,High Risk
6066,4,2,4,2,218,3,1,0,2,4949,0,1,1,0,1,1,1,0.67675316,1,Late,High Risk
6067,3,2,5,1,267,4,1,1,5,4440,1,1,1,0,1,1,1,0.6161805,1,Late,High Risk
6068,4,2,4,4,163,3,1,0,5,4440,0,1,1,0,0,1,0,0.66780955,1,Late,High Risk
6069,0,2,4,1,224,4,2,0,5,4887,0,1,1,0,1,1,1,0.67476845,1,Late,High Risk
6070,1,2,3,4,156,2,2,0,10,5107,1,0,1,0,0,0,0,0.55836976,1,Late,Medium Risk
6071,2,2,5,5,175,6,1,0,2,4883,1,1,1,0,0,1,0,0.53417104,1,Late,Medium Risk
6072,4,2,3,4,257,5,2,0,5,5365,0,0,1,0,1,1,0,0.68602437,1,Late,High Risk
6073,3,2,4,4,259,3,1,1,3,4509,0,1,1,0,1,1,0,0.6732093,1,Late,High Risk
6074,4,2,3,3,112,4,1,0,7,5716,1,0,1,0,0,1,0,0.41488656,0,On Time,Medium Risk
6075,0,2,4,3,145,4,2,1,2,5735,0,1,1,0,0,1,0,0.7452176,1,Late,High Risk
6076,1,2,3,1,230,3,2,1,3,4957,0,0,1,0,1,1,1,0.56586933,1,Late,Medium Risk
6077,2,2,3,4,188,4,1,0,6,5016,0,0,1,0,0,1,0,0.76482666,1,Late,High Risk
6078,4,2,3,2,132,4,2,0,3,4512,0,0,1,0,0,1,1,0.8470298,1,Late,High Risk
6079,3,2,4,1,239,4,0,1,2,5502,0,1,1,0,1,1,1,0.6436313,1,Late,High Risk
6080,4,2,2,5,167,3,2,1,8,4605,0,0,1,0,0,1,0,0.83670944,1,Late,High Risk
6081,0,2,3,1,133,3,2,1,7,4004,1,0,1,0,0,1,1,0.33838525,0,On Time,Medium Risk
6082,1,2,4,2,270,2,0,0,9,5080,1,1,1,0,1,0,1,0.5480755,1,Late,Medium Risk
6083,2,2,4,3,229,2,2,1,7,5364,1,1,1,0,1,0,0,0.5388982,1,Late,Medium Risk
6084,4,2,5,1,261,4,0,0,6,4852,0,1,1,0,1,1,1,0.63865817,1,Late,High Risk
6085,3,2,2,1,192,3,1,0,9,4774,0,0,1,0,0,1,1,0.65897584,1,Late,High Risk
6086,4,2,4,5,217,3,1,0,6,4848,1,1,1,0,1,1,0,0.65126747,1,Late,High Risk
6087,0,2,4,3,246,2,1,1,6,4908,0,1,1,0,1,0,0,0.6586332,1,Late,High Risk
6088,1,2,5,5,208,2,2,1,8,5321,0,1,1,0,0,0,0,0.73709756,1,Late,High Risk
6089,2,2,5,1,148,3,1,0,5,5790,0,1,1,0,0,1,1,0.7689152,1,Late,High Risk
6090,4,2,4,1,132,6,0,1,8,4902,1,1,1,0,0,1,1,0.45347297,0,On Time,Medium Risk
6091,3,2,4,2,249,3,1,0,6,5051,1,1,1,0,1,1,1,0.6187818,1,Late,High Risk
6092,4,2,3,3,225,4,1,0,9,5468,1,0,1,0,1,1,0,0.71264386,1,Late,High Risk
6093,0,2,5,1,279,4,2,0,3,4607,0,1,1,0,1,1,1,0.79941136,1,Late,High Risk
6094,1,2,4,2,183,2,1,0,8,4921,0,1,1,0,0,0,1,0.6915063,1,Late,High Risk
6095,2,2,4,4,215,2,0,0,6,5238,0,1,1,0,1,0,0,0.65183157,1,Late,High Risk
6096,4,2,6,4,195,5,0,0,10,4225,0,1,1,0,0,1,0,0.7443802,1,Late,High Risk
6097,3,2,4,2,156,2,2,1,5,4467,1,1,1,0,0,0,1,0.6252711,1,Late,High Risk
6098,4,2,3,5,160,3,1,0,8,4106,0,0,1,0,0,1,0,0.5689307,1,Late,Medium Risk
6099,0,2,5,5,153,5,2,1,10,5297,0,1,1,0,0,1,0,0.67856216,1,Late,High Risk
6100,1,2,3,4,215,3,0,0,5,4670,1,0,1,0,1,1,0,0.43571693,0,On Time,Medium Risk
6101,2,2,4,3,163,3,1,0,7,4556,0,1,1,0,0,1,0,0.717756,1,Late,High Risk
6102,4,2,4,2,195,3,2,1,8,5198,0,1,1,0,0,1,1,0.7472434,1,Late,High Risk
6103,3,2,4,3,170,2,1,1,3,4587,1,1,1,0,0,0,0,0.62206507,1,Late,High Risk
6104,4,2,3,3,133,3,1,1,5,5937,0,0,1,0,0,1,0,0.7609943,1,Late,High Risk
6105,0,2,5,2,171,6,2,0,5,5981,1,1,1,0,0,1,1,0.526971,1,Late,Medium Risk
6106,1,2,3,5,186,3,2,1,7,4764,0,0,1,0,0,1,0,0.71116304,1,Late,High Risk
6107,2,2,4,2,246,3,0,1,5,5960,0,1,1,0,1,1,1,0.74498177,1,Late,High Risk
6108,4,2,3,3,170,3,1,0,7,5427,1,0,1,0,0,1,0,0.6804547,1,Late,High Risk
6109,3,2,2,5,189,2,1,1,9,5245,0,0,1,0,0,0,0,0.80131984,1,Late,High Risk
6110,4,2,4,5,216,2,1,0,8,5767,1,1,1,0,1,0,0,0.6276817,1,Late,High Risk
6111,0,2,4,2,264,3,1,1,10,5137,1,1,1,0,1,1,1,0.57820034,1,Late,Medium Risk
6112,1,2,5,4,268,3,1,0,3,5320,1,1,1,0,1,1,0,0.49141434,0,On Time,Medium Risk
6113,2,2,4,1,225,2,2,0,10,4577,1,1,1,0,1,0,1,0.59815294,1,Late,Medium Risk
6114,4,2,4,2,252,2,0,0,4,5233,1,1,1,0,1,0,1,0.66369814,1,Late,High Risk
6115,3,2,3,2,204,3,1,0,8,4586,1,0,1,0,0,1,1,0.67144096,1,Late,High Risk
6116,4,2,5,1,193,2,2,0,1,4450,0,1,1,0,0,0,1,0.78526086,1,Late,High Risk
6117,0,2,5,3,220,3,1,0,9,5324,0,1,1,0,1,1,0,0.67270064,1,Late,High Risk
6118,1,2,6,4,271,3,1,0,7,5192,1,1,1,0,1,1,0,0.4708098,0,On Time,Medium Risk
6119,2,2,2,2,227,4,2,1,6,4104,1,0,1,0,1,1,1,0.54799867,1,Late,Medium Risk
6120,4,2,4,1,206,5,2,0,7,5941,1,1,1,0,0,1,1,0.54004294,1,Late,Medium Risk
6121,3,2,4,2,142,3,2,0,3,4644,0,1,1,0,0,1,1,0.7562057,1,Late,High Risk
6122,4,2,5,5,236,2,2,1,2,5210,0,1,1,0,1,0,0,0.769628,1,Late,High Risk
6123,0,2,5,4,275,2,2,1,10,5395,1,1,1,0,1,0,0,0.5680345,1,Late,Medium Risk
6124,1,2,3,5,144,2,2,1,2,4629,1,0,1,0,0,0,0,0.8510665,1,Late,High Risk
6125,2,2,4,5,194,3,2,1,3,5168,1,1,1,0,0,1,0,0.65107155,1,Late,High Risk
6126,4,2,3,2,260,3,1,1,9,4591,1,0,1,0,1,1,1,0.5857684,1,Late,Medium Risk
6127,3,2,3,4,240,3,2,1,8,4410,0,0,1,0,1,1,0,0.65089494,1,Late,High Risk
6128,4,2,3,2,136,3,0,0,2,5739,0,0,1,0,0,1,1,0.6921119,1,Late,High Risk
6129,0,2,3,3,132,2,2,1,1,4687,0,0,1,0,0,0,0,0.6757924,1,Late,High Risk
6130,1,2,4,2,266,3,2,1,7,5121,0,1,1,0,1,1,1,0.5613977,1,Late,Medium Risk
6131,2,2,4,1,263,3,0,1,5,4782,0,1,1,0,1,1,1,0.5502042,1,Late,Medium Risk
6132,4,2,5,5,270,3,1,0,9,5807,1,1,1,0,1,1,0,0.44034004,0,On Time,Medium Risk
6133,3,2,3,3,208,5,1,0,10,4258,0,0,1,0,0,1,0,0.777109,1,Late,High Risk
6134,4,2,5,5,206,3,1,1,1,5520,0,1,1,0,0,1,0,0.7478968,1,Late,High Risk
6135,0,2,3,3,159,3,1,1,3,5230,1,0,1,0,0,1,0,0.65069187,1,Late,High Risk
6136,1,2,4,3,162,3,1,1,4,5913,1,1,1,0,0,1,0,0.6138778,1,Late,High Risk
6137,2,2,3,2,177,2,2,1,4,4417,0,0,1,0,0,0,1,0.7216592,1,Late,High Risk
6138,4,2,3,3,168,4,1,0,4,4096,1,0,1,0,0,1,0,0.48961255,0,On Time,Medium Risk
6139,3,1,3,1,267,4,2,0,4,4914,1,0,1,0,1,1,1,0.70200694,1,Late,High Risk
6140,4,1,4,5,222,3,2,0,7,5844,0,1,1,0,1,1,0,0.6831098,1,Late,High Risk
6141,0,1,3,2,234,3,1,0,10,4781,0,0,1,0,1,1,1,0.63907725,1,Late,High Risk
6142,1,1,3,1,133,3,1,0,9,5724,0,0,1,0,0,1,1,0.5790443,1,Late,Medium Risk
6143,2,1,4,4,207,3,1,0,10,4533,0,1,1,0,0,1,0,0.702401,1,Late,High Risk
6144,4,1,4,3,243,4,1,0,9,4811,0,1,1,0,1,1,0,0.6853949,1,Late,High Risk
6145,3,1,5,5,161,3,1,0,1,4470,1,1,1,0,0,1,0,0.6586521,1,Late,High Risk
6146,4,1,3,5,193,3,2,0,6,5302,0,0,1,0,0,1,0,0.6935787,1,Late,High Risk
6147,0,1,4,5,234,4,2,1,9,5769,0,1,1,0,1,1,0,0.6259573,1,Late,High Risk
6148,1,1,2,1,185,6,2,0,7,4138,1,0,1,0,0,1,1,0.613873,1,Late,High Risk
6149,2,1,4,5,242,2,2,0,5,4806,0,1,1,0,1,0,0,0.63846105,1,Late,High Risk
6150,4,1,4,5,252,2,0,0,6,4147,1,1,1,0,1,0,0,0.57571876,1,Late,Medium Risk
6151,3,1,4,3,179,3,1,0,3,5495,1,1,1,0,0,1,0,0.6713162,1,Late,High Risk
6152,4,1,4,3,158,3,0,0,5,5602,0,1,1,0,0,1,0,0.67005605,1,Late,High Risk
6153,0,1,3,1,226,3,1,0,8,4002,0,0,1,0,1,1,1,0.512637,1,Late,Medium Risk
6154,1,1,5,4,269,2,2,0,2,5962,0,1,1,0,1,0,0,0.7082594,1,Late,High Risk
6155,2,1,3,5,148,3,1,0,7,5685,0,0,1,0,0,1,0,0.7368596,1,Late,High Risk
6156,4,1,4,5,159,2,1,0,3,5704,0,1,1,0,0,0,0,0.72072595,1,Late,High Risk
6157,3,1,3,4,273,4,2,1,4,5361,0,0,1,0,1,1,0,0.66518027,1,Late,High Risk
6158,4,1,3,4,233,3,2,1,5,5306,0,0,1,0,1,1,0,0.654017,1,Late,High Risk
6159,0,1,4,5,182,3,2,0,2,4473,0,1,1,0,0,1,0,0.7063883,1,Late,High Risk
6160,1,1,3,4,153,2,2,1,5,4023,1,0,1,0,0,0,0,0.3877383,0,On Time,Medium Risk
6161,2,0,4,5,210,2,2,1,5,5683,0,1,1,0,0,0,0,0.66909665,1,Late,High Risk
6162,4,0,4,1,241,3,2,1,6,4558,0,1,1,0,1,1,1,0.6687218,1,Late,High Risk
6163,3,0,3,2,220,3,1,1,8,5032,1,0,1,0,1,1,1,0.6109557,1,Late,High Risk
6164,4,0,5,4,211,3,2,0,7,4856,0,1,1,0,0,1,0,0.630841,1,Late,High Risk
6165,0,0,3,5,151,3,1,0,1,4088,0,0,1,0,0,1,0,0.5878067,1,Late,Medium Risk
6166,1,0,5,5,267,3,2,1,9,4775,1,1,1,0,1,1,0,0.5889534,1,Late,Medium Risk
6167,2,0,4,3,250,2,2,1,4,4808,1,1,1,0,1,0,0,0.51954067,1,Late,Medium Risk
6168,4,0,4,3,181,3,1,0,5,5398,1,1,1,0,0,1,0,0.6589931,1,Late,High Risk
6169,3,0,5,2,197,4,0,1,4,4339,1,1,1,0,0,1,1,0.5732404,1,Late,Medium Risk
6170,4,0,3,4,172,2,2,0,5,4647,0,0,1,0,0,0,0,0.7500397,1,Late,High Risk
6171,0,0,4,1,219,3,1,1,3,5223,1,1,1,0,1,1,1,0.62161046,1,Late,High Risk
6172,1,0,5,5,189,3,1,1,7,5717,0,1,1,0,0,1,0,0.57652384,1,Late,Medium Risk
6173,2,0,5,1,225,3,1,1,8,4539,0,1,1,0,1,1,1,0.6176339,1,Late,High Risk
6174,4,0,5,3,269,5,1,0,8,5833,1,1,1,0,1,1,0,0.49543774,0,On Time,Medium Risk
6175,3,0,5,4,157,3,2,0,7,4199,1,1,1,0,0,1,0,0.5197979,1,Late,Medium Risk
6176,4,0,3,5,189,3,1,1,5,5422,0,0,1,0,0,1,0,0.75167584,1,Late,High Risk
6177,0,0,3,1,226,2,2,0,6,4946,1,0,1,0,1,0,1,0.5587248,1,Late,Medium Risk
6178,1,0,2,1,220,2,2,0,6,4382,1,0,1,0,1,0,1,0.6371309,1,Late,High Risk
6179,2,0,6,3,275,6,1,1,4,4875,0,1,1,0,1,1,0,0.7152402,1,Late,High Risk
6180,4,0,3,4,171,3,2,0,5,4310,1,0,1,0,0,1,0,0.5446185,1,Late,Medium Risk
6181,3,0,4,3,235,3,1,0,4,5289,1,1,1,0,1,1,0,0.5713001,1,Late,Medium Risk
6182,4,0,3,4,201,3,0,1,7,4887,1,0,1,0,0,1,0,0.5749995,1,Late,Medium Risk
6183,0,2,5,5,269,3,1,0,5,5673,1,1,1,0,1,1,0,0.51445293,1,Late,Medium Risk
6184,1,2,5,3,182,2,1,1,4,5579,0,1,1,0,0,0,0,0.73057693,1,Late,High Risk
6185,2,2,5,5,266,5,1,0,9,4500,0,1,1,0,1,1,0,0.7065967,1,Late,High Risk
6186,4,2,3,5,157,2,2,0,4,5991,0,0,1,0,0,0,0,0.62887126,1,Late,High Risk
6187,3,2,4,1,258,4,0,0,1,5476,0,1,1,0,1,1,1,0.69764036,1,Late,High Risk
6188,4,2,4,2,280,4,1,1,9,5288,1,1,1,0,1,1,1,0.5592343,1,Late,Medium Risk
6189,0,2,4,4,154,3,1,0,7,4106,1,1,1,0,0,1,0,0.40771067,0,On Time,Medium Risk
6190,1,2,4,4,274,2,1,0,3,4257,0,1,1,0,1,0,0,0.67486256,1,Late,High Risk
6191,2,2,4,5,180,2,2,0,1,4332,0,1,1,0,0,0,0,0.66405195,1,Late,High Risk
6192,4,2,3,5,146,3,2,0,7,4126,0,0,1,0,0,1,0,0.5621963,1,Late,Medium Risk
6193,3,2,3,4,236,3,2,1,1,5851,0,0,1,0,1,1,0,0.7534497,1,Late,High Risk
6194,4,2,4,4,133,4,0,0,10,5296,0,1,1,0,0,1,0,0.73368055,1,Late,High Risk
6195,0,2,5,2,173,4,0,0,9,4307,0,1,1,0,0,1,1,0.674648,1,Late,High Risk
6196,1,2,4,3,210,3,1,1,9,5556,0,1,1,0,0,1,0,0.653727,1,Late,High Risk
6197,2,2,3,4,238,2,2,0,1,4991,1,0,1,0,1,0,0,0.6147541,1,Late,High Risk
6198,4,2,4,2,268,4,1,0,3,5275,0,1,1,0,1,1,1,0.64437115,1,Late,High Risk
6199,3,2,3,5,175,3,2,0,8,5471,1,0,1,0,0,1,0,0.6890989,1,Late,High Risk
6200,4,2,5,2,280,4,1,1,8,4539,1,1,1,0,1,1,1,0.5994949,1,Late,Medium Risk
6201,0,2,4,1,153,2,1,0,1,4027,0,1,1,0,0,0,1,0.5070915,1,Late,Medium Risk
6202,1,2,4,4,251,2,2,0,6,4376,0,1,1,0,1,0,0,0.6525543,1,Late,High Risk
6203,2,2,4,2,252,3,2,1,8,4262,1,1,1,0,1,1,1,0.62912434,1,Late,High Risk
6204,4,2,4,5,201,8,2,0,4,5472,1,1,1,0,0,1,0,0.6862102,1,Late,High Risk
6205,3,2,5,4,216,4,2,0,8,5878,1,1,1,0,1,1,0,0.71679926,1,Late,High Risk
6206,4,2,3,2,126,10,1,1,3,4073,1,0,1,0,0,1,1,0.3454524,0,On Time,Medium Risk
6207,0,2,3,2,177,4,1,0,3,4199,1,0,1,0,0,1,1,0.7419164,1,Late,High Risk
6208,1,2,5,3,145,3,2,1,1,5783,1,1,1,0,0,1,0,0.60885316,1,Late,High Risk
6209,2,2,5,3,258,2,1,0,10,5371,1,1,1,0,1,0,0,0.5560112,1,Late,Medium Risk
6210,4,2,4,3,273,10,2,1,6,4251,1,1,1,0,1,1,0,0.6876931,1,Late,High Risk
6211,3,2,4,1,245,3,1,0,5,4523,0,1,1,0,1,1,1,0.65731037,1,Late,High Risk
6212,4,2,5,4,241,2,2,0,7,4413,0,1,1,0,1,0,0,0.66804945,1,Late,High Risk
6213,0,2,4,1,208,3,1,0,6,5345,1,1,1,0,0,1,1,0.77844304,1,Late,High Risk
6214,1,2,6,5,282,4,1,1,1,1193,1,1,1,1,1,1,0,0.5526667,1,Late,Medium Risk
6215,2,2,6,5,295,4,2,1,1,1159,0,1,1,1,1,1,0,0.7603484,1,Late,High Risk
6216,4,2,6,5,255,4,1,0,9,1113,0,1,1,1,1,1,0,0.69638264,1,Late,High Risk
6217,3,2,6,3,292,4,1,0,8,1434,0,1,1,1,1,1,0,0.62228924,1,Late,High Risk
6218,4,2,6,4,244,4,1,1,1,1130,1,1,1,1,1,1,0,0.3900394,0,On Time,Medium Risk
6219,0,2,6,4,306,4,1,0,8,1691,1,1,1,1,1,1,0,0.5925587,1,Late,Medium Risk
6220,1,2,6,5,258,4,1,1,5,1966,1,1,1,1,1,1,0,0.48110488,0,On Time,Medium Risk
6221,2,2,4,1,265,6,1,0,2,1629,1,1,1,1,1,1,1,0.505637,1,Late,Medium Risk
6222,4,2,5,1,227,5,1,1,6,1667,0,1,1,1,1,1,1,0.6645958,1,Late,High Risk
6223,3,2,7,1,276,4,1,0,9,1519,1,1,1,1,1,1,1,0.53721124,1,Late,Medium Risk
6224,4,2,6,5,244,4,2,0,2,1980,0,1,1,1,1,1,0,0.485106,0,On Time,Medium Risk
6225,0,2,4,2,217,6,2,0,3,1732,1,1,1,1,1,1,1,0.5914196,1,Late,Medium Risk
6226,1,2,2,5,211,3,1,1,3,1368,0,0,1,1,0,1,0,0.47751215,0,On Time,Medium Risk
6227,2,2,4,4,227,5,1,1,8,1982,1,1,1,1,1,1,0,0.5612056,1,Late,Medium Risk
6228,4,2,5,1,249,4,2,1,5,1027,1,1,1,1,1,1,1,0.48314834,0,On Time,Medium Risk
6229,3,2,6,2,269,4,1,1,6,1073,0,1,1,1,1,1,1,0.74019516,1,Late,High Risk
6230,4,2,6,3,278,4,2,1,4,1716,0,1,1,1,1,1,0,0.5837255,1,Late,Medium Risk
6231,0,2,6,5,282,4,2,0,4,1013,0,1,1,1,1,1,0,0.76577115,1,Late,High Risk
6232,1,2,6,1,300,4,2,0,2,1790,1,1,1,1,1,1,1,0.5124695,1,Late,Medium Risk
6233,2,2,3,3,146,3,2,0,4,5384,0,0,1,0,0,1,0,0.7352329,1,Late,High Risk
6234,4,2,3,4,236,3,2,0,5,5466,0,0,1,0,1,1,0,0.75514007,1,Late,High Risk
6235,3,2,4,4,133,4,0,0,7,5973,1,1,1,0,0,1,0,0.37761012,0,On Time,Medium Risk
6236,4,2,5,4,173,4,0,0,8,5284,1,1,1,0,0,1,0,0.561969,1,Late,Medium Risk
6237,0,2,4,2,210,3,1,0,9,4163,0,1,1,0,0,1,1,0.8118346,1,Late,High Risk
6238,1,2,3,3,238,2,2,0,4,4206,0,0,1,0,1,0,0,0.61107117,1,Late,High Risk
6239,2,2,4,4,268,4,1,1,5,5647,0,1,1,0,1,1,0,0.7139747,1,Late,High Risk
6240,4,2,3,4,175,3,2,1,10,4771,1,0,1,0,0,1,0,0.6487752,1,Late,High Risk
6241,3,2,5,4,280,4,1,1,10,5156,0,1,1,0,1,1,0,0.67481047,1,Late,High Risk
6242,4,2,4,5,153,2,1,1,1,4492,0,1,1,0,0,0,0,0.606949,1,Late,High Risk
6243,0,2,4,5,251,2,2,0,8,5232,0,1,1,0,1,0,0,0.6862027,1,Late,High Risk
6244,1,2,4,2,252,3,2,1,2,5769,0,1,1,0,1,1,1,0.5667833,1,Late,Medium Risk
6245,2,2,4,2,201,8,2,0,9,5146,0,1,1,0,0,1,1,0.61779445,1,Late,High Risk
6246,4,2,5,5,216,4,2,0,1,4092,1,1,1,0,1,1,0,0.5200142,1,Late,Medium Risk
6247,3,2,3,3,126,10,1,1,10,4128,0,0,1,0,0,1,0,0.87906134,1,Late,High Risk
6248,4,2,3,1,177,4,1,0,6,5037,1,0,1,0,0,1,1,0.72059345,1,Late,High Risk
6249,0,2,5,2,145,3,2,1,2,4836,0,1,1,0,0,1,1,0.6800919,1,Late,High Risk
6250,1,2,5,4,258,2,1,0,8,4200,0,1,1,0,1,0,0,0.65695304,1,Late,High Risk
6251,2,2,4,3,273,10,2,0,8,4896,0,1,1,0,1,1,0,0.6633516,1,Late,High Risk
6252,4,2,4,1,245,3,1,1,2,5835,1,1,1,0,1,1,1,0.5916118,1,Late,Medium Risk
6253,3,2,5,2,241,2,2,1,6,4741,0,1,1,0,1,0,1,0.65609276,1,Late,High Risk
6254,4,2,4,1,208,3,1,1,4,4530,1,1,1,0,0,1,1,0.77623063,1,Late,High Risk
6255,0,2,6,1,282,4,1,1,1,1434,0,1,1,1,1,1,1,0.71912795,1,Late,High Risk
6256,1,2,6,5,295,4,2,1,5,1963,1,1,1,1,1,1,0,0.6137483,1,Late,High Risk
6257,2,2,6,4,255,4,1,1,7,1869,1,1,1,1,1,1,0,0.5965645,1,Late,Medium Risk
6258,4,2,6,2,292,4,1,0,2,1565,0,1,1,1,1,1,1,0.6899761,1,Late,High Risk
6259,3,2,6,1,244,4,1,1,5,1867,0,1,1,1,1,1,1,0.61021286,1,Late,High Risk
6260,4,2,6,3,306,4,1,1,10,1372,1,1,1,1,1,1,0,0.4832619,0,On Time,Medium Risk
6261,0,2,6,5,258,4,1,1,5,1558,0,1,1,1,1,1,0,0.6781716,1,Late,High Risk
6262,1,2,4,1,265,6,1,0,9,1753,1,1,1,1,1,1,1,0.5208347,1,Late,Medium Risk
6263,2,2,5,2,227,5,1,0,3,1242,1,1,1,1,1,1,1,0.7093635,1,Late,High Risk
6264,4,2,7,2,276,4,1,1,9,1022,1,1,1,1,1,1,1,0.41728467,0,On Time,Medium Risk
6265,3,2,6,4,244,4,2,0,1,1179,1,1,1,1,1,1,0,0.44499388,0,On Time,Medium Risk
6266,4,2,4,4,217,6,2,1,9,1974,0,1,1,1,1,1,0,0.63991344,1,Late,High Risk
6267,0,2,2,1,211,3,1,1,6,1760,1,0,1,1,0,1,1,0.31880173,0,On Time,Medium Risk
6268,1,2,4,5,227,5,1,0,2,1804,1,1,1,1,1,1,0,0.5463991,1,Late,Medium Risk
6269,2,2,5,5,249,4,2,1,2,1727,1,1,1,1,1,1,0,0.57482064,1,Late,Medium Risk
6270,4,2,7,4,302,5,2,1,7,1503,1,1,1,1,1,1,0,0.520518,1,Late,Medium Risk
6271,3,2,6,4,293,6,1,0,7,1117,1,1,1,1,1,1,0,0.42786238,0,On Time,Medium Risk
6272,4,2,5,5,232,3,1,1,4,1716,1,1,1,1,1,1,0,0.3710484,0,On Time,Medium Risk
6273,0,2,6,5,279,4,1,1,7,1447,0,1,1,1,1,1,0,0.707651,1,Late,High Risk
6274,1,2,6,5,251,4,1,0,8,1038,0,1,1,1,1,1,0,0.75595456,1,Late,High Risk
6275,2,2,6,5,300,5,1,1,1,1188,0,1,1,1,1,1,0,0.59136397,1,Late,Medium Risk
6276,4,1,7,5,133,5,1,0,3,1544,1,1,1,1,0,1,0,0.1167286,0,On Time,Low Risk
6277,3,1,6,5,283,4,1,1,2,1136,1,1,1,1,1,1,0,0.5865676,1,Late,Medium Risk
6278,4,1,7,5,296,4,1,1,8,1686,1,1,1,1,1,1,0,0.49416807,0,On Time,Medium Risk
6279,0,1,6,3,261,4,2,0,8,1397,1,1,1,1,1,1,0,0.66350263,1,Late,High Risk
6280,1,1,6,1,286,4,1,0,3,1747,1,1,1,1,1,1,1,0.44029105,0,On Time,Medium Risk
6281,2,1,6,3,298,4,1,0,1,1657,0,1,1,1,1,1,0,0.7518302,1,Late,High Risk
6282,4,1,6,4,287,4,2,0,9,1936,1,1,1,1,1,1,0,0.4459928,0,On Time,Medium Risk
6283,3,1,6,2,251,4,2,0,9,1322,1,1,1,1,1,1,1,0.67627746,1,Late,High Risk
6284,4,1,5,1,231,5,1,1,10,1418,0,1,1,1,1,1,1,0.78217894,1,Late,High Risk
6285,0,1,5,2,249,5,2,1,6,1298,0,1,1,1,1,1,1,0.71523565,1,Late,High Risk
6286,1,1,5,3,244,5,1,0,3,1174,0,1,1,1,1,1,0,0.67210716,1,Late,High Risk
6287,2,1,7,2,264,4,2,1,6,1688,0,1,1,1,1,1,1,0.8205953,1,Late,High Risk
6288,4,1,5,2,254,5,2,1,6,1002,0,1,1,1,1,1,1,0.90369934,1,Late,High Risk
6289,3,1,4,5,264,6,1,1,6,1637,0,1,1,1,1,1,0,0.6746342,1,Late,High Risk
6290,4,1,6,5,309,4,1,1,6,1463,1,1,1,1,1,1,0,0.79263264,1,Late,High Risk
6291,0,1,5,5,298,4,1,1,8,1631,0,1,1,1,1,1,0,0.61242354,1,Late,High Risk
6292,1,1,5,5,265,5,2,0,8,1867,0,1,1,1,1,1,0,0.6526905,1,Late,High Risk
6293,2,1,6,1,246,4,2,1,4,1504,1,1,1,1,1,1,1,0.61557186,1,Late,High Risk
6294,4,1,5,2,222,5,1,0,1,1672,0,1,1,1,1,1,1,0.741575,1,Late,High Risk
6295,3,1,7,5,250,4,1,0,2,1296,0,1,1,1,1,1,0,0.54023993,1,Late,Medium Risk
6296,4,1,4,3,240,5,2,0,5,1301,0,1,1,1,1,1,0,0.73127526,1,Late,High Risk
6297,0,1,4,3,246,6,1,0,10,1176,0,1,1,1,1,1,0,0.672412,1,Late,High Risk
6298,1,0,6,1,293,5,2,0,7,1052,0,1,1,1,1,1,1,0.69057417,1,Late,High Risk
6299,2,0,6,5,253,4,2,1,1,1977,0,1,1,1,1,1,0,0.51481587,1,Late,Medium Risk
6300,4,0,5,5,258,5,2,1,7,1819,0,1,1,1,1,1,0,0.60084224,1,Late,High Risk
6301,3,0,6,4,258,4,1,0,2,1051,1,1,1,1,1,1,0,0.511325,1,Late,Medium Risk
6302,4,0,5,3,245,5,2,1,3,1851,0,1,1,1,1,1,0,0.6453322,1,Late,High Risk
6303,0,0,7,2,307,4,2,1,2,1073,0,1,1,1,1,1,1,0.7322467,1,Late,High Risk
6304,1,0,6,5,301,4,1,0,3,1958,0,1,1,1,1,1,0,0.69585896,1,Late,High Risk
6305,2,0,6,5,252,4,1,0,2,1249,0,1,1,1,1,1,0,0.6001025,1,Late,High Risk
6306,4,0,5,1,272,6,2,0,2,1681,1,1,1,1,1,1,1,0.6624045,1,Late,High Risk
6307,3,0,5,3,221,5,1,0,2,1630,1,1,1,1,1,1,0,0.56919366,1,Late,Medium Risk
6308,4,0,5,3,247,5,1,1,10,1699,1,1,1,1,1,1,0,0.65067655,1,Late,High Risk
6309,0,0,7,5,260,4,1,0,3,1930,1,1,1,1,1,1,0,0.4953128,0,On Time,Medium Risk
6310,1,0,5,5,251,6,2,1,4,1077,0,1,1,1,1,1,0,0.7473114,1,Late,High Risk
6311,2,0,5,2,227,5,2,1,9,1917,0,1,1,1,1,1,1,0.7820754,1,Late,High Risk
6312,4,0,6,5,269,4,1,1,9,1826,0,1,1,1,1,1,0,0.6750122,1,Late,High Risk
6313,3,0,6,2,161,4,1,1,10,1683,0,1,1,1,0,1,1,0.71780306,1,Late,High Risk
6314,4,0,4,4,256,5,1,1,9,1622,1,1,1,1,1,1,0,0.6032677,1,Late,High Risk
6315,0,0,5,1,303,5,2,0,9,1203,0,1,1,1,1,1,1,0.71022373,1,Late,High Risk
6316,1,0,5,3,257,5,2,0,7,1565,1,1,1,1,1,1,0,0.54877037,1,Late,Medium Risk
6317,2,0,7,3,310,4,2,0,8,1497,0,1,1,1,1,1,0,0.8321085,1,Late,High Risk
6318,4,0,5,3,238,5,2,1,2,1150,1,1,1,1,1,1,0,0.6849083,1,Late,High Risk
6319,3,0,6,3,191,6,2,0,2,4471,0,1,1,0,0,1,0,0.68609923,1,Late,High Risk
6320,4,2,4,3,252,3,2,0,7,4852,0,1,1,0,1,1,0,0.56080043,1,Late,Medium Risk
6321,0,2,5,5,228,3,2,0,8,4731,1,1,1,0,1,1,0,0.6286936,1,Late,High Risk
6322,1,2,4,3,208,2,2,0,4,4767,1,1,1,0,0,0,0,0.574181,1,Late,Medium Risk
6323,2,2,3,3,176,3,1,0,1,5168,0,0,1,0,0,1,0,0.69579333,1,Late,High Risk
6324,4,2,3,1,233,3,1,0,7,4874,0,0,1,0,1,1,1,0.6331945,1,Late,High Risk
6325,3,2,5,5,104,4,1,1,2,5235,0,1,1,0,0,1,0,0.72387385,1,Late,High Risk
6326,4,2,3,4,237,3,1,1,1,5980,0,0,1,0,1,1,0,0.7160782,1,Late,High Risk
6327,0,2,2,5,252,3,2,1,7,5281,0,0,1,0,1,1,0,0.69303405,1,Late,High Risk
6328,1,2,5,2,135,3,2,1,9,5173,0,1,1,0,0,1,1,0.7115832,1,Late,High Risk
6329,2,2,5,5,137,2,1,1,8,5111,1,1,1,0,0,0,0,0.6373996,1,Late,High Risk
6330,4,2,4,3,228,3,2,0,1,5129,1,1,1,0,1,1,0,0.64491284,1,Late,High Risk
6331,3,2,4,3,236,4,2,1,1,5783,1,1,1,0,1,1,0,0.6239947,1,Late,High Risk
6332,4,2,3,4,239,4,2,0,8,4537,0,0,1,0,1,1,0,0.74550694,1,Late,High Risk
6333,0,2,2,2,199,3,1,1,1,4697,1,0,1,0,0,1,1,0.6077924,1,Late,High Risk
6334,1,2,3,4,269,2,2,1,2,4177,0,0,1,0,1,0,0,0.570883,1,Late,Medium Risk
6335,2,2,2,2,226,3,1,1,5,5875,0,0,1,0,1,1,1,0.7398593,1,Late,High Risk
6336,4,2,3,1,264,3,1,0,5,5043,0,0,1,0,1,1,1,0.69351304,1,Late,High Risk
6337,3,2,5,4,264,3,2,1,10,4025,1,1,1,0,1,1,0,0.46958378,0,On Time,Medium Risk
6338,4,2,4,3,186,3,1,1,2,4437,1,1,1,0,0,1,0,0.68525493,1,Late,High Risk
6339,0,2,3,5,154,3,0,0,2,4219,0,0,1,0,0,1,0,0.56193453,1,Late,Medium Risk
6340,1,2,3,1,239,2,2,0,2,5757,1,0,1,0,1,0,1,0.5941278,1,Late,Medium Risk
6341,2,2,3,5,139,2,1,0,7,4449,1,0,1,0,0,0,0,0.6198711,1,Late,High Risk
6342,4,2,5,4,138,2,2,0,8,5885,1,1,1,0,0,0,0,0.62736714,1,Late,High Risk
6343,3,2,3,1,286,4,2,1,4,5106,0,0,1,0,1,1,1,0.8502702,1,Late,High Risk
6344,4,2,4,3,275,5,1,1,2,4622,1,1,1,0,1,1,0,0.7422872,1,Late,High Risk
6345,0,2,4,5,195,2,1,1,2,4008,1,1,1,0,0,0,0,0.43095917,0,On Time,Medium Risk
6346,1,2,3,4,267,3,0,1,8,5337,1,0,1,0,1,1,0,0.49179366,0,On Time,Medium Risk
6347,2,2,4,3,223,3,2,0,7,5935,0,1,1,0,1,1,0,0.7347204,1,Late,High Risk
6348,4,2,4,4,198,2,1,1,6,5520,0,1,1,0,0,0,0,0.78651,1,Late,High Risk
6349,3,2,6,5,250,2,1,0,7,4724,0,1,1,0,1,0,0,0.7359304,1,Late,High Risk
6350,4,2,3,3,237,4,1,0,8,5761,0,0,1,0,1,1,0,0.61226094,1,Late,High Risk
6351,0,2,5,4,193,3,2,1,4,5873,0,1,1,0,0,1,0,0.6451681,1,Late,High Risk
6352,1,2,5,2,216,4,2,0,9,5804,0,1,1,0,1,1,1,0.8151062,1,Late,High Risk
6353,2,2,3,2,253,2,2,0,2,4567,0,0,1,0,1,0,1,0.64869887,1,Late,High Risk
6354,4,2,3,1,132,3,1,0,2,4785,0,0,1,0,0,1,1,0.65378755,1,Late,High Risk
6355,3,2,5,4,140,4,1,1,3,4018,0,1,1,0,0,1,0,0.47517887,0,On Time,Medium Risk
6356,4,2,2,4,114,4,1,1,9,4452,1,0,1,0,0,1,0,0.49294508,0,On Time,Medium Risk
6357,0,2,3,5,238,6,2,1,8,5620,0,0,1,0,1,1,0,0.6164956,1,Late,High Risk
6358,1,2,3,1,210,2,1,1,9,5932,0,0,1,0,0,0,1,0.7824297,1,Late,High Risk
6359,2,2,4,4,272,4,2,1,4,4363,1,1,1,0,1,1,0,0.6694339,1,Late,High Risk
6360,4,2,4,5,184,3,2,0,9,5594,0,1,1,0,0,1,0,0.6557911,1,Late,High Risk
6361,3,2,4,1,168,2,1,1,3,4665,1,1,1,0,0,0,1,0.5720051,1,Late,Medium Risk
6362,4,2,4,2,231,5,1,1,7,4718,0,1,1,0,1,1,1,0.7141501,1,Late,High Risk
6363,0,2,4,1,143,2,2,0,5,4057,0,1,1,0,0,0,1,0.64376444,1,Late,High Risk
6364,1,2,4,2,182,3,2,1,9,5735,0,1,1,0,0,1,1,0.73533285,1,Late,High Risk
6365,2,2,2,4,221,3,1,0,3,4076,0,0,1,0,1,1,0,0.64057094,1,Late,High Risk
6366,4,2,6,1,225,6,1,1,8,5714,1,1,1,0,1,1,1,0.49405143,0,On Time,Medium Risk
6367,3,2,3,5,227,3,0,1,9,4892,1,0,1,0,1,1,0,0.44099015,0,On Time,Medium Risk
6368,4,2,3,1,266,3,1,1,5,5154,0,0,1,0,1,1,1,0.69408816,1,Late,High Risk
6369,0,2,4,2,247,4,0,0,9,4588,1,1,1,0,1,1,1,0.61958283,1,Late,High Risk
6370,1,2,3,2,154,3,2,1,1,5322,1,0,1,0,0,1,1,0.60508525,1,Late,High Risk
6371,2,2,5,3,179,3,1,0,3,4131,0,1,1,0,0,1,0,0.5952053,1,Late,Medium Risk
6372,4,2,3,3,249,2,2,1,9,4034,1,0,1,0,1,0,0,0.4848272,0,On Time,Medium Risk
6373,3,2,3,5,156,4,1,1,5,4661,1,0,1,0,0,1,0,0.59410906,1,Late,Medium Risk
6374,4,2,3,5,206,3,1,0,6,4620,1,0,1,0,0,1,0,0.7674864,1,Late,High Risk
6375,0,2,4,1,245,3,2,0,5,4173,0,1,1,0,1,1,1,0.67967415,1,Late,High Risk
6376,1,2,4,5,197,2,1,1,3,4379,1,1,1,0,0,0,0,0.62812114,1,Late,High Risk
6377,2,2,3,4,188,4,2,1,5,5216,1,0,1,0,0,1,0,0.73776317,1,Late,High Risk
6378,4,2,3,3,237,2,1,0,2,4263,1,0,1,0,1,0,0,0.63878137,1,Late,High Risk
6379,3,2,4,4,174,2,2,0,2,5892,0,1,1,0,0,0,0,0.69033307,1,Late,High Risk
6380,4,2,5,3,266,3,1,1,4,4969,1,1,1,0,1,1,0,0.54241526,1,Late,Medium Risk
6381,0,2,3,3,151,3,1,1,7,4611,0,0,1,0,0,1,0,0.81494653,1,Late,High Risk
6382,1,2,4,3,271,2,2,1,9,4967,1,1,1,0,1,0,0,0.61190444,1,Late,High Risk
6383,2,2,4,1,214,2,1,0,10,4447,0,1,1,0,0,0,1,0.79604733,1,Late,High Risk
6384,4,2,6,5,261,5,1,1,1,5442,0,1,1,0,1,1,0,0.65456605,1,Late,High Risk
6385,3,2,3,1,166,2,0,0,6,5905,1,0,1,0,0,0,1,0.66993463,1,Late,High Risk
6386,4,2,3,4,269,2,1,0,8,5294,1,0,1,0,1,0,0,0.5828107,1,Late,Medium Risk
6387,0,2,3,2,167,3,2,1,5,5995,1,0,1,0,0,1,1,0.5975537,1,Late,Medium Risk
6388,1,2,4,1,200,2,2,0,5,5249,0,1,1,0,0,0,1,0.7104667,1,Late,High Risk
6389,2,2,4,4,159,3,1,0,1,4194,1,1,1,0,0,1,0,0.52847403,1,Late,Medium Risk
6390,4,2,4,2,197,2,1,0,1,4977,0,1,1,0,0,0,1,0.7300091,1,Late,High Risk
6391,3,2,4,5,219,2,0,1,4,4069,1,1,1,0,1,0,0,0.48169652,0,On Time,Medium Risk
6392,4,2,3,2,239,3,1,0,10,4486,0,0,1,0,1,1,1,0.6557181,1,Late,High Risk
6393,0,2,3,1,146,2,2,0,8,5375,0,0,1,0,0,0,1,0.6676188,1,Late,High Risk
6394,1,2,5,1,173,2,1,0,4,4242,1,1,1,0,0,0,1,0.77394766,1,Late,High Risk
6395,2,2,4,3,220,3,1,0,6,4894,1,1,1,0,1,1,0,0.57011807,1,Late,Medium Risk
6396,4,2,3,5,185,3,2,1,5,4317,1,0,1,0,0,1,0,0.58803856,1,Late,Medium Risk
6397,3,2,4,2,170,2,2,1,5,4996,1,1,1,0,0,0,1,0.67518806,1,Late,High Risk
6398,4,2,4,3,250,3,0,0,4,5272,1,1,1,0,1,1,0,0.5405715,1,Late,Medium Risk
6399,0,2,3,4,145,3,1,0,7,4079,1,0,1,0,0,1,0,0.58664066,1,Late,Medium Risk
6400,1,2,3,2,211,4,0,1,1,5831,1,0,1,0,0,1,1,0.5184689,1,Late,Medium Risk
6401,2,2,5,5,249,3,1,1,1,4274,0,1,1,0,1,1,0,0.6041444,1,Late,High Risk
6402,4,2,3,3,237,2,2,1,8,5516,0,0,1,0,1,0,0,0.6910199,1,Late,High Risk
6403,3,2,4,5,144,2,2,1,8,5478,0,1,1,0,0,0,0,0.69252676,1,Late,High Risk
6404,4,2,4,4,171,3,1,1,6,4343,1,1,1,0,0,1,0,0.5741514,1,Late,Medium Risk
6405,0,2,3,1,203,3,2,0,4,4965,0,0,1,0,0,1,1,0.690376,1,Late,High Risk
6406,1,2,5,1,137,4,0,0,1,4042,0,1,1,0,0,1,1,0.5819669,1,Late,Medium Risk
6407,2,2,4,2,212,3,2,1,3,5427,1,1,1,0,0,1,1,0.70348835,1,Late,High Risk
6408,4,2,3,3,209,3,0,0,2,4036,1,0,1,0,0,1,0,0.46750227,0,On Time,Medium Risk
6409,3,2,3,4,223,3,1,0,7,5336,1,0,1,0,1,1,0,0.6384238,1,Late,High Risk
6410,4,2,3,2,164,2,2,0,7,4150,0,0,1,0,0,0,1,0.7977157,1,Late,High Risk
6411,0,2,3,3,220,3,0,0,6,5269,1,0,1,0,1,1,0,0.54127806,1,Late,Medium Risk
6412,1,2,3,4,216,3,2,1,3,5651,0,0,1,0,1,1,0,0.68497103,1,Late,High Risk
6413,2,1,3,2,215,2,2,1,7,5988,1,0,1,0,1,0,1,0.5739219,1,Late,Medium Risk
6414,4,1,4,2,146,3,1,0,4,5659,0,1,1,0,0,1,1,0.7759426,1,Late,High Risk
6415,3,1,5,2,168,2,1,0,10,5225,1,1,1,0,0,0,1,0.72932696,1,Late,High Risk
6416,4,1,4,4,218,6,2,1,8,5101,1,1,1,0,1,1,0,0.6651486,1,Late,High Risk
6417,0,1,4,3,143,4,2,0,2,4919,0,1,1,0,0,1,0,0.74348474,1,Late,High Risk
6418,1,1,3,1,233,3,2,1,7,5331,0,0,1,0,1,1,1,0.61204827,1,Late,High Risk
6419,2,1,4,1,195,3,1,1,2,4418,0,1,1,0,0,1,1,0.73334056,1,Late,High Risk
6420,4,1,4,2,206,2,2,1,5,4635,0,1,1,0,0,0,1,0.77400535,1,Late,High Risk
6421,3,1,4,5,181,3,2,1,1,5310,0,1,1,0,0,1,0,0.75337636,1,Late,High Risk
6422,4,1,4,2,150,4,1,0,1,5922,1,1,1,0,0,1,1,0.6526752,1,Late,High Risk
6423,0,1,3,5,258,4,1,0,3,4212,1,0,1,0,1,1,0,0.5538512,1,Late,Medium Risk
6424,1,1,4,3,149,4,2,1,1,4678,0,1,1,0,0,1,0,0.79056716,1,Late,High Risk
6425,2,1,5,1,163,3,1,1,4,4200,0,1,1,0,0,1,1,0.682258,1,Late,High Risk
6426,4,1,3,3,259,2,0,1,8,4481,0,0,1,0,1,0,0,0.63560545,1,Late,High Risk
6427,3,1,5,1,187,2,1,0,7,4792,0,1,1,0,0,0,1,0.7006862,1,Late,High Risk
6428,4,1,3,5,172,3,2,1,1,5024,1,0,1,0,0,1,0,0.6930339,1,Late,High Risk
6429,0,1,3,5,139,2,1,1,2,5839,0,0,1,0,0,0,0,0.64433086,1,Late,High Risk
6430,1,1,5,1,203,3,1,0,2,4162,1,1,1,0,0,1,1,0.7511072,1,Late,High Risk
6431,2,1,3,3,150,4,2,0,1,4662,0,0,1,0,0,1,0,0.83333,1,Late,High Risk
6432,4,1,3,1,201,6,2,1,10,5077,1,0,1,0,0,1,1,0.7019843,1,Late,High Risk
6433,3,1,3,4,194,2,2,1,7,5553,0,0,1,0,0,0,0,0.69247514,1,Late,High Risk
6434,4,1,3,4,159,3,0,1,4,4756,1,0,1,0,0,1,0,0.6302355,1,Late,High Risk
6435,0,0,4,2,238,2,2,0,9,4937,0,1,1,0,1,0,1,0.68031955,1,Late,High Risk
6436,1,0,3,5,189,2,1,1,8,4567,0,0,1,0,0,0,0,0.80689037,1,Late,High Risk
6437,2,0,2,1,173,2,0,1,1,4135,1,0,1,0,0,0,1,0.54490006,1,Late,Medium Risk
6438,4,0,4,1,171,4,2,1,2,5082,0,1,1,0,0,1,1,0.74473053,1,Late,High Risk
6439,3,0,5,3,154,2,1,1,3,5440,1,1,1,0,0,0,0,0.5018059,1,Late,Medium Risk
6440,4,0,4,1,173,3,1,0,4,4634,0,1,1,0,0,1,1,0.70737356,1,Late,High Risk
6441,0,0,3,4,186,6,1,0,8,4134,0,0,1,0,0,1,0,0.63443434,1,Late,High Risk
6442,1,0,4,1,224,3,1,1,9,5546,1,1,1,0,1,1,1,0.62834,1,Late,High Risk
6443,2,0,4,3,186,3,2,0,9,5131,1,1,1,0,0,1,0,0.5953169,1,Late,Medium Risk
6444,4,0,4,4,196,3,1,1,5,5514,0,1,1,0,0,1,0,0.64822596,1,Late,High Risk
6445,3,0,2,2,149,3,1,0,4,4819,1,0,1,0,0,1,1,0.6143068,1,Late,High Risk
6446,4,0,4,3,224,2,2,1,8,5961,1,1,1,0,1,0,0,0.6908588,1,Late,High Risk
6447,0,0,3,1,154,2,1,0,10,5594,1,0,1,0,0,0,1,0.40575618,0,On Time,Medium Risk
6448,1,0,3,3,170,4,1,1,3,4049,0,0,1,0,0,1,0,0.6780985,1,Late,High Risk
6449,2,0,3,4,150,2,1,0,6,5987,0,0,1,0,0,0,0,0.7808472,1,Late,High Risk
6450,4,0,5,2,240,3,1,1,7,4744,1,1,1,0,1,1,1,0.5870996,1,Late,Medium Risk
6451,3,0,3,3,139,2,2,0,4,5958,1,0,1,0,0,0,0,0.62594455,1,Late,High Risk
6452,4,0,3,3,251,3,2,1,2,5972,0,0,1,0,1,1,0,0.5662565,1,Late,Medium Risk
6453,0,0,4,4,237,3,2,1,4,4747,1,1,1,0,1,1,0,0.6477447,1,Late,High Risk
6454,1,0,3,2,227,3,1,0,4,4450,0,0,1,0,1,1,1,0.5355007,1,Late,Medium Risk
6455,2,0,5,5,131,5,1,0,1,5299,1,1,1,0,0,1,0,0.62065005,1,Late,High Risk
6456,4,0,5,2,161,3,1,1,8,5804,1,1,1,0,0,1,1,0.6907663,1,Late,High Risk
6457,3,2,3,5,195,3,2,0,9,4224,0,0,1,0,0,1,0,0.74163014,1,Late,High Risk
6458,4,2,2,3,266,2,1,1,1,5356,0,0,1,0,1,0,0,0.7669133,1,Late,High Risk
6459,0,2,3,2,198,2,1,1,9,4250,1,0,1,0,0,0,1,0.7408811,1,Late,High Risk
6460,1,2,4,3,200,4,1,0,10,4291,1,1,1,0,0,1,0,0.6331862,1,Late,High Risk
6461,2,2,6,1,196,4,2,0,2,5844,0,1,1,0,0,1,1,0.8149538,1,Late,High Risk
6462,4,2,2,1,285,5,1,1,4,5759,0,0,1,0,1,1,1,0.7569228,1,Late,High Risk
6463,3,2,4,2,265,2,1,1,2,5649,0,1,1,0,1,0,1,0.73353374,1,Late,High Risk
6464,4,2,3,2,131,5,1,0,8,5084,0,0,1,0,0,1,1,0.69429564,1,Late,High Risk
6465,0,2,5,4,216,3,2,0,2,5404,1,1,1,0,1,1,0,0.6536065,1,Late,High Risk
6466,1,2,4,1,253,4,1,0,1,5621,0,1,1,0,1,1,1,0.7080017,1,Late,High Risk
6467,2,2,5,3,230,4,2,1,4,5278,1,1,1,0,1,1,0,0.6441754,1,Late,High Risk
6468,4,2,4,1,173,4,2,0,1,4684,0,1,1,0,0,1,1,0.7092762,1,Late,High Risk
6469,3,2,3,5,206,2,1,0,4,4080,0,0,1,0,0,0,0,0.61046225,1,Late,High Risk
6470,4,2,5,3,189,5,1,1,7,4869,0,1,1,0,0,1,0,0.6645665,1,Late,High Risk
6471,0,2,3,5,270,3,0,1,1,4078,1,0,1,0,1,1,0,0.35352492,0,On Time,Medium Risk
6472,1,2,4,4,266,3,1,1,3,5531,1,1,1,0,1,1,0,0.58854103,1,Late,Medium Risk
6473,2,2,3,5,270,3,2,1,7,5477,1,0,1,0,1,1,0,0.554464,1,Late,Medium Risk
6474,4,2,3,4,216,8,2,0,8,4616,0,0,1,0,1,1,0,0.8224764,1,Late,High Risk
6475,3,2,3,1,147,8,2,1,6,4575,0,0,1,0,0,1,1,0.8386896,1,Late,High Risk
6476,4,2,3,2,270,6,2,0,10,4725,1,0,1,0,1,1,1,0.55531955,1,Late,Medium Risk
6477,0,2,3,2,261,8,1,0,3,5171,0,0,1,0,1,1,1,0.46008262,0,On Time,Medium Risk
6478,1,2,3,3,261,8,2,1,3,4007,1,0,1,0,1,1,0,0.27955553,0,On Time,Low Risk
6479,2,2,4,2,177,6,1,0,3,4392,1,1,1,0,0,1,1,0.61590284,1,Late,High Risk
6480,4,2,4,4,142,10,0,0,7,4624,0,1,1,0,0,1,0,0.7339642,1,Late,High Risk
6481,3,2,5,4,222,3,2,0,10,4663,0,1,1,0,1,1,0,0.6288926,1,Late,High Risk
6482,4,2,4,4,186,7,2,1,9,5418,0,1,1,0,0,1,0,0.6828411,1,Late,High Risk
6483,0,2,3,2,177,3,2,1,8,5006,1,0,1,0,0,1,1,0.65919745,1,Late,High Risk
6484,1,2,4,1,251,4,1,1,3,4433,0,1,1,0,1,1,1,0.68870854,1,Late,High Risk
6485,2,2,3,5,240,7,2,0,9,5525,1,0,1,0,1,1,0,0.51022583,1,Late,Medium Risk
6486,4,2,3,4,260,4,2,1,10,5425,0,0,1,0,1,1,0,0.6960617,1,Late,High Risk
6487,3,2,4,2,206,7,0,1,3,4991,0,1,1,0,0,1,1,0.50313026,1,Late,Medium Risk
6488,4,2,4,3,242,2,1,1,3,4811,1,1,1,0,1,0,0,0.60547465,1,Late,High Risk
6489,0,2,3,1,194,3,1,0,1,5566,0,0,1,0,0,1,1,0.7321696,1,Late,High Risk
6490,1,2,5,1,232,3,1,0,10,1014,1,1,1,1,1,1,1,0.25503042,0,On Time,Low Risk
6491,2,2,6,2,279,4,1,0,10,1990,1,1,1,1,1,1,1,0.6252268,1,Late,High Risk
6492,4,2,6,4,251,4,1,0,10,1568,1,1,1,1,1,1,0,0.67447925,1,Late,High Risk
6493,3,2,6,1,300,5,1,0,10,1787,0,1,1,1,1,1,1,0.5684231,1,Late,Medium Risk
6494,4,2,7,3,133,5,1,0,4,1783,1,1,1,1,0,1,0,0.11144086,0,On Time,Low Risk
6495,0,2,6,1,283,4,1,1,8,1404,0,1,1,1,1,1,1,0.73390716,1,Late,High Risk
6496,1,2,7,4,296,4,1,0,8,1717,1,1,1,1,1,1,0,0.36117014,0,On Time,Medium Risk
6497,2,2,6,2,261,4,2,1,8,1891,0,1,1,1,1,1,1,0.6653185,1,Late,High Risk
6498,4,2,6,2,286,4,1,0,3,1959,0,1,1,1,1,1,1,0.5517818,1,Late,Medium Risk
6499,3,2,6,1,298,4,1,0,1,1735,1,1,1,1,1,1,1,0.53360677,1,Late,Medium Risk
6500,4,2,6,1,287,4,2,0,1,1581,0,1,1,1,1,1,1,0.7197332,1,Late,High Risk
6501,0,2,6,5,251,4,2,0,3,1660,0,1,1,1,1,1,0,0.6477628,1,Late,High Risk
6502,1,2,5,2,231,5,1,0,4,1913,1,1,1,1,1,1,1,0.68879825,1,Late,High Risk
6503,2,2,5,1,249,5,2,1,10,1561,0,1,1,1,1,1,1,0.68589145,1,Late,High Risk
6504,4,2,5,2,244,5,1,1,10,1699,0,1,1,1,1,1,1,0.69513047,1,Late,High Risk
6505,3,2,7,1,264,4,2,0,9,1829,1,1,1,1,1,1,1,0.62398666,1,Late,High Risk
6506,4,2,5,1,254,5,2,1,10,1020,0,1,1,1,1,1,1,0.86119646,1,Late,High Risk
6507,0,2,4,4,264,6,1,0,6,1758,0,1,1,1,1,1,0,0.5407655,1,Late,Medium Risk
6508,1,2,6,4,309,4,1,1,9,1771,1,1,1,1,1,1,0,0.5509351,1,Late,Medium Risk
6509,2,2,5,1,298,4,1,0,4,1853,0,1,1,1,1,1,1,0.7381711,1,Late,High Risk
6510,4,2,5,5,265,5,2,1,1,1568,0,1,1,1,1,1,0,0.66692656,1,Late,High Risk
6511,3,2,6,2,246,4,2,1,7,1071,0,1,1,1,1,1,1,0.67140543,1,Late,High Risk
6512,4,2,5,2,222,5,1,0,5,1329,0,1,1,1,1,1,1,0.7940072,1,Late,High Risk
6513,0,2,7,5,250,4,1,1,1,1690,1,1,1,1,1,1,0,0.41765144,0,On Time,Medium Risk
6514,1,2,4,2,240,5,2,1,7,1711,1,1,1,1,1,1,1,0.64296645,1,Late,High Risk
6515,2,2,4,1,246,6,1,0,6,1335,1,1,1,1,1,1,1,0.54176176,1,Late,Medium Risk
6516,4,2,6,2,293,5,2,0,4,1281,0,1,1,1,1,1,1,0.67981654,1,Late,High Risk
6517,3,2,5,5,189,5,1,1,3,5254,1,1,1,0,0,1,0,0.74707925,1,Late,High Risk
6518,4,2,3,5,270,3,0,0,7,4459,1,0,1,0,1,1,0,0.5002232,1,Late,Medium Risk
6519,0,2,4,4,266,3,1,1,10,5221,0,1,1,0,1,1,0,0.63302845,1,Late,High Risk
6520,1,2,3,2,270,3,2,1,9,5873,1,0,1,0,1,1,1,0.6756201,1,Late,High Risk
6521,2,2,3,3,216,8,2,1,4,5329,1,0,1,0,1,1,0,0.63094467,1,Late,High Risk
6522,4,2,3,3,147,8,2,0,7,5822,0,0,1,0,0,1,0,0.7841113,1,Late,High Risk
6523,3,2,3,5,270,6,2,0,9,4195,0,0,1,0,1,1,0,0.7207853,1,Late,High Risk
6524,4,2,3,3,261,8,1,1,10,4145,0,0,1,0,1,1,0,0.755268,1,Late,High Risk
6525,0,2,3,1,261,8,2,0,9,5248,1,0,1,0,1,1,1,0.5881046,1,Late,Medium Risk
6526,1,2,4,4,177,6,1,1,6,5451,1,1,1,0,0,1,0,0.58129036,1,Late,Medium Risk
6527,2,2,4,2,142,10,0,0,9,4280,1,1,1,0,0,1,1,0.6397674,1,Late,High Risk
6528,4,2,5,3,222,3,2,0,10,4597,0,1,1,0,1,1,0,0.6880358,1,Late,High Risk
6529,3,2,4,5,186,7,2,0,1,4357,0,1,1,0,0,1,0,0.7727654,1,Late,High Risk
6530,4,2,3,3,177,3,2,1,10,5374,1,0,1,0,0,1,0,0.5972091,1,Late,Medium Risk
6531,0,2,4,4,251,4,1,0,1,4252,0,1,1,0,1,1,0,0.5942384,1,Late,Medium Risk
6532,1,2,3,3,240,7,2,1,3,4385,0,0,1,0,1,1,0,0.635214,1,Late,High Risk
6533,2,2,3,5,260,4,2,0,8,4162,1,0,1,0,1,1,0,0.6704097,1,Late,High Risk
6534,4,2,4,2,206,7,0,1,7,5479,1,1,1,0,0,1,1,0.5848199,1,Late,Medium Risk
6535,3,2,4,5,242,2,1,1,4,5341,0,1,1,0,1,0,0,0.68584436,1,Late,High Risk
6536,4,2,3,2,194,3,1,0,3,5779,1,0,1,0,0,1,1,0.6384515,1,Late,High Risk
6537,0,2,5,2,232,3,1,0,1,1187,1,1,1,1,1,1,1,0.2998864,0,On Time,Low Risk
6538,1,2,6,4,279,4,1,0,1,1246,1,1,1,1,1,1,0,0.43632782,0,On Time,Medium Risk
6539,2,2,6,3,251,4,1,1,1,1230,1,1,1,1,1,1,0,0.48741096,0,On Time,Medium Risk
6540,4,2,6,2,300,5,1,1,3,1696,0,1,1,1,1,1,1,0.69050604,1,Late,High Risk
6541,3,2,7,5,133,5,1,0,7,1239,1,1,1,1,0,1,0,0.07793822,0,On Time,Low Risk
6542,4,2,6,4,283,4,1,0,10,1512,0,1,1,1,1,1,0,0.5313614,1,Late,Medium Risk
6543,0,2,7,5,296,4,1,0,2,1823,1,1,1,1,1,1,0,0.44529757,0,On Time,Medium Risk
6544,1,2,6,1,261,4,2,0,8,1524,0,1,1,1,1,1,1,0.62536466,1,Late,High Risk
6545,2,2,6,3,286,4,1,1,5,1750,1,1,1,1,1,1,0,0.4086616,0,On Time,Medium Risk
6546,4,2,6,5,298,4,1,1,3,1520,0,1,1,1,1,1,0,0.68839926,1,Late,High Risk
6547,3,2,6,3,287,4,2,0,8,1850,1,1,1,1,1,1,0,0.41060534,0,On Time,Medium Risk
6548,4,2,6,2,251,4,2,0,6,1864,0,1,1,1,1,1,1,0.7133759,1,Late,High Risk
6549,0,2,5,4,231,5,1,1,10,1247,0,1,1,1,1,1,0,0.62455547,1,Late,High Risk
6550,1,1,5,1,249,5,2,0,1,1654,1,1,1,1,1,1,1,0.57078946,1,Late,Medium Risk
6551,2,1,5,5,244,5,1,1,5,1787,0,1,1,1,1,1,0,0.67669517,1,Late,High Risk
6552,4,1,7,3,264,4,2,1,3,1296,0,1,1,1,1,1,0,0.79318595,1,Late,High Risk
6553,3,1,5,4,254,5,2,1,7,1545,0,1,1,1,1,1,0,0.67282647,1,Late,High Risk
6554,4,1,4,1,264,6,1,1,7,1007,0,1,1,1,1,1,1,0.87835526,1,Late,High Risk
6555,0,1,6,2,309,4,1,0,6,1335,0,1,1,1,1,1,1,0.90697575,1,Late,High Risk
6556,1,1,5,1,298,4,1,1,4,1551,0,1,1,1,1,1,1,0.7894553,1,Late,High Risk
6557,2,1,5,3,265,5,2,0,6,1929,0,1,1,1,1,1,0,0.6638679,1,Late,High Risk
6558,4,1,6,2,246,4,2,0,7,1297,1,1,1,1,1,1,1,0.6073557,1,Late,High Risk
6559,3,1,5,5,222,5,1,0,4,1311,0,1,1,1,1,1,0,0.77458495,1,Late,High Risk
6560,4,1,7,1,250,4,1,1,9,1890,1,1,1,1,1,1,1,0.50575465,1,Late,Medium Risk
6561,0,1,6,5,269,4,1,0,2,1243,0,1,1,1,1,1,0,0.64079815,1,Late,High Risk
6562,1,1,6,2,161,4,1,0,9,1377,0,1,1,1,0,1,1,0.73466295,1,Late,High Risk
6563,2,1,4,3,256,5,1,0,5,1533,1,1,1,1,1,1,0,0.5328821,1,Late,Medium Risk
6564,4,1,5,1,303,5,2,0,4,1009,0,1,1,1,1,1,1,0.8102745,1,Late,High Risk
6565,3,1,5,3,257,5,2,0,3,1953,0,1,1,1,1,1,0,0.5660004,1,Late,Medium Risk
6566,4,1,5,2,259,5,1,0,3,1724,1,1,1,1,1,1,1,0.65913117,1,Late,High Risk
6567,0,1,4,4,249,6,1,0,1,1398,1,1,1,1,1,1,0,0.45239028,0,On Time,Medium Risk
6568,1,1,6,2,289,4,0,0,3,1116,0,1,1,1,1,1,1,0.6122175,1,Late,High Risk
6569,2,1,6,2,308,5,2,0,6,1118,0,1,1,1,1,1,1,0.8748134,1,Late,High Risk
6570,4,1,6,3,297,4,2,0,2,1520,1,1,1,1,1,1,0,0.73715883,1,Late,High Risk
6571,3,1,4,2,255,5,1,1,1,1353,1,1,1,1,1,1,1,0.5388708,1,Late,Medium Risk
6572,4,0,6,4,266,4,1,1,9,1253,1,1,1,1,1,1,0,0.5969671,1,Late,Medium Risk
6573,0,0,7,5,302,4,1,1,3,1597,1,1,1,1,1,1,0,0.7887726,1,Late,High Risk
6574,1,0,4,4,223,5,2,1,4,1344,0,1,1,1,1,1,0,0.7595725,1,Late,High Risk
6575,2,0,6,1,261,4,1,0,6,1703,1,1,1,1,1,1,1,0.5390202,1,Late,Medium Risk
6576,4,0,4,1,273,5,1,0,7,1922,0,1,1,1,1,1,1,0.6481201,1,Late,High Risk
6577,3,0,6,5,260,4,1,0,2,1221,0,1,1,1,1,1,0,0.6349107,1,Late,High Risk
6578,4,0,5,1,266,5,1,0,9,1852,0,1,1,1,1,1,1,0.6377528,1,Late,High Risk
6579,0,0,2,1,164,5,1,0,8,1886,0,0,1,1,0,1,1,0.6459862,1,Late,High Risk
6580,1,0,5,5,240,6,2,0,9,1117,0,1,1,1,1,1,0,0.7783107,1,Late,High Risk
6581,2,0,6,5,305,4,2,1,10,1418,1,1,1,1,1,1,0,0.52282804,1,Late,Medium Risk
6582,4,0,5,3,248,5,1,0,7,1475,1,1,1,1,1,1,0,0.5959727,1,Late,Medium Risk
6583,3,0,7,2,279,4,2,0,1,1480,0,1,1,1,1,1,1,0.7586705,1,Late,High Risk
6584,4,0,5,2,244,6,1,0,7,1315,0,1,1,1,1,1,1,0.74185675,1,Late,High Risk
6585,0,0,5,1,267,5,1,0,4,1097,0,1,1,1,1,1,1,0.78637135,1,Late,High Risk
6586,1,0,7,2,275,4,2,0,6,1513,0,1,1,1,1,1,1,0.76859,1,Late,High Risk
6587,2,0,6,4,299,4,2,1,9,1036,1,1,1,1,1,1,0,0.5384071,1,Late,Medium Risk
6588,4,0,6,1,254,4,2,0,3,1488,1,1,1,1,1,1,1,0.6062739,1,Late,High Risk
6589,3,0,6,1,273,4,2,0,6,1524,0,1,1,1,1,1,1,0.70997393,1,Late,High Risk
6590,4,0,5,3,218,5,1,0,6,1278,1,1,1,1,1,1,0,0.72894585,1,Late,High Risk
6591,0,0,5,4,267,5,2,0,10,1837,1,1,1,1,1,1,0,0.54942906,1,Late,Medium Risk
6592,1,0,6,2,259,4,2,1,6,1066,1,1,1,1,1,1,1,0.6440608,1,Late,High Risk
6593,2,0,7,4,272,4,1,1,3,1805,0,1,1,1,1,1,0,0.6441609,1,Late,High Risk
6594,4,2,5,4,281,4,2,1,8,1220,0,1,1,1,1,1,0,0.5387691,1,Late,Medium Risk
6595,3,2,6,2,267,4,2,0,1,1935,0,1,1,1,1,1,1,0.6595126,1,Late,High Risk
6596,4,2,6,4,260,4,2,0,10,1927,0,1,1,1,1,1,0,0.57876855,1,Late,Medium Risk
6597,0,2,7,2,261,4,2,1,9,1918,1,1,1,1,1,1,1,0.5176133,1,Late,Medium Risk
6598,1,2,4,1,219,2,2,0,2,1752,0,1,1,1,1,0,1,0.41684246,0,On Time,Medium Risk
6599,2,2,4,3,264,5,2,1,3,1639,0,1,1,1,1,1,0,0.5903862,1,Late,Medium Risk
6600,4,2,7,3,310,5,1,0,5,1563,0,1,1,1,1,1,0,0.83279705,1,Late,High Risk
6601,3,2,6,4,297,5,0,1,6,1631,0,1,1,1,1,1,0,0.7543224,1,Late,High Risk
6602,4,2,4,3,274,5,1,1,5,1512,0,1,1,1,1,1,0,0.6388385,1,Late,High Risk
6603,0,2,5,5,246,5,2,1,6,1053,0,1,1,1,1,1,0,0.6638193,1,Late,High Risk
6604,1,2,5,3,221,6,2,0,3,1960,1,1,1,1,1,1,0,0.5891868,1,Late,Medium Risk
6605,2,2,6,3,295,4,1,0,10,1495,0,1,1,1,1,1,0,0.6577798,1,Late,High Risk
6606,4,2,7,4,259,4,1,1,6,1697,0,1,1,1,1,1,0,0.6081627,1,Late,High Risk
6607,3,2,4,4,138,3,2,0,7,1597,1,1,1,1,0,1,0,0.030615292,0,On Time,Low Risk
6608,4,2,3,5,250,2,1,0,9,1205,0,0,1,1,1,0,0,0.40547767,0,On Time,Medium Risk
6609,0,2,5,1,236,6,2,0,4,1705,0,1,1,1,1,1,1,0.6907129,1,Late,High Risk
6610,1,2,5,1,267,5,2,1,10,1505,0,1,1,1,1,1,1,0.6834204,1,Late,High Risk
6611,2,2,6,4,283,4,2,1,1,1384,1,1,1,1,1,1,0,0.48822024,0,On Time,Medium Risk
6612,4,2,7,1,244,4,1,1,8,1817,1,1,1,1,1,1,1,0.43195474,0,On Time,Medium Risk
6613,3,2,5,2,260,5,1,1,9,1809,1,1,1,1,1,1,1,0.6973181,1,Late,High Risk
6614,4,2,5,1,276,5,2,1,5,1358,1,1,1,1,1,1,1,0.58344835,1,Late,Medium Risk
6615,0,2,7,3,307,4,1,1,4,1653,0,1,1,1,1,1,0,0.78174603,1,Late,High Risk
6616,1,2,6,5,266,4,1,1,8,1709,0,1,1,1,1,1,0,0.6738529,1,Late,High Risk
6617,2,2,5,2,237,5,2,1,6,1084,0,1,1,1,1,1,1,0.7867461,1,Late,High Risk
6618,4,2,4,4,251,6,2,1,4,1869,0,1,1,1,1,1,0,0.60231435,1,Late,High Risk
6619,3,2,4,1,247,6,1,1,4,1349,1,1,1,1,1,1,1,0.479938,0,On Time,Medium Risk
6620,4,2,3,3,279,4,1,1,3,4620,0,0,1,0,1,1,0,0.7354581,1,Late,High Risk
6621,0,2,5,5,230,3,1,0,10,5163,0,1,1,0,1,1,0,0.6519206,1,Late,High Risk
6622,1,2,4,5,234,3,1,0,4,5100,1,1,1,0,1,1,0,0.5806705,1,Late,Medium Risk
6623,2,2,6,5,152,4,2,0,8,5351,0,1,1,0,0,1,0,0.7415071,1,Late,High Risk
6624,4,2,3,4,160,4,2,1,9,4733,1,0,1,0,0,1,0,0.67786646,1,Late,High Risk
6625,3,2,3,2,263,3,1,0,3,5303,0,0,1,0,1,1,1,0.59491515,1,Late,Medium Risk
6626,4,2,4,1,164,3,1,1,4,5910,0,1,1,0,0,1,1,0.74409217,1,Late,High Risk
6627,0,2,3,3,209,2,2,1,1,5098,1,0,1,0,0,0,0,0.59080017,1,Late,Medium Risk
6628,1,2,5,1,245,3,1,0,9,4694,0,1,1,0,1,1,1,0.67210233,1,Late,High Risk
6629,2,2,3,4,172,2,1,1,5,5919,0,0,1,0,0,0,0,0.81327665,1,Late,High Risk
6630,4,2,2,5,180,6,2,0,7,4907,1,0,1,0,0,1,0,0.5663557,1,Late,Medium Risk
6631,3,2,3,3,145,3,2,0,8,4522,0,0,1,0,0,1,0,0.76074183,1,Late,High Risk
6632,4,2,3,4,248,3,2,0,6,4932,0,0,1,0,1,1,0,0.6440319,1,Late,High Risk
6633,0,2,5,4,242,3,0,0,4,4805,0,1,1,0,1,1,0,0.58667874,1,Late,Medium Risk
6634,1,2,4,3,237,3,2,0,8,5045,1,1,1,0,1,1,0,0.62223595,1,Late,High Risk
6635,2,2,4,4,203,2,1,0,4,4793,0,1,1,0,0,0,0,0.68530285,1,Late,High Risk
6636,4,2,3,4,186,4,1,1,6,4403,0,0,1,0,0,1,0,0.7248816,1,Late,High Risk
6637,3,2,4,1,155,5,1,0,1,5986,0,1,1,0,0,1,1,0.63618517,1,Late,High Risk
6638,4,2,3,4,153,4,1,1,5,5604,1,0,1,0,0,1,0,0.6841587,1,Late,High Risk
6639,0,2,3,2,199,2,2,1,10,4659,0,0,1,0,0,0,1,0.6439686,1,Late,High Risk
6640,1,2,4,5,219,3,2,1,8,4605,0,1,1,0,1,1,0,0.764401,1,Late,High Risk
6641,2,2,4,1,156,2,1,1,8,5488,0,1,1,0,0,0,1,0.7269796,1,Late,High Risk
6642,4,2,5,5,135,2,1,0,1,4324,1,1,1,0,0,0,0,0.7089331,1,Late,High Risk
6643,3,2,3,4,244,3,2,1,2,5389,0,0,1,0,1,1,0,0.5884361,1,Late,Medium Risk
6644,4,2,5,1,183,3,1,0,10,5023,0,1,1,0,0,1,1,0.747743,1,Late,High Risk
6645,0,2,4,3,258,2,1,0,3,4555,0,1,1,0,1,0,0,0.6370703,1,Late,High Risk
6646,1,2,6,2,168,2,1,1,3,5853,0,1,1,0,0,0,1,0.8458186,1,Late,High Risk
6647,2,2,5,1,161,2,2,0,10,4108,1,1,1,0,0,0,1,0.56443614,1,Late,Medium Risk
6648,4,2,4,2,246,2,1,1,2,4497,1,1,1,0,1,0,1,0.6064492,1,Late,High Risk
6649,3,2,3,3,232,4,2,1,3,5828,0,0,1,0,1,1,0,0.667696,1,Late,High Risk
6650,4,2,3,3,155,2,2,0,5,5577,0,0,1,0,0,0,0,0.69150543,1,Late,High Risk
6651,0,2,5,5,162,2,2,1,6,5868,0,1,1,0,0,0,0,0.8215121,1,Late,High Risk
6652,1,2,4,3,123,4,2,1,6,4166,0,1,1,0,0,1,0,0.7275332,1,Late,High Risk
6653,2,2,3,4,235,2,1,0,10,4575,0,0,1,0,1,0,0,0.620532,1,Late,High Risk
6654,4,2,5,1,179,2,1,0,3,5417,0,1,1,0,0,0,1,0.8052326,1,Late,High Risk
6655,3,2,3,5,202,2,2,1,3,5746,1,0,1,0,0,0,0,0.6899447,1,Late,High Risk
6656,4,2,4,5,272,2,2,0,1,5378,0,1,1,0,1,0,0,0.70940155,1,Late,High Risk
6657,0,2,4,2,185,3,2,1,1,5338,0,1,1,0,0,1,1,0.7479151,1,Late,High Risk
6658,1,2,3,3,188,2,2,0,2,4336,0,0,1,0,0,0,0,0.724969,1,Late,High Risk
6659,2,2,3,2,250,4,1,0,3,5449,1,0,1,0,1,1,1,0.6106728,1,Late,High Risk
6660,4,2,5,3,224,4,1,1,7,4553,0,1,1,0,1,1,0,0.68643093,1,Late,High Risk
6661,3,2,4,1,261,3,1,0,10,5943,0,1,1,0,1,1,1,0.7107164,1,Late,High Risk
6662,4,2,3,1,200,2,2,1,8,4337,0,0,1,0,0,0,1,0.7665421,1,Late,High Risk
6663,0,2,4,1,200,4,2,1,3,5837,0,1,1,0,0,1,1,0.7641447,1,Late,High Risk
6664,1,2,2,1,143,3,1,1,4,4512,0,0,1,0,0,1,1,0.7203118,1,Late,High Risk
6665,2,2,3,4,199,3,1,1,7,5089,0,0,1,0,0,1,0,0.65242875,1,Late,High Risk
6666,4,2,4,5,157,3,2,1,2,5791,1,1,1,0,0,1,0,0.5909436,1,Late,Medium Risk
6667,3,2,3,2,225,3,0,1,5,4304,1,0,1,0,1,1,1,0.49685043,0,On Time,Medium Risk
6668,4,2,3,3,152,2,2,1,3,4193,1,0,1,0,0,0,0,0.63412476,1,Late,High Risk
6669,0,2,4,4,236,2,2,0,6,5101,1,1,1,0,1,0,0,0.7084529,1,Late,High Risk
6670,1,2,3,1,266,5,1,1,1,5459,0,0,1,0,1,1,1,0.6471269,1,Late,High Risk
6671,2,2,3,2,243,4,2,1,4,4410,1,0,1,0,1,1,1,0.6458163,1,Late,High Risk
6672,4,2,4,5,224,6,0,0,5,5659,1,1,1,0,1,1,0,0.5602074,1,Late,Medium Risk
6673,3,2,3,5,153,4,1,0,10,5897,0,0,1,0,0,1,0,0.77978855,1,Late,High Risk
6674,4,2,4,2,232,3,2,0,7,5737,1,1,1,0,1,1,1,0.6171336,1,Late,High Risk
6675,0,2,3,3,253,3,2,1,5,4754,1,0,1,0,1,1,0,0.56090844,1,Late,Medium Risk
6676,1,2,3,3,150,3,1,1,5,5328,0,0,1,0,0,1,0,0.7738253,1,Late,High Risk
6677,2,2,4,3,198,2,1,1,5,5724,1,1,1,0,0,0,0,0.56437355,1,Late,Medium Risk
6678,4,2,4,4,231,3,1,1,9,4305,1,1,1,0,1,1,0,0.644031,1,Late,High Risk
6679,3,2,3,5,135,2,2,0,9,5614,1,0,1,0,0,0,0,0.7027051,1,Late,High Risk
6680,4,2,5,4,153,3,1,1,5,4711,1,1,1,0,0,1,0,0.5082353,1,Late,Medium Risk
6681,0,2,4,2,201,2,1,1,3,4869,1,1,1,0,0,0,1,0.65031886,1,Late,High Risk
6682,1,2,4,4,273,2,2,1,6,5676,1,1,1,0,1,0,0,0.5526593,1,Late,Medium Risk
6683,2,2,5,4,245,3,0,1,4,4298,0,1,1,0,1,1,0,0.55198085,1,Late,Medium Risk
6684,4,2,4,4,157,2,1,1,9,4491,1,1,1,0,0,0,0,0.6682098,1,Late,High Risk
6685,3,2,4,3,150,2,0,0,8,4965,1,1,1,0,0,0,0,0.5848188,1,Late,Medium Risk
6686,4,2,3,3,243,2,1,1,3,4675,1,0,1,0,1,0,0,0.52549267,1,Late,Medium Risk
6687,0,1,4,5,105,5,0,1,4,5824,1,1,1,0,0,1,0,0.35602123,0,On Time,Medium Risk
6688,1,1,5,4,221,5,1,1,6,5059,0,1,1,0,1,1,0,0.67144483,1,Late,High Risk
6689,2,1,3,1,236,6,2,0,10,4858,0,0,1,0,1,1,1,0.66994524,1,Late,High Risk
6690,4,1,4,4,263,3,2,1,5,4193,0,1,1,0,1,1,0,0.6604536,1,Late,High Risk
6691,3,1,3,3,213,2,1,1,10,5495,0,0,1,0,0,0,0,0.716661,1,Late,High Risk
6692,4,1,6,1,259,3,1,0,3,5683,0,1,1,0,1,1,1,0.69243026,1,Late,High Risk
6693,0,1,4,2,190,3,2,1,7,4766,0,1,1,0,0,1,1,0.5288693,1,Late,Medium Risk
6694,1,1,3,5,213,4,2,1,9,5550,1,0,1,0,0,1,0,0.70140576,1,Late,High Risk
6695,2,1,5,3,261,4,2,0,5,4623,1,1,1,0,1,1,0,0.6288536,1,Late,High Risk
6696,4,1,3,5,254,3,2,1,5,4946,0,0,1,0,1,1,0,0.6370288,1,Late,High Risk
6697,3,1,3,4,151,4,2,0,1,4587,1,0,1,0,0,1,0,0.82616425,1,Late,High Risk
6698,4,1,5,1,187,4,2,0,9,5657,1,1,1,0,0,1,1,0.7143971,1,Late,High Risk
6699,0,1,4,5,139,2,2,0,1,4606,0,1,1,0,0,0,0,0.86031973,1,Late,High Risk
6700,1,1,5,2,173,2,0,0,10,4741,0,1,1,0,0,0,1,0.7377372,1,Late,High Risk
6701,2,1,3,3,136,3,1,1,10,5175,0,0,1,0,0,1,0,0.80023086,1,Late,High Risk
6702,4,1,4,1,272,4,0,1,1,5597,0,1,1,0,1,1,1,0.6858977,1,Late,High Risk
6703,3,1,6,4,116,3,1,1,6,4649,0,1,1,0,0,1,0,0.7062026,1,Late,High Risk
6704,4,1,4,2,181,3,1,1,10,4212,1,1,1,0,0,1,1,0.65481234,1,Late,High Risk
6705,0,1,5,3,230,3,2,1,4,4914,1,1,1,0,1,1,0,0.5558441,1,Late,Medium Risk
6706,1,1,2,5,127,3,2,0,3,5964,0,0,1,0,0,1,0,0.6883899,1,Late,High Risk
6707,2,1,3,1,182,3,1,1,2,5760,0,0,1,0,0,1,1,0.5863132,1,Late,Medium Risk
6708,4,1,3,1,186,2,2,0,7,4556,0,0,1,0,0,0,1,0.73943454,1,Late,High Risk
6709,3,0,5,1,271,4,1,1,3,4610,1,1,1,0,1,1,1,0.617203,1,Late,High Risk
6710,4,0,5,3,171,2,2,0,1,5385,1,1,1,0,0,0,0,0.7111746,1,Late,High Risk
6711,0,0,4,3,238,2,2,0,2,5328,0,1,1,0,1,0,0,0.6193346,1,Late,High Risk
6712,1,0,4,4,184,3,1,1,8,4453,1,1,1,0,0,1,0,0.6419268,1,Late,High Risk
6713,2,0,5,2,214,2,1,0,8,4767,0,1,1,0,0,0,1,0.6901958,1,Late,High Risk
6714,4,0,4,4,279,6,2,1,5,4898,1,1,1,0,1,1,0,0.6475691,1,Late,High Risk
6715,3,0,3,2,168,4,1,0,1,4184,1,0,1,0,0,1,1,0.5977655,1,Late,Medium Risk
6716,4,0,6,4,221,5,2,1,8,4511,1,1,1,0,1,1,0,0.70096725,1,Late,High Risk
6717,0,0,3,5,260,3,2,1,7,5379,1,0,1,0,1,1,0,0.5450884,1,Late,Medium Risk
6718,1,0,4,3,204,3,2,1,2,5010,0,1,1,0,0,1,0,0.6358039,1,Late,High Risk
6719,2,0,4,2,142,3,2,0,6,4918,0,1,1,0,0,1,1,0.72424984,1,Late,High Risk
6720,4,0,4,3,178,3,2,1,3,5669,0,1,1,0,0,1,0,0.67021734,1,Late,High Risk
6721,3,0,2,1,203,3,2,1,6,4234,0,0,1,0,0,1,1,0.7421544,1,Late,High Risk
6722,4,0,4,2,180,4,2,1,9,4329,0,1,1,0,0,1,1,0.6635661,1,Late,High Risk
6723,0,0,4,4,193,3,2,0,3,4596,0,1,1,0,0,1,0,0.72567815,1,Late,High Risk
6724,1,0,5,4,99,2,0,0,4,4259,0,1,1,0,0,0,0,0.7895837,1,Late,High Risk
6725,2,0,3,1,250,3,1,1,1,4347,0,0,1,0,1,1,1,0.536881,1,Late,Medium Risk
6726,4,0,4,1,152,3,2,0,3,4250,1,1,1,0,0,1,1,0.7576516,1,Late,High Risk
6727,3,0,4,1,265,2,1,0,10,5418,1,1,1,0,1,0,1,0.5892654,1,Late,Medium Risk
6728,4,0,2,3,226,2,2,1,2,4566,0,0,1,0,1,0,0,0.6635934,1,Late,High Risk
6729,0,0,3,3,234,3,1,1,3,4405,0,0,1,0,1,1,0,0.5807477,1,Late,Medium Risk
6730,1,0,4,3,225,2,0,0,4,4732,0,1,1,0,1,0,0,0.52307755,1,Late,Medium Risk
6731,2,2,3,5,161,2,2,1,9,4623,0,0,1,0,0,0,0,0.8307659,1,Late,High Risk
6732,4,2,5,2,246,3,2,0,10,5110,0,1,1,0,1,1,1,0.731979,1,Late,High Risk
6733,3,2,4,5,162,3,2,0,10,4850,1,1,1,0,0,1,0,0.6053247,1,Late,High Risk
6734,4,2,4,4,135,3,2,1,2,5016,0,1,1,0,0,1,0,0.737894,1,Late,High Risk
6735,0,2,4,3,201,2,1,0,10,4875,0,1,1,0,0,0,0,0.6070484,1,Late,High Risk
6736,1,2,6,4,235,6,1,1,1,5533,1,1,1,0,1,1,0,0.6734083,1,Late,High Risk
6737,2,2,5,2,214,2,1,0,10,5192,0,1,1,0,0,0,1,0.7706677,1,Late,High Risk
6738,4,2,6,3,245,5,2,0,8,5678,1,1,1,0,1,1,0,0.57391894,1,Late,Medium Risk
6739,3,2,5,5,192,2,1,1,10,5564,0,1,1,0,0,0,0,0.71322966,1,Late,High Risk
6740,4,2,5,5,179,5,1,1,3,4333,1,1,1,0,0,1,0,0.6054875,1,Late,High Risk
6741,0,2,6,3,210,4,2,1,9,5440,0,1,1,0,0,1,0,0.7609956,1,Late,High Risk
6742,1,2,3,2,209,2,2,0,2,4635,0,0,1,0,0,0,1,0.7564622,1,Late,High Risk
6743,2,2,4,2,200,3,2,1,7,4323,0,1,1,0,0,1,1,0.66868746,1,Late,High Risk
6744,4,2,6,3,165,5,2,1,5,4871,0,1,1,0,0,1,0,0.77741873,1,Late,High Risk
6745,3,2,3,5,168,3,2,1,7,4296,0,0,1,0,0,1,0,0.62750405,1,Late,High Risk
6746,4,2,4,4,203,2,1,0,10,5192,0,1,1,0,0,0,0,0.73074955,1,Late,High Risk
6747,0,2,4,5,202,3,2,1,8,5416,0,1,1,0,0,1,0,0.68800825,1,Late,High Risk
6748,1,2,4,2,266,3,2,0,2,5252,1,1,1,0,1,1,1,0.56465125,1,Late,Medium Risk
6749,2,2,2,1,248,6,1,0,2,5182,0,0,1,0,1,1,1,0.6206765,1,Late,High Risk
6750,4,2,5,3,173,3,1,1,5,5395,0,1,1,0,0,1,0,0.6972024,1,Late,High Risk
6751,3,2,2,4,156,3,2,0,8,5668,1,0,1,0,0,1,0,0.58308196,1,Late,Medium Risk
6752,4,2,3,5,109,2,0,1,2,5978,1,0,1,0,0,0,0,0.31127226,0,On Time,Medium Risk
6753,0,2,3,4,250,3,1,1,6,4830,1,0,1,0,1,1,0,0.62347066,1,Late,High Risk
6754,1,2,2,4,195,4,2,1,3,5641,1,0,1,0,0,1,0,0.7644917,1,Late,High Risk
6755,2,2,4,1,160,5,1,0,10,4018,1,1,1,0,0,1,1,0.5628705,1,Late,Medium Risk
6756,4,2,2,5,189,3,1,0,5,5320,0,0,1,0,0,1,0,0.7793564,1,Late,High Risk
6757,3,2,4,3,239,3,2,1,9,5897,1,1,1,0,1,1,0,0.6105214,1,Late,High Risk
6758,4,2,3,3,204,2,2,0,5,5399,0,0,1,0,0,0,0,0.7697074,1,Late,High Risk
6759,0,2,4,5,156,3,1,1,5,4610,0,1,1,0,0,1,0,0.70801485,1,Late,High Risk
6760,1,2,5,2,192,3,0,0,7,5695,1,1,1,0,0,1,1,0.28406045,0,On Time,Low Risk
6761,2,2,4,2,233,2,1,1,7,5546,1,1,1,0,1,0,1,0.6882206,1,Late,High Risk
6762,4,2,5,3,253,3,1,0,3,5944,1,1,1,0,1,1,0,0.51693714,1,Late,Medium Risk
6763,3,2,2,1,277,6,1,1,10,4165,0,0,1,0,1,1,1,0.74683124,1,Late,High Risk
6764,4,2,4,2,211,2,1,0,9,5883,1,1,1,0,0,0,1,0.6958134,1,Late,High Risk
6765,0,2,6,4,172,6,2,0,10,5554,1,1,1,0,0,1,0,0.5767429,1,Late,Medium Risk
6766,1,2,5,4,211,4,1,0,4,4498,1,1,1,0,0,1,0,0.67504644,1,Late,High Risk
6767,2,2,2,3,248,4,0,0,2,4521,0,0,1,0,1,1,0,0.7082723,1,Late,High Risk
6768,4,2,3,4,176,3,2,1,4,5623,0,0,1,0,0,1,0,0.7608273,1,Late,High Risk
6769,3,2,4,1,100,6,2,1,6,5841,0,1,1,0,0,1,1,0.7731044,1,Late,High Risk
6770,4,2,5,5,195,4,1,0,1,4393,1,1,1,0,0,1,0,0.62652874,1,Late,High Risk
6771,0,2,3,2,137,3,1,0,4,5617,0,0,1,0,0,1,1,0.7170718,1,Late,High Risk
6772,1,2,4,4,195,4,2,1,2,5464,0,1,1,0,0,1,0,0.7209911,1,Late,High Risk
6773,2,2,2,5,185,3,1,0,9,5810,0,0,1,0,0,1,0,0.8343098,1,Late,High Risk
6774,4,2,3,1,250,2,2,0,9,4753,0,0,1,0,1,0,1,0.67249113,1,Late,High Risk
6775,3,2,3,2,150,3,1,1,2,4660,1,0,1,0,0,1,1,0.66101944,1,Late,High Risk
6776,4,2,3,1,166,3,2,0,9,4251,0,0,1,0,0,1,1,0.77080965,1,Late,High Risk
6777,0,2,4,5,257,2,2,1,5,4127,0,1,1,0,1,0,0,0.5777511,1,Late,Medium Risk
6778,1,2,5,1,249,3,2,0,5,4392,0,1,1,0,1,1,1,0.6060723,1,Late,High Risk
6779,2,2,5,5,268,3,2,0,7,4480,1,1,1,0,1,1,0,0.49570128,0,On Time,Medium Risk
6780,4,2,4,4,273,3,1,0,3,5749,1,1,1,0,1,1,0,0.4081439,0,On Time,Medium Risk
6781,3,2,5,5,246,3,2,0,9,4107,0,1,1,0,1,1,0,0.63694453,1,Late,High Risk
6782,4,2,5,1,142,6,2,1,1,4843,1,1,1,0,0,1,1,0.6325776,1,Late,High Risk
6783,0,2,5,2,168,2,1,1,6,5464,1,1,1,0,0,0,1,0.7639904,1,Late,High Risk
6784,1,2,5,2,249,3,1,1,9,5978,1,1,1,0,1,1,1,0.67011356,1,Late,High Risk
6785,2,2,3,1,220,3,2,0,6,5319,0,0,1,0,1,1,1,0.7007657,1,Late,High Risk
6786,4,2,4,3,189,2,1,0,7,4765,0,1,1,0,0,0,0,0.656416,1,Late,High Risk
6787,3,2,5,2,237,4,1,1,5,5623,1,1,1,0,1,1,1,0.76599896,1,Late,High Risk
6788,4,2,4,4,247,3,0,0,2,5324,1,1,1,0,1,1,0,0.52484655,1,Late,Medium Risk
6789,0,2,3,4,250,6,2,1,1,4543,1,0,1,0,1,1,0,0.6579913,1,Late,High Risk
6790,1,2,4,4,207,10,1,0,1,4602,0,1,1,0,0,1,0,0.8197508,1,Late,High Risk
6791,2,2,4,4,201,10,1,1,3,4202,0,1,1,0,0,1,0,0.696682,1,Late,High Risk
6792,4,2,4,2,142,2,1,1,6,5326,0,1,1,0,0,0,1,0.7710158,1,Late,High Risk
6793,3,2,3,1,207,2,1,1,7,4639,0,0,1,0,0,0,1,0.8111216,1,Late,High Risk
6794,4,2,3,1,214,2,0,0,10,4310,0,0,1,0,0,0,1,0.8126283,1,Late,High Risk
6795,0,2,4,3,134,10,2,1,8,4337,0,1,1,0,0,1,0,0.73432446,1,Late,High Risk
6796,1,2,3,4,178,8,2,0,6,4146,0,0,1,0,0,1,0,0.70424104,1,Late,High Risk
6797,2,2,4,1,186,2,1,1,4,4686,1,1,1,0,0,0,1,0.7087393,1,Late,High Risk
6798,4,2,4,4,250,3,1,1,10,4505,0,1,1,0,1,1,0,0.66371375,1,Late,High Risk
6799,3,2,4,3,172,3,2,0,10,5434,0,1,1,0,0,1,0,0.6410943,1,Late,High Risk
6800,4,2,3,4,265,10,1,1,10,4049,0,0,1,0,1,1,0,0.5953591,1,Late,Medium Risk
6801,0,2,3,2,158,7,2,1,10,4244,1,0,1,0,0,1,1,0.66378045,1,Late,High Risk
6802,1,2,3,1,180,7,2,1,10,5536,0,0,1,0,0,1,1,0.6970472,1,Late,High Risk
6803,2,2,4,2,173,3,0,0,3,5364,0,1,1,0,0,1,1,0.6668699,1,Late,High Risk
6804,4,2,3,3,153,10,2,1,10,5772,0,0,1,0,0,1,0,0.7026148,1,Late,High Risk
6805,3,2,4,4,182,3,0,0,7,5197,0,1,1,0,0,1,0,0.55268806,1,Late,Medium Risk
6806,4,2,3,1,192,3,1,0,9,5004,0,0,1,0,0,1,1,0.7347231,1,Late,High Risk
6807,0,2,6,5,285,7,2,1,9,4112,0,1,1,0,1,1,0,0.54234105,1,Late,Medium Risk
6808,1,2,3,3,151,6,1,0,6,4279,0,0,1,0,0,1,0,0.74911356,1,Late,High Risk
6809,2,2,3,3,242,2,1,0,7,4501,0,0,1,0,1,0,0,0.6340119,1,Late,High Risk
6810,4,2,3,1,237,3,2,0,4,5860,0,0,1,0,1,1,1,0.794637,1,Late,High Risk
6811,3,2,5,2,259,5,1,0,7,1032,0,1,1,1,1,1,1,0.7925304,1,Late,High Risk
6812,4,2,4,3,249,6,1,1,2,1046,1,1,1,1,1,1,0,0.62550026,1,Late,High Risk
6813,0,2,6,3,289,4,0,0,5,1708,0,1,1,1,1,1,0,0.6364574,1,Late,High Risk
6814,1,2,6,3,308,5,2,0,4,1118,0,1,1,1,1,1,0,0.7470682,1,Late,High Risk
6815,2,2,6,3,297,4,2,1,2,1954,0,1,1,1,1,1,0,0.77083033,1,Late,High Risk
6816,4,2,4,1,255,5,1,0,4,1005,0,1,1,1,1,1,1,0.8491986,1,Late,High Risk
6817,3,2,6,1,266,4,1,1,9,1287,0,1,1,1,1,1,1,0.6614935,1,Late,High Risk
6818,4,2,7,2,302,4,1,1,6,1632,0,1,1,1,1,1,1,0.80627745,1,Late,High Risk
6819,0,2,4,5,223,5,2,0,6,1579,1,1,1,1,1,1,0,0.6740685,1,Late,High Risk
6820,1,2,6,5,261,4,1,0,9,1266,1,1,1,1,1,1,0,0.545449,1,Late,Medium Risk
6821,2,2,4,4,273,5,1,1,10,1316,0,1,1,1,1,1,0,0.6580528,1,Late,High Risk
6822,4,2,6,3,260,4,1,1,9,1131,1,1,1,1,1,1,0,0.56549954,1,Late,Medium Risk
6823,3,2,5,2,266,5,1,0,1,1504,1,1,1,1,1,1,1,0.57770365,1,Late,Medium Risk
6824,4,1,2,1,164,5,1,1,4,1708,0,0,1,1,0,1,1,0.5058936,1,Late,Medium Risk
6825,0,1,5,3,240,6,2,0,3,1321,0,1,1,1,1,1,0,0.6665383,1,Late,High Risk
6826,1,1,6,3,305,4,2,0,9,1479,1,1,1,1,1,1,0,0.71995264,1,Late,High Risk
6827,2,1,5,4,248,5,1,0,3,1471,1,1,1,1,1,1,0,0.5721414,1,Late,Medium Risk
6828,4,1,7,3,279,4,2,1,8,1060,0,1,1,1,1,1,0,0.6686534,1,Late,High Risk
6829,3,1,5,4,244,6,1,0,10,1978,1,1,1,1,1,1,0,0.5824564,1,Late,Medium Risk
6830,4,1,5,4,267,5,1,1,9,1017,0,1,1,1,1,1,0,0.8258901,1,Late,High Risk
6831,0,1,7,1,275,4,2,1,7,1754,0,1,1,1,1,1,1,0.7601929,1,Late,High Risk
6832,1,1,5,1,168,2,1,0,10,4240,0,1,1,0,0,0,1,0.7538939,1,Late,High Risk
6833,2,1,5,2,249,3,1,1,2,4696,0,1,1,0,1,1,1,0.5536457,1,Late,Medium Risk
6834,4,1,3,2,220,3,2,1,7,4555,1,0,1,0,1,1,1,0.7007514,1,Late,High Risk
6835,3,1,4,4,189,2,1,1,5,4553,0,1,1,0,0,0,0,0.7153624,1,Late,High Risk
6836,4,1,5,2,237,4,1,0,9,5922,0,1,1,0,1,1,1,0.8320678,1,Late,High Risk
6837,0,1,4,3,247,3,0,0,1,5214,0,1,1,0,1,1,0,0.5486952,1,Late,Medium Risk
6838,1,1,3,3,250,6,2,1,9,5322,1,0,1,0,1,1,0,0.5840602,1,Late,Medium Risk
6839,2,1,4,3,207,10,1,0,9,4179,0,1,1,0,0,1,0,0.70672464,1,Late,High Risk
6840,4,1,4,5,201,10,1,0,7,5340,0,1,1,0,0,1,0,0.7013759,1,Late,High Risk
6841,3,1,4,5,142,2,1,1,2,4472,0,1,1,0,0,0,0,0.7161921,1,Late,High Risk
6842,4,1,3,4,207,2,1,1,6,5852,1,0,1,0,0,0,0,0.79523003,1,Late,High Risk
6843,0,1,3,2,214,2,0,0,7,4938,0,0,1,0,0,0,1,0.66602254,1,Late,High Risk
6844,1,1,4,5,134,10,2,1,5,4244,0,1,1,0,0,1,0,0.75650185,1,Late,High Risk
6845,2,1,3,3,178,8,2,1,8,4774,1,0,1,0,0,1,0,0.42740288,0,On Time,Medium Risk
6846,4,0,4,2,186,2,1,1,2,5604,1,1,1,0,0,0,1,0.71670073,1,Late,High Risk
6847,3,0,4,2,250,3,1,1,5,4488,1,1,1,0,1,1,1,0.56603605,1,Late,Medium Risk
6848,4,0,4,1,172,3,2,0,10,5106,1,1,1,0,0,1,1,0.6743627,1,Late,High Risk
6849,0,0,3,5,265,10,1,1,6,4380,0,0,1,0,1,1,0,0.65468156,1,Late,High Risk
6850,1,0,3,1,158,7,2,0,6,4166,0,0,1,0,0,1,1,0.73776376,1,Late,High Risk
6851,2,0,3,3,180,7,2,0,4,5068,1,0,1,0,0,1,0,0.48243117,0,On Time,Medium Risk
6852,4,0,4,1,173,3,0,1,1,5749,0,1,1,0,0,1,1,0.57476544,1,Late,Medium Risk
6853,3,0,3,4,153,10,2,0,4,5456,1,0,1,0,0,1,0,0.4470734,0,On Time,Medium Risk
6854,4,0,4,3,182,3,0,0,3,5624,0,1,1,0,0,1,0,0.6793702,1,Late,High Risk
6855,0,0,3,5,192,3,1,0,7,4056,1,0,1,0,0,1,0,0.47077098,0,On Time,Medium Risk
6856,1,0,6,3,285,7,2,1,7,5030,1,1,1,0,1,1,0,0.51323694,1,Late,Medium Risk
6857,2,0,3,5,151,6,1,1,8,4692,1,0,1,0,0,1,0,0.7027733,1,Late,High Risk
6858,4,0,3,5,242,2,1,1,1,5803,1,0,1,0,1,0,0,0.47672135,0,On Time,Medium Risk
6859,3,0,3,1,237,3,2,0,1,4476,1,0,1,0,1,1,1,0.58309245,1,Late,Medium Risk
6860,4,0,5,4,259,5,1,1,10,1177,0,1,1,1,1,1,0,0.6094079,1,Late,High Risk
6861,0,0,4,2,249,6,1,0,9,1673,1,1,1,1,1,1,1,0.6026343,1,Late,High Risk
6862,1,0,6,4,289,4,0,0,4,1822,0,1,1,1,1,1,0,0.41590792,0,On Time,Medium Risk
6863,2,0,6,2,308,5,2,1,4,1303,0,1,1,1,1,1,1,0.8401806,1,Late,High Risk
6864,4,0,6,3,297,4,2,1,1,1080,0,1,1,1,1,1,0,0.7822842,1,Late,High Risk
6865,3,0,4,3,255,5,1,1,1,1192,0,1,1,1,1,1,0,0.618474,1,Late,High Risk
6866,4,0,6,3,266,4,1,0,9,1876,0,1,1,1,1,1,0,0.6106381,1,Late,High Risk
6867,0,0,7,1,302,4,1,1,4,1647,0,1,1,1,1,1,1,0.8841718,1,Late,High Risk
6868,1,2,4,4,223,5,2,1,1,1124,1,1,1,1,1,1,0,0.6077781,1,Late,High Risk
6869,2,2,6,4,261,4,1,0,5,1794,1,1,1,1,1,1,0,0.5650671,1,Late,Medium Risk
6870,4,2,4,2,273,5,1,0,4,1223,1,1,1,1,1,1,1,0.6705628,1,Late,High Risk
6871,3,2,6,3,260,4,1,0,10,1140,0,1,1,1,1,1,0,0.60549754,1,Late,High Risk
6872,4,2,5,2,266,5,1,0,10,1274,1,1,1,1,1,1,1,0.6098684,1,Late,High Risk
6873,0,2,2,3,164,5,1,1,7,1243,0,0,1,1,0,1,0,0.6528593,1,Late,High Risk
6874,1,2,5,2,240,6,2,0,2,1852,1,1,1,1,1,1,1,0.5593126,1,Late,Medium Risk
6875,2,2,6,5,305,4,2,0,9,1072,0,1,1,1,1,1,0,0.49770743,0,On Time,Medium Risk
6876,4,2,5,2,248,5,1,1,4,1284,1,1,1,1,1,1,1,0.59706956,1,Late,Medium Risk
6877,3,2,7,2,279,4,2,1,5,1210,0,1,1,1,1,1,1,0.6603331,1,Late,High Risk
6878,4,2,5,2,244,6,1,1,5,1702,1,1,1,1,1,1,1,0.61378276,1,Late,High Risk
6879,0,2,5,1,237,5,2,0,2,1429,1,1,1,1,1,1,1,0.68200046,1,Late,High Risk
6880,1,2,4,2,251,6,2,0,1,1154,1,1,1,1,1,1,1,0.6518411,1,Late,High Risk
6881,2,2,4,4,247,6,1,0,4,1044,0,1,1,1,1,1,0,0.7561876,1,Late,High Risk
6882,4,2,5,2,262,6,2,0,4,1532,1,1,1,1,1,1,1,0.6098286,1,Late,High Risk
6883,3,2,5,3,223,5,2,1,10,1170,1,1,1,1,1,1,0,0.6493859,1,Late,High Risk
6884,4,2,5,5,275,5,1,0,3,1145,0,1,1,1,1,1,0,0.68308544,1,Late,High Risk
6885,0,2,6,3,139,6,2,0,8,1284,1,1,1,1,0,1,0,0.12108536,0,On Time,Low Risk
6886,1,2,4,3,245,6,1,0,3,1155,0,1,1,1,1,1,0,0.6914698,1,Late,High Risk
6887,2,2,6,3,278,4,0,0,3,1033,0,1,1,1,1,1,0,0.48471558,0,On Time,Medium Risk
6888,4,2,5,3,243,5,1,1,2,1776,1,1,1,1,1,1,0,0.5674692,1,Late,Medium Risk
6889,3,2,7,3,309,4,1,0,1,1290,1,1,1,1,1,1,0,0.37457037,0,On Time,Medium Risk
6890,4,2,6,2,279,4,1,1,1,1150,1,1,1,1,1,1,1,0.6472224,1,Late,High Risk
6891,0,2,6,3,247,4,2,1,3,1903,0,1,1,1,1,1,0,0.6540202,1,Late,High Risk
6892,1,2,5,1,235,5,2,0,6,1059,1,1,1,1,1,1,1,0.64735085,1,Late,High Risk
6893,2,2,5,5,268,5,2,0,10,1906,0,1,1,1,1,1,0,0.5525153,1,Late,Medium Risk
6894,4,2,6,1,309,4,2,1,9,1305,0,1,1,1,1,1,1,0.754234,1,Late,High Risk
6895,3,2,6,5,308,4,1,1,2,1125,1,1,1,1,1,1,0,0.48164135,0,On Time,Medium Risk
6896,4,2,5,5,237,5,0,0,2,1593,1,1,1,1,1,1,0,0.56926656,1,Late,Medium Risk
6897,0,2,6,2,291,4,1,1,9,1241,1,1,1,1,1,1,1,0.46310148,0,On Time,Medium Risk
6898,1,2,4,2,264,5,2,0,6,1736,1,1,1,1,1,1,1,0.65981865,1,Late,High Risk
6899,2,2,2,2,212,4,2,0,3,1284,1,0,1,1,0,1,1,0.5948579,1,Late,Medium Risk
6900,4,2,4,5,196,4,1,1,10,1694,1,1,1,1,0,1,0,0.39469147,0,On Time,Medium Risk
6901,3,2,5,5,260,5,1,0,6,1860,0,1,1,1,1,1,0,0.5930784,1,Late,Medium Risk
6902,4,2,6,5,266,4,1,0,6,1201,0,1,1,1,1,1,0,0.7084833,1,Late,High Risk
6903,0,2,5,2,254,5,0,1,6,1491,1,1,1,1,1,1,1,0.51346946,1,Late,Medium Risk
6904,1,2,5,2,249,5,1,0,8,1018,1,1,1,1,1,1,1,0.6335688,1,Late,High Risk
6905,2,2,6,5,279,4,2,1,7,1300,0,1,1,1,1,1,0,0.5139211,1,Late,Medium Risk
6906,4,2,6,3,306,4,0,0,5,1261,1,1,1,1,1,1,0,0.4105754,0,On Time,Medium Risk
6907,3,2,4,5,249,5,2,1,3,1530,1,1,1,1,1,1,0,0.5316948,1,Late,Medium Risk
6908,4,2,6,4,297,4,1,0,9,1249,1,1,1,1,1,1,0,0.51467437,1,Late,Medium Risk
6909,0,2,6,1,273,4,1,1,6,1561,0,1,1,1,1,1,1,0.7556975,1,Late,High Risk
6910,1,2,6,4,299,4,1,0,9,1817,0,1,1,1,1,1,0,0.53849334,1,Late,Medium Risk
6911,2,2,5,5,240,5,2,1,10,1574,1,1,1,1,1,1,0,0.6782352,1,Late,High Risk
6912,4,2,5,4,260,6,1,0,2,1765,0,1,1,1,1,1,0,0.5939442,1,Late,Medium Risk
6913,3,2,5,1,251,5,1,0,7,1924,1,1,1,1,1,1,1,0.64227676,1,Late,High Risk
6914,4,2,5,5,256,5,2,1,2,1693,1,1,1,1,1,1,0,0.6097278,1,Late,High Risk
6915,0,2,5,2,226,5,2,1,5,1659,0,1,1,1,1,1,1,0.70090646,1,Late,High Risk
6916,1,2,5,3,262,5,1,0,10,1197,1,1,1,1,1,1,0,0.5572057,1,Late,Medium Risk
6917,2,2,7,4,261,5,1,1,6,1334,0,1,1,1,1,1,0,0.6140435,1,Late,High Risk
6918,4,2,2,2,181,2,1,0,6,1324,1,0,1,1,0,0,1,0.20383741,0,On Time,Low Risk
6919,3,2,6,1,254,4,2,0,6,1928,1,1,1,1,1,1,1,0.7396463,1,Late,High Risk
6920,4,2,6,1,288,4,2,1,8,1806,1,1,1,1,1,1,1,0.43684688,0,On Time,Medium Risk
6921,0,2,6,3,245,4,1,1,10,1798,0,1,1,1,1,1,0,0.7001778,1,Late,High Risk
6922,1,2,5,3,252,2,2,1,9,1809,0,1,1,1,1,0,0,0.4808829,0,On Time,Medium Risk
6923,2,2,4,1,293,3,1,1,8,1326,1,1,1,1,1,1,1,0.22212104,0,On Time,Low Risk
6924,4,2,5,3,253,4,1,1,9,1729,0,1,1,1,1,1,0,0.70709807,1,Late,High Risk
6925,3,2,6,1,245,4,1,0,10,1606,0,1,1,1,1,1,1,0.70645374,1,Late,High Risk
6926,4,2,6,4,247,4,2,1,3,1946,0,1,1,1,1,1,0,0.59992385,1,Late,Medium Risk
6927,0,2,5,4,274,5,1,1,7,1371,1,1,1,1,1,1,0,0.58269787,1,Late,Medium Risk
6928,1,2,6,4,283,4,1,0,8,1480,0,1,1,1,1,1,0,0.6637332,1,Late,High Risk
6929,2,2,6,4,286,4,1,0,8,1690,1,1,1,1,1,1,0,0.4933086,0,On Time,Medium Risk
6930,4,2,5,4,257,5,1,1,10,1695,1,1,1,1,1,1,0,0.6235151,1,Late,High Risk
6931,3,2,5,2,258,5,1,0,2,1232,1,1,1,1,1,1,1,0.62815636,1,Late,High Risk
6932,4,2,4,2,201,3,2,0,6,5616,1,1,1,0,0,1,1,0.7426206,1,Late,High Risk
6933,0,2,3,1,231,3,1,1,1,5392,1,0,1,0,1,1,1,0.58763844,1,Late,Medium Risk
6934,1,2,4,5,161,2,0,0,5,5133,1,1,1,0,0,0,0,0.6033633,1,Late,High Risk
6935,2,2,5,1,250,3,1,1,8,5845,0,1,1,0,1,1,1,0.65914786,1,Late,High Risk
6936,4,2,4,2,169,6,1,0,6,4179,0,1,1,0,0,1,1,0.6205158,1,Late,High Risk
6937,3,2,4,4,191,2,1,1,1,4318,1,1,1,0,0,0,0,0.5234189,1,Late,Medium Risk
6938,4,2,4,2,271,3,2,0,4,4186,1,1,1,0,1,1,1,0.5893429,1,Late,Medium Risk
6939,0,2,5,4,271,3,1,1,3,5218,1,1,1,0,1,1,0,0.49294245,0,On Time,Medium Risk
6940,1,2,4,2,224,3,1,1,1,5821,0,1,1,0,1,1,1,0.696257,1,Late,High Risk
6941,2,2,3,5,276,5,1,0,10,5302,1,0,1,0,1,1,0,0.5067621,1,Late,Medium Risk
6942,4,2,4,1,264,2,1,0,3,5258,0,1,1,0,1,0,1,0.7547401,1,Late,High Risk
6943,3,2,5,2,185,3,1,1,10,4354,0,1,1,0,0,1,1,0.7038371,1,Late,High Risk
6944,4,2,3,3,253,2,1,1,5,4112,1,0,1,0,1,0,0,0.4936385,0,On Time,Medium Risk
6945,0,2,3,5,155,4,1,0,1,4432,1,0,1,0,0,1,0,0.6483925,1,Late,High Risk
6946,1,2,4,1,219,3,1,0,5,5632,0,1,1,0,1,1,1,0.7167617,1,Late,High Risk
6947,2,2,3,2,204,4,2,1,7,4768,0,0,1,0,0,1,1,0.6809178,1,Late,High Risk
6948,4,2,4,1,196,4,1,0,3,5496,0,1,1,0,0,1,1,0.8033768,1,Late,High Risk
6949,3,2,3,4,205,5,1,0,4,4483,0,0,1,0,0,1,0,0.7359519,1,Late,High Risk
6950,4,2,3,4,187,3,1,0,9,4725,1,0,1,0,0,1,0,0.7069996,1,Late,High Risk
6951,0,2,3,1,221,2,2,0,6,5267,0,0,1,0,1,0,1,0.715872,1,Late,High Risk
6952,1,2,5,4,143,3,2,0,1,5165,1,1,1,0,0,1,0,0.684185,1,Late,High Risk
6953,2,2,5,3,135,3,0,1,4,5858,0,1,1,0,0,1,0,0.59442496,1,Late,Medium Risk
6954,4,2,3,1,207,2,1,0,7,5596,0,0,1,0,0,0,1,0.79792917,1,Late,High Risk
6955,3,2,3,2,245,2,1,0,7,4692,0,0,1,0,1,0,1,0.6475019,1,Late,High Risk
6956,4,2,5,2,257,3,1,0,2,4677,1,1,1,0,1,1,1,0.47055846,0,On Time,Medium Risk
6957,0,2,3,1,186,3,0,0,1,5694,1,0,1,0,0,1,1,0.47723848,0,On Time,Medium Risk
6958,1,2,5,2,246,3,1,1,2,4054,1,1,1,0,1,1,1,0.6174049,1,Late,High Risk
6959,2,2,3,4,255,2,1,1,2,4504,0,0,1,0,1,0,0,0.58205324,1,Late,Medium Risk
6960,4,2,5,3,206,3,1,0,1,4645,0,1,1,0,0,1,0,0.67149174,1,Late,High Risk
6961,3,1,3,1,178,4,2,1,9,4298,0,0,1,0,0,1,1,0.73425406,1,Late,High Risk
6962,4,1,5,2,274,2,1,0,5,4154,0,1,1,0,1,0,1,0.7239659,1,Late,High Risk
6963,0,1,3,1,269,4,1,0,7,5107,0,0,1,0,1,1,1,0.71173084,1,Late,High Risk
6964,1,1,5,1,282,4,1,0,9,4766,0,1,1,0,1,1,1,0.6773758,1,Late,High Risk
6965,2,1,2,4,108,5,0,1,5,4874,1,0,1,0,0,1,0,0.4586346,0,On Time,Medium Risk
6966,4,1,4,5,268,6,2,0,7,4709,0,1,1,0,1,1,0,0.6323394,1,Late,High Risk
6967,3,1,2,3,215,2,2,0,3,5052,1,0,1,0,1,0,0,0.5902146,1,Late,Medium Risk
6968,4,1,4,1,169,4,1,1,1,5323,0,1,1,0,0,1,1,0.73018354,1,Late,High Risk
6969,0,1,3,4,165,3,1,0,4,4482,0,0,1,0,0,1,0,0.7646409,1,Late,High Risk
6970,1,1,4,4,192,4,1,0,2,5856,1,1,1,0,0,1,0,0.43516827,0,On Time,Medium Risk
6971,2,1,4,3,206,2,1,1,9,5076,1,1,1,0,0,0,0,0.63345665,1,Late,High Risk
6972,4,1,3,5,151,2,2,1,8,4408,1,0,1,0,0,0,0,0.71110183,1,Late,High Risk
6973,3,1,3,4,150,3,1,0,5,4950,0,0,1,0,0,1,0,0.69537157,1,Late,High Risk
6974,4,1,4,3,250,3,1,1,10,4316,0,1,1,0,1,1,0,0.6317347,1,Late,High Risk
6975,0,1,5,3,168,3,2,0,2,5986,1,1,1,0,0,1,0,0.31304476,0,On Time,Medium Risk
6976,1,1,4,1,137,2,1,1,3,4657,0,1,1,0,0,0,1,0.7242087,1,Late,High Risk
6977,2,1,6,5,148,4,1,1,1,5216,1,1,1,0,0,1,0,0.6979046,1,Late,High Risk
6978,4,1,6,2,215,5,1,0,7,4057,0,1,1,0,1,1,1,0.7202149,1,Late,High Risk
6979,3,1,4,2,269,2,2,0,2,4013,1,1,1,0,1,0,1,0.58879524,1,Late,Medium Risk
6980,4,1,3,5,139,3,1,0,1,4060,1,0,1,0,0,1,0,0.45877796,0,On Time,Medium Risk
6981,0,1,4,1,205,5,1,1,10,4944,0,1,1,0,0,1,1,0.78170073,1,Late,High Risk
6982,1,1,5,4,212,2,1,0,9,4925,0,1,1,0,0,0,0,0.7788568,1,Late,High Risk
6983,2,0,3,3,136,2,2,1,10,5749,0,0,1,0,0,0,0,0.561553,1,Late,Medium Risk
6984,4,0,3,3,231,3,2,0,4,4088,0,0,1,0,1,1,0,0.46380007,0,On Time,Medium Risk
6985,3,0,4,4,215,2,1,0,7,5151,1,1,1,0,1,0,0,0.61914915,1,Late,High Risk
6986,4,0,4,4,179,3,2,0,3,5624,0,1,1,0,0,1,0,0.6957882,1,Late,High Risk
6987,0,0,3,2,223,4,2,1,3,5374,0,0,1,0,1,1,1,0.67563945,1,Late,High Risk
6988,1,0,3,5,210,3,1,1,6,5566,0,0,1,0,0,1,0,0.73206687,1,Late,High Risk
6989,2,0,4,5,133,3,0,0,8,5653,1,1,1,0,0,1,0,0.6243419,1,Late,High Risk
6990,4,0,3,1,187,2,1,0,8,4292,1,0,1,0,0,0,1,0.62067074,1,Late,High Risk
6991,3,0,4,1,256,2,2,1,2,5630,0,1,1,0,1,0,1,0.7096773,1,Late,High Risk
6992,4,0,4,5,138,2,1,1,10,4788,0,1,1,0,0,0,0,0.6739692,1,Late,High Risk
6993,0,0,3,4,198,3,2,1,7,4020,0,0,1,0,0,1,0,0.36982986,0,On Time,Medium Risk
6994,1,0,5,5,256,3,2,0,6,4145,1,1,1,0,1,1,0,0.5737615,1,Late,Medium Risk
6995,2,0,4,3,254,2,1,1,3,5546,0,1,1,0,1,0,0,0.5996402,1,Late,Medium Risk
6996,4,0,4,1,267,2,2,1,9,5230,1,1,1,0,1,0,1,0.6757965,1,Late,High Risk
6997,3,0,3,2,286,6,0,0,5,5588,0,0,1,0,1,1,1,0.8321761,1,Late,High Risk
6998,4,0,3,2,215,4,1,0,3,4042,0,0,1,0,1,1,1,0.5803987,1,Late,Medium Risk
6999,0,0,5,5,222,3,2,1,5,4949,0,1,1,0,1,1,0,0.62985957,1,Late,High Risk
7000,1,0,5,3,267,4,2,0,1,4837,1,1,1,0,1,1,0,0.63531375,1,Late,High Risk
7001,2,0,5,5,235,5,1,0,4,5908,1,1,1,0,1,1,0,0.5629175,1,Late,Medium Risk
7002,4,0,4,1,181,2,1,1,2,4154,0,1,1,0,0,0,1,0.70748353,1,Late,High Risk
7003,3,0,4,1,173,4,1,0,5,5530,1,1,1,0,0,1,1,0.72548425,1,Late,High Risk
7004,4,0,3,5,208,3,1,1,1,4803,0,0,1,0,0,1,0,0.6174494,1,Late,High Risk
7005,0,2,4,3,221,2,1,0,6,4114,1,1,1,0,1,0,0,0.5366651,1,Late,Medium Risk
7006,1,2,3,5,141,2,2,0,9,5000,0,0,1,0,0,0,0,0.77783936,1,Late,High Risk
7007,2,2,4,1,238,3,0,0,4,4910,0,1,1,0,1,1,1,0.5936455,1,Late,Medium Risk
7008,4,2,3,2,126,5,1,0,6,4372,1,0,1,0,0,1,1,0.61421305,1,Late,High Risk
7009,3,2,4,1,196,2,1,1,3,4752,0,1,1,0,0,0,1,0.72503644,1,Late,High Risk
7010,4,2,4,3,169,2,0,1,7,4032,1,1,1,0,0,0,0,0.2843188,0,On Time,Low Risk
7011,0,2,3,3,249,3,1,1,10,5184,0,0,1,0,1,1,0,0.57480276,1,Late,Medium Risk
7012,1,2,4,2,198,6,2,1,5,4659,0,1,1,0,0,1,1,0.5756017,1,Late,Medium Risk
7013,2,2,4,3,197,3,1,1,2,4410,0,1,1,0,0,1,0,0.61947495,1,Late,High Risk
7014,4,2,3,5,251,4,2,0,3,5215,1,0,1,0,1,1,0,0.6428814,1,Late,High Risk
7015,3,2,4,4,145,3,2,1,8,5780,0,1,1,0,0,1,0,0.62782604,1,Late,High Risk
7016,4,2,4,1,249,3,1,1,4,5253,1,1,1,0,1,1,1,0.6156335,1,Late,High Risk
7017,0,2,6,1,103,4,1,1,2,5089,0,1,1,0,0,1,1,0.8156852,1,Late,High Risk
7018,1,2,2,5,264,5,2,0,1,4426,0,0,1,0,1,1,0,0.7638658,1,Late,High Risk
7019,2,2,6,1,206,6,2,0,8,4243,1,1,1,0,0,1,1,0.68520343,1,Late,High Risk
7020,4,2,4,4,139,3,2,1,2,5135,0,1,1,0,0,1,0,0.7322921,1,Late,High Risk
7021,3,2,5,3,270,2,1,0,7,5248,1,1,1,0,1,0,0,0.57128835,1,Late,Medium Risk
7022,4,2,4,2,227,2,1,1,8,4878,1,1,1,0,1,0,1,0.6849035,1,Late,High Risk
7023,0,2,3,1,179,2,2,0,10,4828,0,0,1,0,0,0,1,0.6664282,1,Late,High Risk
7024,1,2,3,3,273,3,2,0,6,5269,1,0,1,0,1,1,0,0.5424825,1,Late,Medium Risk
7025,2,2,5,1,153,2,1,0,7,4944,1,1,1,0,0,0,1,0.6928807,1,Late,High Risk
7026,4,2,4,1,112,6,2,1,9,5248,1,1,1,0,0,1,1,0.3474324,0,On Time,Medium Risk
7027,3,2,6,3,114,4,0,0,10,5865,0,1,1,0,0,1,0,0.5908445,1,Late,Medium Risk
7028,4,2,4,4,214,2,0,0,1,4117,1,1,1,0,0,0,0,0.53587013,1,Late,Medium Risk
7029,0,2,3,4,196,4,1,0,4,5031,0,0,1,0,0,1,0,0.70506,1,Late,High Risk
7030,1,2,5,1,159,2,2,0,5,4382,0,1,1,0,0,0,1,0.7009334,1,Late,High Risk
7031,2,2,3,2,258,2,1,1,1,5862,0,0,1,0,1,0,1,0.75086486,1,Late,High Risk
7032,4,2,5,5,125,3,1,1,10,4997,0,1,1,0,0,1,0,0.65601856,1,Late,High Risk
7033,3,2,6,2,232,3,2,0,7,5219,1,1,1,0,1,1,1,0.60131997,1,Late,High Risk
7034,4,2,4,3,196,2,0,1,10,5709,1,1,1,0,0,0,0,0.47001708,0,On Time,Medium Risk
7035,0,2,4,2,257,3,1,1,3,5549,1,1,1,0,1,1,1,0.584473,1,Late,Medium Risk
7036,1,2,2,1,219,4,1,1,6,5124,0,0,1,0,1,1,1,0.70029294,1,Late,High Risk
7037,2,2,4,2,223,3,2,0,7,5977,0,1,1,0,1,1,1,0.80892676,1,Late,High Risk
7038,4,2,3,1,166,2,1,0,10,4137,0,0,1,0,0,0,1,0.7335265,1,Late,High Risk
7039,3,2,6,1,264,3,0,0,5,4435,1,1,1,0,1,1,1,0.57785094,1,Late,Medium Risk
7040,4,2,3,3,182,3,1,0,5,5914,0,0,1,0,0,1,0,0.7049354,1,Late,High Risk
7041,0,2,4,1,260,2,2,0,2,4529,0,1,1,0,1,0,1,0.7270979,1,Late,High Risk
7042,1,2,4,1,268,3,1,1,8,5486,0,1,1,0,1,1,1,0.6022453,1,Late,High Risk
7043,2,2,6,4,272,4,1,0,4,4098,0,1,1,0,1,1,0,0.58165526,1,Late,Medium Risk
7044,4,2,4,5,135,3,1,0,3,4760,0,1,1,0,0,1,0,0.69756955,1,Late,High Risk
7045,3,2,3,2,164,2,2,1,3,4442,1,0,1,0,0,0,1,0.69958586,1,Late,High Risk
7046,4,2,4,4,153,5,2,1,9,5818,0,1,1,0,0,1,0,0.6976223,1,Late,High Risk
7047,0,2,3,4,175,3,1,1,8,4274,1,0,1,0,0,1,0,0.6895603,1,Late,High Risk
7048,1,2,3,1,231,3,2,1,9,5148,1,0,1,0,1,1,1,0.6131207,1,Late,High Risk
7049,2,2,5,4,222,3,1,1,3,5555,0,1,1,0,1,1,0,0.67747134,1,Late,High Risk
7050,4,2,3,4,261,2,1,0,1,5844,0,0,1,0,1,0,0,0.7495966,1,Late,High Risk
7051,3,2,3,2,223,2,1,0,10,4604,0,0,1,0,1,0,1,0.67175853,1,Late,High Risk
7052,4,2,3,5,222,5,2,1,2,4027,1,0,1,0,1,1,0,0.50815254,1,Late,Medium Risk
7053,0,2,4,5,240,3,1,0,9,5794,1,1,1,0,1,1,0,0.5674205,1,Late,Medium Risk
7054,1,2,4,5,137,2,0,0,6,5208,0,1,1,0,0,0,0,0.60475266,1,Late,High Risk
7055,2,2,4,2,181,3,2,1,6,5964,0,1,1,0,0,1,1,0.8322884,1,Late,High Risk
7056,4,2,3,3,261,4,1,1,3,5722,1,0,1,0,1,1,0,0.4246158,0,On Time,Medium Risk
7057,3,2,3,1,226,2,1,1,4,4804,0,0,1,0,1,0,1,0.58172715,1,Late,Medium Risk
7058,4,2,4,5,246,2,2,0,3,5705,0,1,1,0,1,0,0,0.6091422,1,Late,High Risk
7059,0,2,3,4,226,2,2,0,1,5460,0,0,1,0,1,0,0,0.6893693,1,Late,High Risk
7060,1,2,3,4,238,2,1,1,3,4723,0,0,1,0,1,0,0,0.64718646,1,Late,High Risk
7061,2,2,3,1,173,3,1,0,3,4453,1,0,1,0,0,1,1,0.7045538,1,Late,High Risk
7062,4,2,3,4,257,4,1,1,10,4415,0,0,1,0,1,1,0,0.6865192,1,Late,High Risk
7063,3,2,3,2,160,4,1,0,9,5112,1,0,1,0,0,1,1,0.7448812,1,Late,High Risk
7064,4,2,3,3,179,3,1,0,9,4459,1,0,1,0,0,1,0,0.6199206,1,Late,High Risk
7065,0,2,3,1,101,5,1,0,3,4807,0,0,1,0,0,1,1,0.79722047,1,Late,High Risk
7066,1,2,2,3,263,4,2,1,9,5390,0,0,1,0,1,1,0,0.6445465,1,Late,High Risk
7067,2,2,3,1,210,3,2,1,4,5683,0,0,1,0,0,1,1,0.7077287,1,Late,High Risk
7068,4,2,3,4,166,4,1,1,4,5107,0,0,1,0,0,1,0,0.7227806,1,Late,High Risk
7069,3,2,2,3,163,3,1,0,4,4862,0,0,1,0,0,1,0,0.7177324,1,Late,High Risk
7070,4,2,4,3,143,2,2,1,1,4402,1,1,1,0,0,0,0,0.6611468,1,Late,High Risk
7071,0,2,4,3,248,6,2,1,5,4212,0,1,1,0,1,1,0,0.62106115,1,Late,High Risk
7072,1,2,3,1,198,2,1,0,8,4940,0,0,1,0,0,0,1,0.73273367,1,Late,High Risk
7073,2,2,3,1,150,2,1,0,6,5355,0,0,1,0,0,0,1,0.8144033,1,Late,High Risk
7074,4,2,4,3,195,4,2,0,1,5004,0,1,1,0,0,1,0,0.7237088,1,Late,High Risk
7075,3,2,4,4,213,3,1,0,1,4266,0,1,1,0,0,1,0,0.66150504,1,Late,High Risk
7076,4,2,4,3,245,4,2,1,8,5982,1,1,1,0,1,1,0,0.62211293,1,Late,High Risk
7077,0,2,3,1,199,3,2,0,8,5557,1,0,1,0,0,1,1,0.7261566,1,Late,High Risk
7078,1,2,4,1,192,4,0,1,5,4142,1,1,1,0,0,1,1,0.42790908,0,On Time,Medium Risk
7079,2,2,6,3,247,6,2,1,3,4582,0,1,1,0,1,1,0,0.66166085,1,Late,High Risk
7080,4,2,3,5,221,3,2,1,7,4741,1,0,1,0,1,1,0,0.64558417,1,Late,High Risk
7081,3,2,3,1,200,4,2,0,9,5193,0,0,1,0,0,1,1,0.7715845,1,Late,High Risk
7082,4,2,4,3,260,3,1,0,5,5540,0,1,1,0,1,1,0,0.67503875,1,Late,High Risk
7083,0,2,4,5,98,4,1,0,5,4643,0,1,1,0,0,1,0,0.88840926,1,Late,High Risk
7084,1,2,5,1,198,4,1,0,5,5719,0,1,1,0,0,1,1,0.6792031,1,Late,High Risk
7085,2,2,4,1,168,2,2,0,1,5698,1,1,1,0,0,0,1,0.7304485,1,Late,High Risk
7086,4,2,6,1,260,3,2,1,1,5134,0,1,1,0,1,1,1,0.7576366,1,Late,High Risk
7087,3,2,4,1,266,4,1,1,3,5773,1,1,1,0,1,1,1,0.5542562,1,Late,Medium Risk
7088,4,2,3,3,239,3,1,1,8,5366,1,0,1,0,1,1,0,0.49622992,0,On Time,Medium Risk
7089,0,2,4,1,214,5,2,1,9,5801,0,1,1,0,0,1,1,0.8372269,1,Late,High Risk
7090,1,2,3,3,203,3,2,0,8,5929,0,0,1,0,0,1,0,0.7274186,1,Late,High Risk
7091,2,2,2,5,264,3,2,0,3,4320,1,0,1,0,1,1,0,0.67647034,1,Late,High Risk
7092,4,2,4,3,169,6,2,0,2,5607,0,1,1,0,0,1,0,0.61802584,1,Late,High Risk
7093,3,2,3,1,167,2,1,1,1,5749,0,0,1,0,0,0,1,0.62232226,1,Late,High Risk
7094,4,2,3,3,266,7,1,1,2,5671,1,0,1,0,1,1,0,0.54799974,1,Late,Medium Risk
7095,0,2,3,2,182,10,1,1,1,4303,0,0,1,0,0,1,1,0.651093,1,Late,High Risk
7096,1,2,5,2,195,6,0,1,5,5339,1,1,1,0,0,1,1,0.5205789,1,Late,Medium Risk
7097,2,2,4,1,153,3,1,0,8,5198,0,1,1,0,0,1,1,0.716457,1,Late,High Risk
7098,4,1,5,1,238,3,0,1,2,5369,1,1,1,0,1,1,1,0.6267082,1,Late,High Risk
7099,3,1,5,5,238,8,1,1,9,5186,0,1,1,0,1,1,0,0.74481285,1,Late,High Risk
7100,4,1,3,4,180,7,0,1,4,5500,0,0,1,0,0,1,0,0.6672131,1,Late,High Risk
7101,0,1,5,4,262,6,2,0,1,1177,0,1,1,1,1,1,0,0.74074644,1,Late,High Risk
7102,1,1,5,2,223,5,2,1,5,1484,1,1,1,1,1,1,1,0.67811584,1,Late,High Risk
7103,2,1,5,2,275,5,1,0,10,1924,0,1,1,1,1,1,1,0.67615306,1,Late,High Risk
7104,4,1,6,2,139,6,2,1,8,1691,1,1,1,1,0,1,1,0.20511477,0,On Time,Low Risk
7105,3,1,4,1,245,6,1,0,7,1884,1,1,1,1,1,1,1,0.6317147,1,Late,High Risk
7106,4,1,6,2,278,4,0,0,8,1967,0,1,1,1,1,1,1,0.47264662,0,On Time,Medium Risk
7107,0,1,5,4,243,5,1,0,5,1118,0,1,1,1,1,1,0,0.7489585,1,Late,High Risk
7108,1,1,7,1,309,4,1,0,4,1151,0,1,1,1,1,1,1,0.89749676,1,Late,High Risk
7109,2,1,6,2,279,4,1,0,5,1836,0,1,1,1,1,1,1,0.6173334,1,Late,High Risk
7110,4,1,6,5,247,4,2,1,7,1461,1,1,1,1,1,1,0,0.6354414,1,Late,High Risk
7111,3,1,5,5,235,5,2,0,10,1393,0,1,1,1,1,1,0,0.8008806,1,Late,High Risk
7112,4,1,5,3,268,5,2,0,10,1660,0,1,1,1,1,1,0,0.6261036,1,Late,High Risk
7113,0,1,6,2,309,4,2,1,10,1782,0,1,1,1,1,1,1,0.8401713,1,Late,High Risk
7114,1,1,4,5,213,3,1,0,7,4490,0,1,1,0,0,1,0,0.7384138,1,Late,High Risk
7115,2,1,4,4,245,4,2,0,6,5051,0,1,1,0,1,1,0,0.7139522,1,Late,High Risk
7116,4,1,3,1,199,3,2,0,7,4377,1,0,1,0,0,1,1,0.6574578,1,Late,High Risk
7117,3,1,4,3,192,4,0,0,1,5669,1,1,1,0,0,1,0,0.51247174,1,Late,Medium Risk
7118,4,1,6,5,247,6,2,1,3,4832,0,1,1,0,1,1,0,0.71203375,1,Late,High Risk
7119,0,1,3,5,221,3,2,0,8,4523,0,0,1,0,1,1,0,0.70477265,1,Late,High Risk
7120,1,0,3,4,200,4,2,0,8,4944,0,0,1,0,0,1,0,0.6706869,1,Late,High Risk
7121,2,0,4,4,260,3,1,1,9,4224,0,1,1,0,1,1,0,0.6384882,1,Late,High Risk
7122,4,0,4,5,98,4,1,1,5,5188,0,1,1,0,0,1,0,0.77985746,1,Late,High Risk
7123,3,0,5,1,198,4,1,0,5,5025,1,1,1,0,0,1,1,0.66610026,1,Late,High Risk
7124,4,0,4,1,168,2,2,0,8,5276,1,1,1,0,0,0,1,0.6049866,1,Late,High Risk
7125,0,0,6,4,260,3,2,1,9,4730,1,1,1,0,1,1,0,0.68875134,1,Late,High Risk
7126,1,0,4,2,266,4,1,0,7,4639,0,1,1,0,1,1,1,0.7443622,1,Late,High Risk
7127,2,0,3,1,239,3,1,1,2,4425,0,0,1,0,1,1,1,0.61925477,1,Late,High Risk
7128,4,0,4,1,214,5,2,0,6,4573,1,1,1,0,0,1,1,0.7727446,1,Late,High Risk
7129,3,0,3,3,203,3,2,0,3,4196,0,0,1,0,0,1,0,0.6720496,1,Late,High Risk
7130,4,0,2,4,264,3,2,0,6,4025,1,0,1,0,1,1,0,0.31449002,0,On Time,Medium Risk
7131,0,0,4,3,169,6,2,1,3,5957,1,1,1,0,0,1,0,0.3906238,0,On Time,Medium Risk
7132,1,0,3,5,167,2,1,1,5,5042,1,0,1,0,0,0,0,0.7083958,1,Late,High Risk
7133,2,0,3,1,266,7,1,1,5,4102,1,0,1,0,1,1,1,0.43707886,0,On Time,Medium Risk
7134,4,0,3,3,182,10,1,1,3,5555,0,0,1,0,0,1,0,0.6754645,1,Late,High Risk
7135,3,0,5,1,195,6,0,0,8,4944,1,1,1,0,0,1,1,0.6372873,1,Late,High Risk
7136,4,0,4,4,153,3,1,1,5,4624,0,1,1,0,0,1,0,0.63981146,1,Late,High Risk
7137,0,0,5,4,238,3,0,0,5,5907,1,1,1,0,1,1,0,0.5382572,1,Late,Medium Risk
7138,1,0,5,4,238,8,1,1,3,4046,0,1,1,0,1,1,0,0.5479096,1,Late,Medium Risk
7139,2,0,3,4,180,7,0,1,4,4408,0,0,1,0,0,1,0,0.50731796,1,Late,Medium Risk
7140,4,0,5,1,262,6,2,1,1,1696,0,1,1,1,1,1,1,0.66352636,1,Late,High Risk
7141,3,0,5,5,223,5,2,0,5,1678,0,1,1,1,1,1,0,0.7394557,1,Late,High Risk
7142,4,2,5,3,275,5,1,1,7,1349,0,1,1,1,1,1,0,0.52293843,1,Late,Medium Risk
7143,0,2,6,5,139,6,2,0,10,1081,1,1,1,1,0,1,0,0.28341332,0,On Time,Low Risk
7144,1,2,4,4,245,6,1,0,6,1437,1,1,1,1,1,1,0,0.5841231,1,Late,Medium Risk
7145,2,2,6,5,278,4,0,0,6,1761,0,1,1,1,1,1,0,0.5040725,1,Late,Medium Risk
7146,4,2,5,4,243,5,1,0,2,1637,0,1,1,1,1,1,0,0.527245,1,Late,Medium Risk
7147,3,2,7,4,309,4,1,1,7,1880,0,1,1,1,1,1,0,0.7357929,1,Late,High Risk
7148,4,2,6,4,279,4,1,1,9,1128,0,1,1,1,1,1,0,0.51649845,1,Late,Medium Risk
7149,0,2,6,2,247,4,2,1,8,1941,0,1,1,1,1,1,1,0.7264832,1,Late,High Risk
7150,1,2,5,5,235,5,2,1,9,1032,1,1,1,1,1,1,0,0.6082756,1,Late,High Risk
7151,2,2,5,5,274,5,1,1,7,1875,1,1,1,1,1,1,0,0.5223871,1,Late,Medium Risk
7152,4,2,6,5,283,4,1,1,3,1374,1,1,1,1,1,1,0,0.5428969,1,Late,Medium Risk
7153,3,2,6,5,286,4,1,1,9,1282,1,1,1,1,1,1,0,0.4893412,0,On Time,Medium Risk
7154,4,2,5,1,257,5,1,1,9,1329,0,1,1,1,1,1,1,0.6450028,1,Late,High Risk
7155,0,2,5,4,223,5,1,1,2,1400,0,1,1,1,1,1,0,0.5679286,1,Late,Medium Risk
7156,1,2,4,5,239,5,1,0,7,1001,1,1,1,1,1,1,0,0.6108138,1,Late,High Risk
7157,2,2,4,5,246,6,1,1,1,1400,1,1,1,1,1,1,0,0.49849963,0,On Time,Medium Risk
7158,4,2,7,2,295,4,1,0,10,1587,0,1,1,1,1,1,1,0.6886301,1,Late,High Risk
7159,3,2,6,1,305,4,1,1,5,1588,0,1,1,1,1,1,1,0.7506864,1,Late,High Risk
7160,4,2,3,4,177,4,2,0,3,1148,0,0,1,1,0,1,0,0.55023706,1,Late,Medium Risk
7161,0,2,5,3,257,5,1,0,3,1262,1,1,1,1,1,1,0,0.5290418,1,Late,Medium Risk
7162,1,2,6,2,306,4,1,0,6,1123,0,1,1,1,1,1,1,0.70247597,1,Late,High Risk
7163,2,2,4,3,226,6,2,1,6,1704,1,1,1,1,1,1,0,0.590437,1,Late,Medium Risk
7164,4,2,4,5,228,5,1,1,9,1381,0,1,1,1,1,1,0,0.7363676,1,Late,High Risk
7165,3,2,5,4,225,5,1,1,7,1476,0,1,1,1,1,1,0,0.59604275,1,Late,Medium Risk
7166,4,2,7,5,289,4,1,0,5,1864,1,1,1,1,1,1,0,0.36525485,0,On Time,Medium Risk
7167,0,2,5,4,261,5,1,1,2,1409,0,1,1,1,1,1,0,0.6181866,1,Late,High Risk
7168,1,2,5,3,255,5,2,0,10,1886,0,1,1,1,1,1,0,0.6536822,1,Late,High Risk
7169,2,2,5,3,266,5,2,0,2,1510,1,1,1,1,1,1,0,0.6061347,1,Late,High Risk
7170,4,2,6,3,290,4,1,1,5,1784,0,1,1,1,1,1,0,0.4131318,0,On Time,Medium Risk
7171,3,2,4,5,235,5,1,1,6,1460,0,1,1,1,1,1,0,0.70220125,1,Late,High Risk
7172,4,2,6,4,250,4,1,1,3,1490,1,1,1,1,1,1,0,0.5823752,1,Late,Medium Risk
7173,0,2,5,3,245,5,1,0,3,1409,0,1,1,1,1,1,0,0.66103977,1,Late,High Risk
7174,1,2,6,4,286,4,2,1,9,1096,1,1,1,1,1,1,0,0.42687932,0,On Time,Medium Risk
7175,2,2,5,5,271,4,1,1,9,1989,0,1,1,1,1,1,0,0.5574665,1,Late,Medium Risk
7176,4,2,4,4,242,6,1,0,9,1192,1,1,1,1,1,1,0,0.5886135,1,Late,Medium Risk
7177,3,2,7,5,282,5,1,1,8,1091,1,1,1,1,1,1,0,0.51303536,1,Late,Medium Risk
7178,4,2,4,1,254,5,1,0,7,1003,0,1,1,1,1,1,1,0.8737225,1,Late,High Risk
7179,0,2,5,2,242,5,2,0,1,1004,1,1,1,1,1,1,1,0.5587968,1,Late,Medium Risk
7180,1,2,5,5,263,4,1,0,9,1551,0,1,1,1,1,1,0,0.7073789,1,Late,High Risk
7181,2,2,7,5,278,4,1,0,5,1126,1,1,1,1,1,1,0,0.43631005,0,On Time,Medium Risk
7182,4,2,6,5,255,4,1,1,3,1624,1,1,1,1,1,1,0,0.5631266,1,Late,Medium Risk
7183,3,2,4,4,184,3,1,1,4,1330,1,1,1,1,0,1,0,0.15590921,0,On Time,Low Risk
7184,4,2,6,4,257,4,2,0,9,1108,1,1,1,1,1,1,0,0.59246826,1,Late,Medium Risk
7185,0,2,3,2,214,2,2,1,3,1983,1,0,1,1,0,0,1,0.30982664,0,On Time,Medium Risk
7186,1,2,6,1,301,4,1,0,3,1200,1,1,1,1,1,1,1,0.69887096,1,Late,High Risk
7187,2,2,6,1,264,4,2,1,1,1273,0,1,1,1,1,1,1,0.5724926,1,Late,Medium Risk
7188,4,2,5,3,256,5,2,1,5,1080,1,1,1,1,1,1,0,0.6480328,1,Late,High Risk
7189,3,2,5,5,275,6,1,1,1,1507,0,1,1,1,1,1,0,0.6222864,1,Late,High Risk
7190,4,2,4,1,236,5,2,1,4,1953,0,1,1,1,1,1,1,0.77127045,1,Late,High Risk
7191,0,2,5,2,303,4,1,0,9,1224,1,1,1,1,1,1,1,0.55144143,1,Late,Medium Risk
7192,1,2,6,3,284,4,2,1,4,1652,1,1,1,1,1,1,0,0.62428135,1,Late,High Risk
7193,2,2,4,4,229,6,1,1,2,1279,0,1,1,1,1,1,0,0.6366162,1,Late,High Risk
7194,4,2,5,3,258,5,1,0,4,1665,1,1,1,1,1,1,0,0.53450704,1,Late,Medium Risk
7195,3,2,5,1,243,5,1,1,3,1066,1,1,1,1,1,1,1,0.45856935,0,On Time,Medium Risk
7196,4,2,6,1,306,4,2,1,8,1378,0,1,1,1,1,1,1,0.6536589,1,Late,High Risk
7197,0,2,4,2,235,6,1,1,6,1386,0,1,1,1,1,1,1,0.6958763,1,Late,High Risk
7198,1,2,4,3,150,4,1,0,4,1021,0,1,1,1,0,1,0,0.6808292,1,Late,High Risk
7199,2,2,6,4,291,4,1,0,5,1112,1,1,1,1,1,1,0,0.43952698,0,On Time,Medium Risk
7200,4,2,7,3,278,4,1,1,2,1038,1,1,1,1,1,1,0,0.37857595,0,On Time,Medium Risk
7201,3,2,5,5,240,6,1,0,10,1986,0,1,1,1,1,1,0,0.5250965,1,Late,Medium Risk
7202,4,2,6,1,272,4,2,1,10,1534,1,1,1,1,1,1,1,0.61379004,1,Late,High Risk
7203,0,2,5,5,246,5,1,0,6,1911,0,1,1,1,1,1,0,0.58899575,1,Late,Medium Risk
7204,1,2,6,2,266,4,2,1,3,1090,0,1,1,1,1,1,1,0.7284426,1,Late,High Risk
7205,2,2,5,4,252,5,1,0,10,1015,1,1,1,1,1,1,0,0.81056035,1,Late,High Risk
7206,4,2,6,5,254,4,1,0,2,1824,0,1,1,1,1,1,0,0.6129664,1,Late,High Risk
7207,3,2,7,3,305,4,2,0,3,1426,1,1,1,1,1,1,0,0.6470847,1,Late,High Risk
7208,4,2,6,5,307,4,0,1,3,1406,0,1,1,1,1,1,0,0.6061251,1,Late,High Risk
7209,0,2,6,4,278,5,1,1,5,1180,0,1,1,1,1,1,0,0.69562346,1,Late,High Risk
7210,1,2,6,3,265,5,2,1,10,1897,0,1,1,1,1,1,0,0.6622095,1,Late,High Risk
7211,2,2,6,5,248,4,1,0,10,1005,0,1,1,1,1,1,0,0.7163335,1,Late,High Risk
7212,4,2,7,5,299,4,1,1,4,1052,1,1,1,1,1,1,0,0.43854403,0,On Time,Medium Risk
7213,3,2,6,2,280,4,1,1,10,1866,1,1,1,1,1,1,1,0.6060345,1,Late,High Risk
7214,4,2,7,4,247,4,1,0,9,1228,0,1,1,1,1,1,0,0.43766975,0,On Time,Medium Risk
7215,0,2,6,1,273,4,1,1,3,1361,1,1,1,1,1,1,1,0.6063129,1,Late,High Risk
7216,1,2,6,2,254,5,1,1,7,1638,1,1,1,1,1,1,1,0.71416664,1,Late,High Risk
7217,2,2,5,2,246,5,2,0,9,1876,0,1,1,1,1,1,1,0.7438316,1,Late,High Risk
7218,4,2,7,4,251,5,1,1,3,1433,0,1,1,1,1,1,0,0.61060905,1,Late,High Risk
7219,3,2,5,5,262,5,1,1,9,1400,0,1,1,1,1,1,0,0.7279789,1,Late,High Risk
7220,4,2,5,1,245,5,1,0,3,1956,1,1,1,1,1,1,1,0.64985615,1,Late,High Risk
7221,0,2,4,2,273,5,2,0,8,2000,0,1,1,1,1,1,1,0.54399425,1,Late,Medium Risk
7222,1,2,3,1,268,4,2,0,4,5006,0,0,1,0,1,1,1,0.70882434,1,Late,High Risk
7223,2,2,4,2,244,5,1,0,7,5337,0,1,1,0,1,1,1,0.6799434,1,Late,High Risk
7224,4,2,3,3,260,2,1,1,6,5044,0,0,1,0,1,0,0,0.73514354,1,Late,High Risk
7225,3,2,3,1,271,3,1,1,4,4108,0,0,1,0,1,1,1,0.54887116,1,Late,Medium Risk
7226,4,2,5,4,219,2,2,0,5,4919,1,1,1,0,1,0,0,0.7040047,1,Late,High Risk
7227,0,2,4,1,193,3,2,0,9,5354,0,1,1,0,0,1,1,0.76527846,1,Late,High Risk
7228,1,2,5,5,149,3,2,1,9,5979,0,1,1,0,0,1,0,0.8210035,1,Late,High Risk
7229,2,2,3,5,268,2,1,0,4,5909,0,0,1,0,1,0,0,0.6885177,1,Late,High Risk
7230,4,2,3,5,151,2,1,1,3,5039,0,0,1,0,0,0,0,0.76942515,1,Late,High Risk
7231,3,2,4,3,171,2,2,1,10,5211,0,1,1,0,0,0,0,0.68535334,1,Late,High Risk
7232,4,2,3,3,202,2,2,0,1,5220,1,0,1,0,0,0,0,0.7104274,1,Late,High Risk
7233,0,2,5,2,174,4,2,1,8,5627,1,1,1,0,0,1,1,0.74418783,1,Late,High Risk
7234,1,2,4,2,227,3,2,1,7,4041,0,1,1,0,1,1,1,0.57574475,1,Late,Medium Risk
7235,2,1,6,3,175,4,1,1,3,4143,0,1,1,0,0,1,0,0.76285636,1,Late,High Risk
7236,4,1,3,4,191,3,2,1,6,4586,1,0,1,0,0,1,0,0.6007167,1,Late,High Risk
7237,3,1,4,5,240,3,1,0,5,5734,1,1,1,0,1,1,0,0.47396472,0,On Time,Medium Risk
7238,4,1,3,1,238,3,2,0,6,5092,0,0,1,0,1,1,1,0.6902951,1,Late,High Risk
7239,0,1,3,3,99,5,2,1,9,5470,0,0,1,0,0,1,0,0.6986102,1,Late,High Risk
7240,1,1,3,5,142,3,1,0,2,4619,0,0,1,0,0,1,0,0.83858216,1,Late,High Risk
7241,2,1,4,5,148,3,0,0,6,5473,1,1,1,0,0,1,0,0.66666996,1,Late,High Risk
7242,4,1,4,5,129,5,2,1,7,5554,1,1,1,0,0,1,0,0.3975856,0,On Time,Medium Risk
7243,3,1,6,3,262,6,0,1,5,4506,0,1,1,0,1,1,0,0.68457234,1,Late,High Risk
7244,4,1,4,4,190,2,1,1,2,4460,0,1,1,0,0,0,0,0.6823872,1,Late,High Risk
7245,0,1,5,1,268,5,2,1,1,4704,0,1,1,0,1,1,1,0.72480947,1,Late,High Risk
7246,1,1,3,5,205,4,1,1,2,5294,0,0,1,0,0,1,0,0.6866429,1,Late,High Risk
7247,2,1,3,1,186,2,2,1,3,5818,0,0,1,0,0,0,1,0.7364562,1,Late,High Risk
7248,4,1,3,2,185,4,1,0,8,5545,0,0,1,0,0,1,1,0.7296612,1,Late,High Risk
7249,3,1,5,4,173,3,1,1,9,5432,0,1,1,0,0,1,0,0.68302816,1,Late,High Risk
7250,4,1,3,2,208,2,0,1,1,4999,0,0,1,0,0,0,1,0.6777466,1,Late,High Risk
7251,0,1,5,1,177,2,2,1,9,4881,0,1,1,0,0,0,1,0.7107452,1,Late,High Risk
7252,1,1,3,1,190,3,1,0,1,5065,1,0,1,0,0,1,1,0.5369905,1,Late,Medium Risk
7253,2,1,5,4,257,3,2,0,3,4895,1,1,1,0,1,1,0,0.53235584,1,Late,Medium Risk
7254,4,1,3,4,168,3,2,1,5,5183,0,0,1,0,0,1,0,0.6809962,1,Late,High Risk
7255,3,1,3,2,229,3,1,1,2,4447,1,0,1,0,1,1,1,0.53373367,1,Late,Medium Risk
7256,4,1,4,1,152,2,0,1,2,5396,0,1,1,0,0,0,1,0.8163782,1,Late,High Risk
7257,0,0,5,4,154,2,2,1,10,5670,0,1,1,0,0,0,0,0.3748056,0,On Time,Medium Risk
7258,1,0,5,5,239,3,2,1,8,4975,0,1,1,0,1,1,0,0.6125884,1,Late,High Risk
7259,2,0,3,5,252,2,1,1,2,4888,1,0,1,0,1,0,0,0.51734495,1,Late,Medium Risk
7260,4,0,4,4,258,2,2,0,5,4363,1,1,1,0,1,0,0,0.62387425,1,Late,High Risk
7261,3,0,4,5,184,4,2,0,3,5430,1,1,1,0,0,1,0,0.68789226,1,Late,High Risk
7262,4,0,4,3,148,5,2,1,2,4065,1,1,1,0,0,1,0,0.5870177,1,Late,Medium Risk
7263,0,0,5,2,240,2,2,1,4,4447,1,1,1,0,1,0,1,0.5518851,1,Late,Medium Risk
7264,1,0,6,2,169,2,2,1,9,5580,0,1,1,0,0,0,1,0.7747567,1,Late,High Risk
7265,2,0,3,4,156,3,2,1,4,4519,1,0,1,0,0,1,0,0.7207169,1,Late,High Risk
7266,4,0,4,4,264,3,2,0,9,5555,1,1,1,0,1,1,0,0.60319877,1,Late,High Risk
7267,3,0,4,5,223,3,2,1,7,5832,1,1,1,0,1,1,0,0.5830674,1,Late,Medium Risk
7268,4,0,5,4,233,3,1,1,6,4275,1,1,1,0,1,1,0,0.6194029,1,Late,High Risk
7269,0,0,3,4,230,3,2,0,7,5891,0,0,1,0,1,1,0,0.6961415,1,Late,High Risk
7270,1,0,2,3,175,6,0,0,6,5341,1,0,1,0,0,1,0,0.4963375,0,On Time,Medium Risk
7271,2,0,4,3,155,3,0,0,2,4534,0,1,1,0,0,1,0,0.62057996,1,Late,High Risk
7272,4,0,4,2,220,2,2,1,5,5864,0,1,1,0,1,0,1,0.7881351,1,Late,High Risk
7273,3,0,4,2,283,2,0,0,1,4115,0,1,1,0,1,0,1,0.510664,1,Late,Medium Risk
7274,4,0,3,3,239,4,1,0,5,4084,1,0,1,0,1,1,0,0.4451741,0,On Time,Medium Risk
7275,0,0,5,2,248,2,1,0,10,4813,0,1,1,0,1,0,1,0.60940915,1,Late,High Risk
7276,1,0,4,3,256,3,1,0,4,5068,1,1,1,0,1,1,0,0.4599783,0,On Time,Medium Risk
7277,2,0,4,2,267,2,1,1,7,5746,1,1,1,0,1,0,1,0.43835694,0,On Time,Medium Risk
7278,4,0,3,5,207,4,1,1,10,4092,1,0,1,0,0,1,0,0.49268243,0,On Time,Medium Risk
7279,3,2,3,1,204,4,2,0,6,5926,1,0,1,0,0,1,1,0.63745916,1,Late,High Risk
7280,4,2,4,4,209,2,2,0,3,4407,0,1,1,0,0,0,0,0.7484435,1,Late,High Risk
7281,0,2,4,3,183,3,1,1,4,5866,0,1,1,0,0,1,0,0.6714451,1,Late,High Risk
7282,1,2,2,5,140,4,0,0,2,4636,1,0,1,0,0,1,0,0.7617796,1,Late,High Risk
7283,2,2,4,3,161,3,0,0,7,4799,1,1,1,0,0,1,0,0.4728797,0,On Time,Medium Risk
7284,4,2,4,3,151,3,2,0,9,4908,0,1,1,0,0,1,0,0.67893046,1,Late,High Risk
7285,3,2,5,4,257,2,2,1,10,5095,0,1,1,0,1,0,0,0.7261095,1,Late,High Risk
7286,4,2,3,4,199,3,2,0,3,4067,0,0,1,0,0,1,0,0.5537746,1,Late,Medium Risk
7287,0,2,4,1,191,2,1,0,4,5851,1,1,1,0,0,0,1,0.5713958,1,Late,Medium Risk
7288,1,2,3,5,236,2,1,1,10,5755,1,0,1,0,1,0,0,0.6082949,1,Late,High Risk
7289,2,2,4,3,217,3,2,0,7,4723,1,1,1,0,1,1,0,0.5433546,1,Late,Medium Risk
7290,4,2,5,3,202,2,1,0,6,5716,0,1,1,0,0,0,0,0.70312685,1,Late,High Risk
7291,3,2,3,4,246,3,0,0,1,4273,1,0,1,0,1,1,0,0.47387332,0,On Time,Medium Risk
7292,4,2,4,4,194,4,1,0,10,5024,0,1,1,0,0,1,0,0.71732676,1,Late,High Risk
7293,0,2,3,2,221,2,2,1,10,4715,1,0,1,0,1,0,1,0.6174633,1,Late,High Risk
7294,1,2,4,4,231,5,1,0,6,5482,0,1,1,0,1,1,0,0.7085089,1,Late,High Risk
7295,2,2,5,5,254,5,1,0,2,4426,0,1,1,0,1,1,0,0.6136036,1,Late,High Risk
7296,4,2,4,3,252,2,1,1,6,5266,1,1,1,0,1,0,0,0.6543249,1,Late,High Risk
7297,3,2,3,5,196,3,0,0,4,4569,0,0,1,0,0,1,0,0.6036376,1,Late,High Risk
7298,4,2,5,5,104,4,0,0,9,5652,0,1,1,0,0,1,0,0.46070385,0,On Time,Medium Risk
7299,0,2,5,5,156,4,1,0,5,5987,1,1,1,0,0,1,0,0.35505787,0,On Time,Medium Risk
7300,1,2,5,4,250,4,1,1,2,4183,0,1,1,0,1,1,0,0.63514155,1,Late,High Risk
7301,2,2,3,4,267,2,1,1,9,5940,0,0,1,0,1,0,0,0.7275996,1,Late,High Risk
7302,4,2,3,2,197,4,2,1,1,5210,1,0,1,0,0,1,1,0.762022,1,Late,High Risk
7303,3,2,3,4,227,4,1,0,9,5465,0,0,1,0,1,1,0,0.69611275,1,Late,High Risk
7304,4,2,5,1,248,3,1,0,2,4075,0,1,1,0,1,1,1,0.5645422,1,Late,Medium Risk
7305,0,2,3,3,274,3,2,1,3,5157,0,0,1,0,1,1,0,0.67569417,1,Late,High Risk
7306,1,2,6,1,232,6,1,1,4,5877,0,1,1,0,1,1,1,0.70808506,1,Late,High Risk
7307,2,2,3,2,181,3,1,1,4,5966,1,0,1,0,0,1,1,0.8329038,1,Late,High Risk
7308,4,2,2,5,101,3,1,1,10,4353,0,0,1,0,0,1,0,0.69549936,1,Late,High Risk
7309,3,2,4,4,161,2,2,0,8,4348,1,1,1,0,0,0,0,0.63997394,1,Late,High Risk
7310,4,2,4,2,268,2,2,0,8,4219,0,1,1,0,1,0,1,0.68600214,1,Late,High Risk
7311,0,2,4,4,218,4,2,0,10,4967,0,1,1,0,1,1,0,0.68997467,1,Late,High Risk
7312,1,2,3,2,192,3,1,1,1,4308,1,0,1,0,0,1,1,0.46592724,0,On Time,Medium Risk
7313,2,2,2,3,197,2,2,0,2,4277,0,0,1,0,0,0,0,0.70501703,1,Late,High Risk
7314,4,2,4,4,253,2,2,0,5,5624,0,1,1,0,1,0,0,0.76919526,1,Late,High Risk
7315,3,2,3,1,183,4,1,1,5,5326,0,0,1,0,0,1,1,0.7538078,1,Late,High Risk
7316,4,2,3,5,177,4,0,1,9,5311,0,0,1,0,0,1,0,0.58879274,1,Late,Medium Risk
7317,0,2,5,1,241,3,1,0,7,5134,1,1,1,0,1,1,1,0.6301894,1,Late,High Risk
7318,1,2,3,5,180,4,1,0,9,5105,1,0,1,0,0,1,0,0.68125844,1,Late,High Risk
7319,2,2,5,2,158,3,2,1,2,5221,0,1,1,0,0,1,1,0.74487394,1,Late,High Risk
7320,4,2,4,1,209,3,1,0,7,4808,1,1,1,0,0,1,1,0.72166383,1,Late,High Risk
7321,3,2,5,4,273,6,2,0,7,4058,1,1,1,0,1,1,0,0.39654604,0,On Time,Medium Risk
7322,4,2,6,2,226,4,0,0,7,5600,0,1,1,0,1,1,1,0.75189084,1,Late,High Risk
7323,0,2,4,3,178,3,2,1,6,4576,0,1,1,0,0,1,0,0.6455551,1,Late,High Risk
7324,1,2,5,1,151,6,2,1,2,4529,0,1,1,0,0,1,1,0.7977986,1,Late,High Risk
7325,2,2,3,1,212,2,2,1,7,5022,0,0,1,0,0,0,1,0.7602637,1,Late,High Risk
7326,4,2,3,2,239,4,2,0,10,4410,0,0,1,0,1,1,1,0.74779886,1,Late,High Risk
7327,3,2,5,3,257,5,2,1,5,4183,0,1,1,0,1,1,0,0.5882775,1,Late,Medium Risk
7328,4,2,3,3,165,2,1,1,8,5813,0,0,1,0,0,0,0,0.7578447,1,Late,High Risk
7329,0,2,4,3,183,2,2,0,8,5690,1,1,1,0,0,0,0,0.6182814,1,Late,High Risk
7330,1,2,4,5,135,3,1,1,1,5013,0,1,1,0,0,1,0,0.803913,1,Late,High Risk
7331,2,2,4,1,200,3,1,1,5,4686,0,1,1,0,0,1,1,0.62090665,1,Late,High Risk
7332,4,2,4,2,162,4,2,1,7,5294,0,1,1,0,0,1,1,0.7073942,1,Late,High Risk
7333,3,2,3,3,218,3,2,1,6,5288,1,0,1,0,1,1,0,0.63160676,1,Late,High Risk
7334,4,2,3,4,158,2,2,1,7,4744,0,0,1,0,0,0,0,0.7465031,1,Late,High Risk
7335,0,2,4,2,213,3,2,1,8,5214,1,1,1,0,0,1,1,0.70338875,1,Late,High Risk
7336,1,2,3,1,215,2,2,0,9,4940,0,0,1,0,1,0,1,0.70803696,1,Late,High Risk
7337,2,2,3,3,268,2,0,0,5,5195,0,0,1,0,1,0,0,0.64514893,1,Late,High Risk
7338,4,2,3,1,207,4,1,1,9,4252,0,0,1,0,0,1,1,0.8110848,1,Late,High Risk
7339,3,2,2,5,270,6,2,0,1,5675,0,0,1,0,1,1,0,0.687233,1,Late,High Risk
7340,4,2,5,2,245,2,1,1,6,5366,1,1,1,0,1,0,1,0.71144265,1,Late,High Risk
7341,0,2,4,2,154,2,2,0,6,4705,1,1,1,0,0,0,1,0.5362935,1,Late,Medium Risk
7342,1,2,3,1,155,3,2,0,2,5446,0,0,1,0,0,1,1,0.73779434,1,Late,High Risk
7343,2,2,4,4,238,3,1,0,7,4709,0,1,1,0,1,1,0,0.6367203,1,Late,High Risk
7344,4,2,3,2,151,2,2,1,1,5179,0,0,1,0,0,0,1,0.77049774,1,Late,High Risk
7345,3,2,3,4,185,2,1,1,4,5926,0,0,1,0,0,0,0,0.76532394,1,Late,High Risk
7346,4,2,4,3,171,3,2,0,8,4826,0,1,1,0,0,1,0,0.62384164,1,Late,High Risk
7347,0,2,3,2,206,2,1,0,7,4185,1,0,1,0,0,0,1,0.6703779,1,Late,High Risk
7348,1,2,3,3,232,2,1,1,5,4255,1,0,1,0,1,0,0,0.55474174,1,Late,Medium Risk
7349,2,2,4,2,187,2,2,0,7,5524,1,1,1,0,0,0,1,0.6966761,1,Late,High Risk
7350,4,2,4,4,209,3,2,1,8,5884,1,1,1,0,0,1,0,0.70044845,1,Late,High Risk
7351,3,2,4,2,262,3,1,1,2,4015,0,1,1,0,1,1,1,0.59968996,1,Late,Medium Risk
7352,4,2,3,2,154,3,1,0,6,5540,1,0,1,0,0,1,1,0.6508929,1,Late,High Risk
7353,0,2,5,1,163,3,2,0,1,5194,0,1,1,0,0,1,1,0.7236003,1,Late,High Risk
7354,1,2,4,1,257,2,1,1,7,4869,0,1,1,0,1,0,1,0.62574476,1,Late,High Risk
7355,2,2,3,5,265,4,1,0,8,5087,1,0,1,0,1,1,0,0.6290572,1,Late,High Risk
7356,4,2,3,2,220,3,1,0,7,5503,0,0,1,0,1,1,1,0.71333224,1,Late,High Risk
7357,3,2,3,1,201,3,1,0,6,4953,0,0,1,0,0,1,1,0.70301896,1,Late,High Risk
7358,4,2,2,4,268,4,1,1,5,4400,1,0,1,0,1,1,0,0.6917195,1,Late,High Risk
7359,0,2,4,1,139,3,2,1,7,4550,0,1,1,0,0,1,1,0.7296904,1,Late,High Risk
7360,1,2,3,5,241,4,1,0,3,5051,0,0,1,0,1,1,0,0.6099547,1,Late,High Risk
7361,2,2,4,4,145,3,0,1,2,5665,0,1,1,0,0,1,0,0.679491,1,Late,High Risk
7362,4,2,4,3,157,3,2,1,9,4990,0,1,1,0,0,1,0,0.5841503,1,Late,Medium Risk
7363,3,2,4,3,203,2,2,0,7,4185,0,1,1,0,0,0,0,0.63437533,1,Late,High Risk
7364,4,2,4,4,163,3,2,1,7,4463,0,1,1,0,0,1,0,0.66577667,1,Late,High Risk
7365,0,2,4,1,263,2,1,0,5,4010,1,1,1,0,1,0,1,0.5658602,1,Late,Medium Risk
7366,1,2,5,5,258,4,0,0,5,4562,0,1,1,0,1,1,0,0.6236554,1,Late,High Risk
7367,2,2,5,3,251,3,2,0,8,4228,1,1,1,0,1,1,0,0.58573663,1,Late,Medium Risk
7368,4,2,3,4,140,6,1,1,9,4558,0,0,1,0,0,1,0,0.7619209,1,Late,High Risk
7369,3,2,4,1,179,4,2,0,2,4071,1,1,1,0,0,1,1,0.6127666,1,Late,High Risk
7370,4,2,5,4,211,2,2,0,7,4734,0,1,1,0,0,0,0,0.74128836,1,Late,High Risk
7371,0,2,3,1,271,2,2,0,7,4569,0,0,1,0,1,0,1,0.70914924,1,Late,High Risk
7372,1,1,4,4,181,3,2,1,1,5444,0,1,1,0,0,1,0,0.75564766,1,Late,High Risk
7373,2,1,2,1,130,4,2,0,10,4726,0,0,1,0,0,1,1,0.85924244,1,Late,High Risk
7374,4,1,5,4,264,3,0,1,9,5841,1,1,1,0,1,1,0,0.3948466,0,On Time,Medium Risk
7375,3,1,4,2,221,3,1,0,7,4856,0,1,1,0,1,1,1,0.62910783,1,Late,High Risk
7376,4,1,3,1,194,2,2,0,1,5931,0,0,1,0,0,0,1,0.6772705,1,Late,High Risk
7377,0,1,3,1,201,2,2,0,4,4857,1,0,1,0,0,0,1,0.5910466,1,Late,Medium Risk
7378,1,1,3,5,166,2,2,1,6,4523,1,0,1,0,0,0,0,0.82327586,1,Late,High Risk
7379,2,1,5,4,254,2,1,1,9,5658,1,1,1,0,1,0,0,0.6788901,1,Late,High Risk
7380,4,1,4,3,144,3,1,0,7,5496,0,1,1,0,0,1,0,0.6118513,1,Late,High Risk
7381,3,1,5,2,171,2,1,1,6,4236,0,1,1,0,0,0,1,0.718721,1,Late,High Risk
7382,4,1,6,4,240,3,1,0,9,4986,1,1,1,0,1,1,0,0.67687774,1,Late,High Risk
7383,0,1,6,3,232,5,0,1,10,4576,1,1,1,0,1,1,0,0.5681114,1,Late,Medium Risk
7384,1,1,5,4,145,6,2,1,6,4403,0,1,1,0,0,1,0,0.6375993,1,Late,High Risk
7385,2,1,3,3,275,4,2,1,2,4086,1,0,1,0,1,1,0,0.48443833,0,On Time,Medium Risk
7386,4,1,3,1,146,10,1,0,5,4032,1,0,1,0,0,1,1,0.38686502,0,On Time,Medium Risk
7387,3,1,5,5,207,2,0,1,8,5066,1,1,1,0,0,0,0,0.60851294,1,Late,High Risk
7388,4,1,4,1,157,7,1,0,7,4385,0,1,1,0,0,1,1,0.693893,1,Late,High Risk
7389,0,1,4,2,146,8,1,1,7,5245,1,1,1,0,0,1,1,0.5035323,1,Late,Medium Risk
7390,1,1,4,1,139,8,2,1,6,5667,1,1,1,0,0,1,1,0.47687593,0,On Time,Medium Risk
7391,2,1,3,5,223,7,0,1,8,4178,1,0,1,0,1,1,0,0.40873018,0,On Time,Medium Risk
7392,4,1,5,2,224,2,2,0,10,5674,0,1,1,0,1,0,1,0.76186377,1,Late,High Risk
7393,3,1,5,3,174,3,2,0,6,5064,1,1,1,0,0,1,0,0.58298767,1,Late,Medium Risk
7394,4,0,4,5,152,7,1,1,9,4224,0,1,1,0,0,1,0,0.71562713,1,Late,High Risk
7395,0,0,4,2,223,5,2,0,3,4480,0,1,1,0,1,1,1,0.6966116,1,Late,High Risk
7396,1,0,5,2,223,5,1,0,5,1010,1,1,1,1,1,1,1,0.7219044,1,Late,High Risk
7397,2,0,4,2,239,5,1,0,10,1429,0,1,1,1,1,1,1,0.7634308,1,Late,High Risk
7398,4,0,4,2,246,6,1,1,5,1622,0,1,1,1,1,1,1,0.6588844,1,Late,High Risk
7399,3,0,7,3,295,4,1,0,9,1235,0,1,1,1,1,1,0,0.6880102,1,Late,High Risk
7400,4,0,6,5,305,4,1,0,7,1099,1,1,1,1,1,1,0,0.54204416,1,Late,Medium Risk
7401,0,0,3,4,177,4,2,1,5,1854,0,0,1,1,0,1,0,0.5332904,1,Late,Medium Risk
7402,1,0,5,4,257,5,1,0,1,1778,1,1,1,1,1,1,0,0.47994426,0,On Time,Medium Risk
7403,2,0,6,3,306,4,1,0,5,1490,1,1,1,1,1,1,0,0.5489931,1,Late,Medium Risk
7404,4,0,4,3,226,6,2,1,10,1174,0,1,1,1,1,1,0,0.74453557,1,Late,High Risk
7405,3,0,4,1,228,5,1,0,6,1727,1,1,1,1,1,1,1,0.69131833,1,Late,High Risk
7406,4,0,5,3,225,5,1,0,6,1082,0,1,1,1,1,1,0,0.8230054,1,Late,High Risk
7407,0,0,7,5,289,4,1,1,10,1385,0,1,1,1,1,1,0,0.74366695,1,Late,High Risk
7408,1,0,5,1,261,5,1,0,10,1713,0,1,1,1,1,1,1,0.6030068,1,Late,High Risk
7409,2,0,5,2,255,5,2,1,4,1634,0,1,1,1,1,1,1,0.622849,1,Late,High Risk
7410,4,0,5,4,266,5,2,1,8,1592,1,1,1,1,1,1,0,0.6882494,1,Late,High Risk
7411,3,0,6,4,290,4,1,0,3,1544,1,1,1,1,1,1,0,0.52335536,1,Late,Medium Risk
7412,4,0,4,3,235,5,1,0,4,1839,1,1,1,1,1,1,0,0.64374816,1,Late,High Risk
7413,0,0,6,5,250,4,1,1,8,1689,0,1,1,1,1,1,0,0.74216634,1,Late,High Risk
7414,1,0,5,4,245,5,1,0,5,1293,1,1,1,1,1,1,0,0.68121284,1,Late,High Risk
7415,2,0,6,3,286,4,2,0,7,1132,1,1,1,1,1,1,0,0.4227955,0,On Time,Medium Risk
7416,4,2,5,4,271,4,1,0,5,1184,1,1,1,1,1,1,0,0.6452013,1,Late,High Risk
7417,3,2,4,1,242,6,1,1,4,1791,1,1,1,1,1,1,1,0.56087786,1,Late,Medium Risk
7418,4,2,7,5,282,5,1,1,7,1260,1,1,1,1,1,1,0,0.43025315,0,On Time,Medium Risk
7419,0,2,4,4,254,5,1,1,9,1654,1,1,1,1,1,1,0,0.64197725,1,Late,High Risk
7420,1,2,5,5,242,5,2,1,3,1444,1,1,1,1,1,1,0,0.6124187,1,Late,High Risk
7421,2,2,5,4,263,4,1,0,10,1995,0,1,1,1,1,1,0,0.4308658,0,On Time,Medium Risk
7422,4,2,7,5,278,4,1,1,1,1210,0,1,1,1,1,1,0,0.5442538,1,Late,Medium Risk
7423,3,2,6,1,255,4,1,1,9,1575,0,1,1,1,1,1,1,0.75591475,1,Late,High Risk
7424,4,2,4,2,184,3,1,1,3,1705,1,1,1,1,0,1,1,0.20132309,0,On Time,Low Risk
7425,0,2,6,2,257,4,2,1,2,1012,0,1,1,1,1,1,1,0.82426584,1,Late,High Risk
7426,1,2,3,2,214,2,2,1,7,1693,0,0,1,1,0,0,1,0.43593282,0,On Time,Medium Risk
7427,2,2,2,3,130,4,2,1,10,4363,0,0,1,0,0,1,0,0.8737995,1,Late,High Risk
7428,4,2,5,5,264,3,0,0,3,5835,1,1,1,0,1,1,0,0.39668745,0,On Time,Medium Risk
7429,3,2,4,2,221,3,1,1,10,4126,0,1,1,0,1,1,1,0.6501798,1,Late,High Risk
7430,4,2,3,5,194,2,2,0,7,4809,0,0,1,0,0,0,0,0.6972813,1,Late,High Risk
7431,0,2,3,5,201,2,2,1,2,4440,0,0,1,0,0,0,0,0.6950286,1,Late,High Risk
7432,1,2,3,2,166,2,2,1,6,4765,0,0,1,0,0,0,1,0.7064883,1,Late,High Risk
7433,2,2,5,2,254,2,1,0,5,4985,1,1,1,0,1,0,1,0.57629144,1,Late,Medium Risk
7434,4,2,4,4,144,3,1,0,7,5351,1,1,1,0,0,1,0,0.65093976,1,Late,High Risk
7435,3,2,5,1,171,2,1,1,9,5252,0,1,1,0,0,0,1,0.7815794,1,Late,High Risk
7436,4,2,6,5,240,3,1,1,4,5219,1,1,1,0,1,1,0,0.5035686,1,Late,Medium Risk
7437,0,2,6,1,232,5,0,1,10,4345,0,1,1,0,1,1,1,0.6086387,1,Late,High Risk
7438,1,2,5,2,145,6,2,1,9,4243,0,1,1,0,0,1,1,0.7808915,1,Late,High Risk
7439,2,2,3,5,275,4,2,1,10,5066,0,0,1,0,1,1,0,0.65969336,1,Late,High Risk
7440,4,2,3,5,146,10,1,1,9,4128,0,0,1,0,0,1,0,0.76226133,1,Late,High Risk
7441,3,2,5,1,207,2,0,1,3,4083,0,1,1,0,0,0,1,0.6611466,1,Late,High Risk
7442,4,2,4,3,157,7,1,0,3,4878,1,1,1,0,0,1,0,0.52525854,1,Late,Medium Risk
7443,0,2,4,1,146,8,1,1,7,4576,0,1,1,0,0,1,1,0.7011992,1,Late,High Risk
7444,1,2,4,2,139,8,2,0,2,5012,1,1,1,0,0,1,1,0.59626275,1,Late,Medium Risk
7445,2,2,3,1,223,7,0,1,5,4439,1,0,1,0,1,1,1,0.3888569,0,On Time,Medium Risk
7446,4,2,5,3,224,2,2,1,1,5603,0,1,1,0,1,0,0,0.75759625,1,Late,High Risk
7447,3,2,5,2,174,3,2,0,10,4902,1,1,1,0,0,1,1,0.65721285,1,Late,High Risk
7448,4,2,4,1,152,7,1,0,5,5325,1,1,1,0,0,1,1,0.59283984,1,Late,Medium Risk
7449,0,2,4,5,223,5,2,1,4,4704,0,1,1,0,1,1,0,0.6695405,1,Late,High Risk
7450,1,2,5,2,223,5,1,1,2,1232,1,1,1,1,1,1,1,0.6775087,1,Late,High Risk
7451,2,2,4,4,239,5,1,1,6,1986,1,1,1,1,1,1,0,0.592964,1,Late,Medium Risk
7452,4,2,4,1,246,6,1,1,4,1489,0,1,1,1,1,1,1,0.5894259,1,Late,Medium Risk
7453,3,2,7,4,295,4,1,0,10,1217,1,1,1,1,1,1,0,0.43767396,0,On Time,Medium Risk
7454,4,2,6,5,305,4,1,0,6,1787,1,1,1,1,1,1,0,0.44005978,0,On Time,Medium Risk
7455,0,2,3,3,177,4,2,0,4,1560,1,0,1,1,0,1,0,0.44701478,0,On Time,Medium Risk
7456,1,2,5,3,257,5,1,0,8,1409,0,1,1,1,1,1,0,0.6786314,1,Late,High Risk
7457,2,2,6,4,306,4,1,0,5,1703,1,1,1,1,1,1,0,0.41445816,0,On Time,Medium Risk
7458,4,2,4,5,226,6,2,0,10,1348,1,1,1,1,1,1,0,0.6522951,1,Late,High Risk
7459,3,2,4,4,228,5,1,1,6,1853,1,1,1,1,1,1,0,0.6174406,1,Late,High Risk
7460,4,2,5,5,225,5,1,0,9,1646,1,1,1,1,1,1,0,0.6619744,1,Late,High Risk
7461,0,2,7,2,289,4,1,1,5,1918,1,1,1,1,1,1,1,0.43075487,0,On Time,Medium Risk
7462,1,2,5,1,261,5,1,1,5,1837,1,1,1,1,1,1,1,0.50065696,1,Late,Medium Risk
7463,2,2,5,1,255,5,2,1,9,1156,1,1,1,1,1,1,1,0.6074699,1,Late,High Risk
7464,4,2,5,5,266,5,2,1,7,1440,0,1,1,1,1,1,0,0.69586265,1,Late,High Risk
7465,3,2,6,5,290,4,1,1,6,1929,0,1,1,1,1,1,0,0.5250114,1,Late,Medium Risk
7466,4,2,4,1,235,5,1,1,9,1821,1,1,1,1,1,1,1,0.7097055,1,Late,High Risk
7467,0,2,6,4,250,4,1,1,2,1969,1,1,1,1,1,1,0,0.5112834,1,Late,Medium Risk
7468,1,2,5,1,245,5,1,0,5,1996,1,1,1,1,1,1,1,0.46821383,0,On Time,Medium Risk
7469,2,2,6,1,286,4,2,1,1,1636,0,1,1,1,1,1,1,0.70255363,1,Late,High Risk
7470,4,2,5,5,271,4,1,1,8,1132,1,1,1,1,1,1,0,0.52186084,1,Late,Medium Risk
7471,3,2,4,1,242,6,1,1,8,1419,1,1,1,1,1,1,1,0.45997927,0,On Time,Medium Risk
7472,4,2,7,2,282,5,1,1,6,1744,1,1,1,1,1,1,1,0.50485325,1,Late,Medium Risk
7473,0,2,4,4,254,5,1,1,2,1573,1,1,1,1,1,1,0,0.559639,1,Late,Medium Risk
7474,1,2,5,4,242,5,2,1,1,1824,1,1,1,1,1,1,0,0.5938492,1,Late,Medium Risk
7475,2,2,5,4,263,4,1,0,2,1625,0,1,1,1,1,1,0,0.60210073,1,Late,High Risk
7476,4,2,5,3,246,5,2,1,4,1257,1,1,1,1,1,1,0,0.6332324,1,Late,High Risk
7477,3,2,7,3,251,5,1,0,8,1616,1,1,1,1,1,1,0,0.5579803,1,Late,Medium Risk
7478,4,2,5,2,262,5,1,1,4,1509,1,1,1,1,1,1,1,0.64511555,1,Late,High Risk
7479,0,2,5,5,245,5,1,0,1,1924,1,1,1,1,1,1,0,0.4814089,0,On Time,Medium Risk
7480,1,2,4,5,273,5,2,0,7,1409,0,1,1,1,1,1,0,0.6137476,1,Late,High Risk
7481,2,2,7,2,272,4,2,1,9,1188,1,1,1,1,1,1,1,0.61571145,1,Late,High Risk
7482,4,2,5,5,269,5,1,1,4,1454,0,1,1,1,1,1,0,0.703103,1,Late,High Risk
7483,3,2,4,2,263,5,1,0,5,1874,0,1,1,1,1,1,1,0.61402327,1,Late,High Risk
7484,4,2,6,4,284,4,1,1,7,1584,0,1,1,1,1,1,0,0.59901,1,Late,Medium Risk
7485,0,2,5,2,232,5,2,0,10,1916,0,1,1,1,1,1,1,0.73224443,1,Late,High Risk
7486,1,2,6,2,219,5,1,0,9,1071,0,1,1,1,1,1,1,0.7549389,1,Late,High Risk
7487,2,2,4,2,206,4,2,0,5,1679,0,1,1,1,0,1,1,0.6506848,1,Late,High Risk
7488,4,2,5,1,242,5,2,1,8,1382,1,1,1,1,1,1,1,0.72084045,1,Late,High Risk
7489,3,2,5,5,250,4,2,0,8,1247,1,1,1,1,1,1,0,0.59312457,1,Late,Medium Risk
7490,4,2,7,3,267,4,2,1,8,1892,1,1,1,1,1,1,0,0.55410594,1,Late,Medium Risk
7491,0,2,6,4,269,4,2,0,1,1872,0,1,1,1,1,1,0,0.57713807,1,Late,Medium Risk
7492,1,2,4,2,248,6,1,1,1,1415,1,1,1,1,1,1,1,0.4296837,0,On Time,Medium Risk
7493,2,2,3,3,154,4,2,0,7,1915,0,0,1,1,0,1,0,0.38325903,0,On Time,Medium Risk
7494,4,2,3,3,239,3,1,0,4,1399,0,0,1,1,1,1,0,0.4426565,0,On Time,Medium Risk
7495,3,2,4,5,269,5,1,0,3,1118,0,1,1,1,1,1,0,0.675806,1,Late,High Risk
7496,4,2,4,1,239,5,1,0,8,1048,0,1,1,1,1,1,1,0.69029605,1,Late,High Risk
7497,0,2,5,5,237,5,1,0,1,1526,0,1,1,1,1,1,0,0.5622946,1,Late,Medium Risk
7498,1,2,5,4,231,6,2,0,3,1075,0,1,1,1,1,1,0,0.7888996,1,Late,High Risk
7499,2,2,5,5,249,5,2,1,5,1662,1,1,1,1,1,1,0,0.5934499,1,Late,Medium Risk
7500,4,2,5,5,262,6,1,0,5,1418,1,1,1,1,1,1,0,0.60679775,1,Late,High Risk
7501,3,2,7,2,300,4,2,0,10,1179,0,1,1,1,1,1,1,0.61384034,1,Late,High Risk
7502,4,2,7,1,265,4,2,0,3,1357,1,1,1,1,1,1,1,0.55819225,1,Late,Medium Risk
7503,0,2,5,1,270,5,0,0,6,1836,1,1,1,1,1,1,1,0.488547,0,On Time,Medium Risk
7504,1,2,4,2,265,5,1,1,8,1555,0,1,1,1,1,1,1,0.65792125,1,Late,High Risk
7505,2,2,6,2,263,4,1,0,1,1258,1,1,1,1,1,1,1,0.49448118,0,On Time,Medium Risk
7506,4,2,7,3,305,4,1,0,3,1872,0,1,1,1,1,1,0,0.54874116,1,Late,Medium Risk
7507,3,2,7,5,253,4,1,0,6,1344,1,1,1,1,1,1,0,0.5366433,1,Late,Medium Risk
7508,4,2,5,2,248,5,2,0,9,1973,0,1,1,1,1,1,1,0.6870753,1,Late,High Risk
7509,0,1,6,4,290,4,1,1,3,1710,0,1,1,1,1,1,0,0.6658878,1,Late,High Risk
7510,1,1,5,4,239,5,1,0,10,1042,1,1,1,1,1,1,0,0.6547259,1,Late,High Risk
7511,2,1,7,1,282,4,1,0,2,1566,0,1,1,1,1,1,1,0.69123775,1,Late,High Risk
7512,4,1,7,5,275,4,1,0,3,1107,0,1,1,1,1,1,0,0.7271553,1,Late,High Risk
7513,3,1,5,2,268,5,2,0,5,1876,1,1,1,1,1,1,1,0.717105,1,Late,High Risk
7514,4,1,6,1,253,4,1,1,10,1962,0,1,1,1,1,1,1,0.6924606,1,Late,High Risk
7515,0,1,6,2,294,4,2,1,10,1148,0,1,1,1,1,1,1,0.60463977,1,Late,High Risk
7516,1,1,5,5,240,5,2,1,7,1255,0,1,1,1,1,1,0,0.6754694,1,Late,High Risk
7517,2,1,5,4,228,5,1,1,5,1844,0,1,1,1,1,1,0,0.63804823,1,Late,High Risk
7518,4,1,3,1,179,2,1,1,3,5159,1,0,1,0,0,0,1,0.64983076,1,Late,High Risk
7519,3,1,6,2,260,3,1,1,2,4071,0,1,1,0,1,1,1,0.6581889,1,Late,High Risk
7520,4,1,4,4,155,3,1,0,2,4094,1,1,1,0,0,1,0,0.35592064,0,On Time,Medium Risk
7521,0,1,3,5,204,2,1,1,1,4133,0,0,1,0,0,0,0,0.5955815,1,Late,Medium Risk
7522,1,1,2,2,247,3,2,0,9,4284,1,0,1,0,1,1,1,0.60259324,1,Late,High Risk
7523,2,1,4,3,213,3,2,1,7,5947,0,1,1,0,0,1,0,0.7235115,1,Late,High Risk
7524,4,1,4,1,252,3,1,1,4,5119,1,1,1,0,1,1,1,0.6716565,1,Late,High Risk
7525,3,1,4,3,165,2,2,1,10,4351,0,1,1,0,0,0,0,0.65412575,1,Late,High Risk
7526,4,1,4,3,174,3,1,0,3,4846,1,1,1,0,0,1,0,0.61400294,1,Late,High Risk
7527,0,1,3,3,157,3,1,0,6,5187,0,0,1,0,0,1,0,0.69694763,1,Late,High Risk
7528,1,1,4,2,177,3,1,0,4,4550,0,1,1,0,0,1,1,0.7636251,1,Late,High Risk
7529,2,1,3,3,140,2,1,0,3,5713,0,0,1,0,0,0,0,0.6933569,1,Late,High Risk
7530,4,1,5,2,204,5,1,1,3,5723,1,1,1,0,0,1,1,0.62530154,1,Late,High Risk
7531,3,0,3,4,174,3,1,0,10,4998,1,0,1,0,0,1,0,0.61646163,1,Late,High Risk
7532,4,0,4,4,148,2,1,1,4,5437,0,1,1,0,0,0,0,0.7973169,1,Late,High Risk
7533,0,0,3,1,166,5,1,0,8,4759,1,0,1,0,0,1,1,0.7073281,1,Late,High Risk
7534,1,0,5,2,232,3,1,1,5,5607,1,1,1,0,1,1,1,0.62915456,1,Late,High Risk
7535,2,0,4,2,191,4,1,1,7,5507,1,1,1,0,0,1,1,0.50249577,1,Late,Medium Risk
7536,4,0,4,2,270,3,2,0,4,5566,0,1,1,0,1,1,1,0.61228764,1,Late,High Risk
7537,3,0,2,5,263,4,2,0,4,4042,1,0,1,0,1,1,0,0.39007217,0,On Time,Medium Risk
7538,4,0,3,1,214,2,1,0,3,5595,1,0,1,0,0,0,1,0.6748882,1,Late,High Risk
7539,0,0,3,1,153,3,1,1,9,4404,0,0,1,0,0,1,1,0.68811053,1,Late,High Risk
7540,1,0,6,3,218,3,1,1,6,4594,0,1,1,0,1,1,0,0.5934735,1,Late,Medium Risk
7541,2,0,5,5,201,3,2,0,10,5121,1,1,1,0,0,1,0,0.51587677,1,Late,Medium Risk
7542,4,0,4,4,265,3,1,1,9,5508,0,1,1,0,1,1,0,0.63520515,1,Late,High Risk
7543,3,0,6,3,226,3,0,0,4,4604,1,1,1,0,1,1,0,0.48609525,0,On Time,Medium Risk
7544,4,0,4,4,155,3,2,1,6,5033,1,1,1,0,0,1,0,0.5746963,1,Late,Medium Risk
7545,0,0,5,2,146,3,1,0,7,4524,1,1,1,0,0,1,1,0.6985953,1,Late,High Risk
7546,1,0,3,1,177,3,1,0,9,4890,1,0,1,0,0,1,1,0.66848534,1,Late,High Risk
7547,2,0,5,5,171,3,2,0,6,4209,1,1,1,0,0,1,0,0.63968074,1,Late,High Risk
7548,4,0,4,2,149,2,1,1,2,4026,1,1,1,0,0,0,1,0.61606187,1,Late,High Risk
7549,3,0,5,2,268,3,2,1,8,5385,1,1,1,0,1,1,1,0.4676919,0,On Time,Medium Risk
7550,4,0,3,2,150,3,0,1,2,5502,0,0,1,0,0,1,1,0.8489297,1,Late,High Risk
7551,0,0,3,3,217,2,0,0,9,5554,1,0,1,0,1,0,0,0.5646343,1,Late,Medium Risk
7552,1,0,4,1,205,2,1,1,10,4086,0,1,1,0,0,0,1,0.595159,1,Late,Medium Risk
7553,2,2,4,2,220,2,1,0,6,5543,0,1,1,0,1,0,1,0.7365527,1,Late,High Risk
7554,4,2,3,3,168,2,1,0,10,4583,1,0,1,0,0,0,0,0.63374263,1,Late,High Risk
7555,3,2,5,5,203,5,2,1,1,5356,1,1,1,0,0,1,0,0.7574033,1,Late,High Risk
7556,4,2,3,4,235,2,2,1,7,4013,1,0,1,0,1,0,0,0.50956506,1,Late,Medium Risk
7557,0,2,3,3,261,3,2,1,4,5482,1,0,1,0,1,1,0,0.49295098,0,On Time,Medium Risk
7558,1,2,4,3,266,3,0,0,2,5298,0,1,1,0,1,1,0,0.46780112,0,On Time,Medium Risk
7559,2,2,5,4,154,5,1,1,6,5659,1,1,1,0,0,1,0,0.53967965,1,Late,Medium Risk
7560,4,2,4,1,268,4,2,0,2,4543,0,1,1,0,1,1,1,0.7287884,1,Late,High Risk
7561,3,2,2,2,169,3,2,0,4,5485,1,0,1,0,0,1,1,0.61739224,1,Late,High Risk
7562,4,2,3,3,165,4,2,1,2,4176,1,0,1,0,0,1,0,0.6643219,1,Late,High Risk
7563,0,2,4,4,171,2,1,1,7,5190,1,1,1,0,0,0,0,0.70342916,1,Late,High Risk
7564,1,2,4,5,275,5,1,0,6,4450,0,1,1,0,1,1,0,0.6892058,1,Late,High Risk
7565,2,2,3,4,184,3,1,1,7,5438,0,0,1,0,0,1,0,0.7256612,1,Late,High Risk
7566,4,2,4,2,236,3,1,1,4,4800,0,1,1,0,1,1,1,0.6745376,1,Late,High Risk
7567,3,2,4,3,261,4,2,1,9,5116,1,1,1,0,1,1,0,0.59353673,1,Late,Medium Risk
7568,4,2,3,1,251,2,1,0,7,5368,1,0,1,0,1,0,1,0.62488335,1,Late,High Risk
7569,0,2,3,3,202,4,1,0,3,4003,1,0,1,0,0,1,0,0.3841755,0,On Time,Medium Risk
7570,1,2,4,1,155,3,1,0,4,4397,0,1,1,0,0,1,1,0.69303095,1,Late,High Risk
7571,2,2,3,3,157,4,1,0,2,5715,1,0,1,0,0,1,0,0.61781,1,Late,High Risk
7572,4,2,4,1,191,3,1,1,2,5189,0,1,1,0,0,1,1,0.73718566,1,Late,High Risk
7573,3,2,3,5,194,3,1,1,6,4295,1,0,1,0,0,1,0,0.62367684,1,Late,High Risk
7574,4,2,3,5,154,2,2,1,6,4675,1,0,1,0,0,0,0,0.552635,1,Late,Medium Risk
7575,0,2,3,5,270,3,2,1,5,4843,1,0,1,0,1,1,0,0.5862059,1,Late,Medium Risk
7576,1,2,4,4,259,3,1,0,8,4223,1,1,1,0,1,1,0,0.55838233,1,Late,Medium Risk
7577,2,2,5,3,156,4,1,0,9,4098,0,1,1,0,0,1,0,0.61316323,1,Late,High Risk
7578,4,2,5,3,236,4,2,1,7,4308,0,1,1,0,1,1,0,0.66826916,1,Late,High Risk
7579,3,2,4,4,188,3,1,1,7,5720,0,1,1,0,0,1,0,0.6175613,1,Late,High Risk
7580,4,2,6,3,183,4,2,1,3,4842,0,1,1,0,0,1,0,0.7412871,1,Late,High Risk
7581,0,2,4,4,149,3,2,1,6,5508,0,1,1,0,0,1,0,0.7556471,1,Late,High Risk
7582,1,2,5,4,199,4,1,0,7,5740,0,1,1,0,0,1,0,0.65904534,1,Late,High Risk
7583,2,2,4,4,245,2,1,0,2,4297,1,1,1,0,1,0,0,0.57881975,1,Late,Medium Risk
7584,4,2,3,2,158,3,2,0,1,5438,0,0,1,0,0,1,1,0.74560374,1,Late,High Risk
7585,3,2,3,5,146,5,1,0,3,5489,0,0,1,0,0,1,0,0.7936823,1,Late,High Risk
7586,4,2,5,5,260,3,2,1,8,4586,1,1,1,0,1,1,0,0.5924343,1,Late,Medium Risk
7587,0,2,5,1,238,6,2,1,10,5508,0,1,1,0,1,1,1,0.69151616,1,Late,High Risk
7588,1,2,4,1,201,6,2,0,8,5529,0,1,1,0,0,1,1,0.6802764,1,Late,High Risk
7589,2,2,3,1,220,4,2,1,7,5894,1,0,1,0,1,1,1,0.67409474,1,Late,High Risk
7590,4,2,4,4,172,4,2,1,7,4834,0,1,1,0,0,1,0,0.6455642,1,Late,High Risk
7591,3,2,4,2,274,3,2,0,7,4477,1,1,1,0,1,1,1,0.57386625,1,Late,Medium Risk
7592,4,2,5,2,169,3,2,1,3,5692,0,1,1,0,0,1,1,0.72237223,1,Late,High Risk
7593,0,2,5,1,256,2,2,0,1,5352,1,1,1,0,1,0,1,0.6456907,1,Late,High Risk
7594,1,2,5,3,150,4,2,0,1,5211,0,1,1,0,0,1,0,0.7918911,1,Late,High Risk
7595,2,2,3,3,176,3,1,0,10,5284,1,0,1,0,0,1,0,0.59396493,1,Late,Medium Risk
7596,4,2,5,2,269,2,2,0,9,5672,0,1,1,0,1,0,1,0.64003694,1,Late,High Risk
7597,3,2,3,5,224,2,1,0,10,4380,1,0,1,0,1,0,0,0.6230218,1,Late,High Risk
7598,4,2,5,4,201,3,1,0,5,5137,0,1,1,0,0,1,0,0.69402516,1,Late,High Risk
7599,0,2,3,1,179,2,2,1,2,4085,0,0,1,0,0,0,1,0.62709117,1,Late,High Risk
7600,1,2,5,3,245,4,1,1,1,5743,0,1,1,0,1,1,0,0.5366235,1,Late,Medium Risk
7601,2,2,4,3,139,2,0,0,2,4041,1,1,1,0,0,0,0,0.4130265,0,On Time,Medium Risk
7602,4,2,3,3,261,4,2,0,4,4307,1,0,1,0,1,1,0,0.57627314,1,Late,Medium Risk
7603,3,2,4,3,147,3,2,1,1,5454,0,1,1,0,0,1,0,0.7540803,1,Late,High Risk
7604,4,2,4,1,240,4,2,1,7,4818,1,1,1,0,1,1,1,0.58917534,1,Late,Medium Risk
7605,0,2,3,5,224,3,1,1,6,5115,0,0,1,0,1,1,0,0.6570422,1,Late,High Risk
7606,1,2,3,1,236,3,1,1,2,4298,0,0,1,0,1,1,1,0.6600487,1,Late,High Risk
7607,2,2,5,2,173,3,1,1,8,4797,1,1,1,0,0,1,1,0.68453366,1,Late,High Risk
7608,4,2,3,3,201,2,1,0,2,5361,0,0,1,0,0,0,0,0.75165653,1,Late,High Risk
7609,3,2,5,5,140,3,0,0,7,4799,1,1,1,0,0,1,0,0.49111766,0,On Time,Medium Risk
7610,4,2,3,3,203,3,0,1,3,5440,0,0,1,0,0,1,0,0.7535916,1,Late,High Risk
7611,0,2,3,4,173,3,1,0,8,5979,0,0,1,0,0,1,0,0.779064,1,Late,High Risk
7612,1,2,3,2,198,4,2,0,4,4564,0,0,1,0,0,1,1,0.75304353,1,Late,High Risk
7613,2,2,4,2,273,3,1,1,2,5712,0,1,1,0,1,1,1,0.45218992,0,On Time,Medium Risk
7614,4,2,5,4,131,6,1,1,8,4005,1,1,1,0,0,1,0,0.17611042,0,On Time,Low Risk
7615,3,2,5,3,178,4,2,1,10,5382,1,1,1,0,0,1,0,0.76034003,1,Late,High Risk
7616,4,2,4,4,175,3,1,1,8,5944,1,1,1,0,0,1,0,0.6638143,1,Late,High Risk
7617,0,2,4,5,145,2,1,0,2,4686,1,1,1,0,0,0,0,0.7046835,1,Late,High Risk
7618,1,2,5,1,256,4,2,0,5,4970,1,1,1,0,1,1,1,0.5984966,1,Late,Medium Risk
7619,2,2,4,2,175,6,1,0,5,5445,1,1,1,0,0,1,1,0.50902724,1,Late,Medium Risk
7620,4,2,4,4,170,4,1,1,5,4574,0,1,1,0,0,1,0,0.68731046,1,Late,High Risk
7621,3,2,2,3,206,4,2,0,2,5443,0,0,1,0,0,1,0,0.80514145,1,Late,High Risk
7622,4,2,3,4,145,4,0,1,4,5801,0,0,1,0,0,1,0,0.7052662,1,Late,High Risk
7623,0,2,3,5,266,2,0,0,3,5195,0,0,1,0,1,0,0,0.5432278,1,Late,Medium Risk
7624,1,2,5,5,183,3,2,0,3,4071,1,1,1,0,0,1,0,0.51430243,1,Late,Medium Risk
7625,2,2,5,1,210,2,1,1,2,4079,1,1,1,0,0,0,1,0.6414342,1,Late,High Risk
7626,4,2,5,1,134,2,1,0,7,5610,0,1,1,0,0,0,1,0.7757175,1,Late,High Risk
7627,3,2,3,3,223,3,1,1,10,5243,1,0,1,0,1,1,0,0.60529745,1,Late,High Risk
7628,4,2,5,5,223,3,1,1,5,4373,1,1,1,0,1,1,0,0.5676899,1,Late,Medium Risk
7629,0,2,4,4,255,3,0,0,3,5616,0,1,1,0,1,1,0,0.64394253,1,Late,High Risk
7630,1,2,4,1,270,3,1,0,6,5212,0,1,1,0,1,1,1,0.66149306,1,Late,High Risk
7631,2,2,4,2,260,2,1,1,7,5684,0,1,1,0,1,0,1,0.64632887,1,Late,High Risk
7632,4,2,5,4,225,2,1,1,8,4725,0,1,1,0,1,0,0,0.7144312,1,Late,High Risk
7633,3,2,4,1,237,4,1,0,4,4697,1,1,1,0,1,1,1,0.68484294,1,Late,High Risk
7634,4,2,4,5,111,4,2,1,7,5988,1,1,1,0,0,1,0,0.22310394,0,On Time,Low Risk
7635,0,2,5,1,230,4,2,1,4,5363,0,1,1,0,1,1,1,0.7201898,1,Late,High Risk
7636,1,2,2,4,193,2,1,0,5,5706,0,0,1,0,0,0,0,0.72879094,1,Late,High Risk
7637,2,2,3,4,162,4,2,1,10,4235,0,0,1,0,0,1,0,0.7855393,1,Late,High Risk
7638,4,2,3,4,195,4,1,1,3,4743,0,0,1,0,0,1,0,0.69191366,1,Late,High Risk
7639,3,2,5,2,123,5,1,0,4,5284,0,1,1,0,0,1,1,0.7816122,1,Late,High Risk
7640,4,2,4,3,248,2,2,0,10,5211,0,1,1,0,1,0,0,0.65855795,1,Late,High Risk
7641,0,2,4,1,151,3,1,0,4,5610,1,1,1,0,0,1,1,0.7670515,1,Late,High Risk
7642,1,2,4,3,252,4,1,1,2,5226,0,1,1,0,1,1,0,0.6446005,1,Late,High Risk
7643,2,2,5,2,134,4,1,1,5,5090,0,1,1,0,0,1,1,0.83137995,1,Late,High Risk
7644,4,2,3,2,189,2,2,0,4,4160,0,0,1,0,0,0,1,0.75289655,1,Late,High Risk
7645,3,2,3,4,159,2,2,0,6,4990,1,0,1,0,0,0,0,0.69307655,1,Late,High Risk
7646,4,1,4,2,173,3,2,1,6,4963,0,1,1,0,0,1,1,0.69797593,1,Late,High Risk
7647,0,1,5,5,254,2,2,1,6,4934,0,1,1,0,1,0,0,0.6915149,1,Late,High Risk
7648,1,1,5,3,241,2,2,1,5,5666,0,1,1,0,1,0,0,0.67575216,1,Late,High Risk
7649,2,1,4,4,262,2,2,1,1,4357,0,1,1,0,1,0,0,0.6851339,1,Late,High Risk
7650,4,1,5,1,265,4,1,0,2,5416,1,1,1,0,1,1,1,0.6296682,1,Late,High Risk
7651,3,1,6,4,201,4,1,0,8,5355,1,1,1,0,0,1,0,0.541448,1,Late,Medium Risk
7652,4,1,5,2,233,4,2,0,9,5539,0,1,1,0,1,1,1,0.7929187,1,Late,High Risk
7653,0,1,3,1,164,10,2,0,6,5603,0,0,1,0,0,1,1,0.6390213,1,Late,High Risk
7654,1,1,4,5,180,2,2,1,1,5622,0,1,1,0,0,0,0,0.767216,1,Late,High Risk
7655,2,1,3,4,199,3,2,1,1,4490,1,0,1,0,0,1,0,0.6372947,1,Late,High Risk
7656,4,1,4,3,140,8,2,1,8,4065,1,1,1,0,0,1,0,0.38744792,0,On Time,Medium Risk
7657,3,1,4,5,140,2,2,0,5,4347,1,1,1,0,0,0,0,0.6396204,1,Late,High Risk
7658,4,1,5,2,146,7,1,0,9,5631,0,1,1,0,0,1,1,0.66293085,1,Late,High Risk
7659,0,1,5,3,216,10,2,1,4,4409,1,1,1,0,1,1,0,0.6171691,1,Late,High Risk
7660,1,1,3,5,159,2,0,0,9,4099,1,0,1,0,0,0,0,0.56910014,1,Late,Medium Risk
7661,2,1,4,4,222,3,2,1,4,5857,0,1,1,0,1,1,0,0.73670363,1,Late,High Risk
7662,4,1,4,3,240,8,2,1,8,4319,1,1,1,0,1,1,0,0.63987637,1,Late,High Risk
7663,3,1,3,3,189,3,0,1,9,4278,1,0,1,0,0,1,0,0.5662592,1,Late,Medium Risk
7664,4,1,3,1,252,2,1,1,9,5050,0,0,1,0,1,0,1,0.6990895,1,Late,High Risk
7665,0,1,2,2,149,4,2,1,7,4598,0,0,1,0,0,1,1,0.8409514,1,Late,High Risk
7666,1,1,5,4,199,5,2,0,6,4417,1,1,1,0,0,1,0,0.6488738,1,Late,High Risk
7667,2,1,4,5,244,3,1,0,7,4172,0,1,1,0,1,1,0,0.6227979,1,Late,High Risk
7668,4,0,7,2,272,4,2,0,8,1816,0,1,1,1,1,1,1,0.70425785,1,Late,High Risk
7669,3,0,5,3,269,5,1,0,3,1667,1,1,1,1,1,1,0,0.6149736,1,Late,High Risk
7670,4,0,4,1,263,5,1,0,8,1257,0,1,1,1,1,1,1,0.61589104,1,Late,High Risk
7671,0,0,6,4,284,4,1,0,9,1436,0,1,1,1,1,1,0,0.7479248,1,Late,High Risk
7672,1,0,5,5,232,5,2,0,6,1246,0,1,1,1,1,1,0,0.7964345,1,Late,High Risk
7673,2,0,6,5,219,5,1,0,2,1475,1,1,1,1,1,1,0,0.5117465,1,Late,Medium Risk
7674,4,0,4,5,206,4,2,0,1,1593,0,1,1,1,0,1,0,0.5091827,1,Late,Medium Risk
7675,3,0,5,4,242,5,2,0,2,1717,1,1,1,1,1,1,0,0.5709866,1,Late,Medium Risk
7676,4,0,5,1,250,4,2,1,4,1438,0,1,1,1,1,1,1,0.7326422,1,Late,High Risk
7677,0,0,7,4,267,4,2,0,9,1378,1,1,1,1,1,1,0,0.7313156,1,Late,High Risk
7678,1,0,6,3,269,4,2,0,3,1022,0,1,1,1,1,1,0,0.72903705,1,Late,High Risk
7679,2,0,3,2,189,2,2,0,3,4617,0,0,1,0,0,0,1,0.7751413,1,Late,High Risk
7680,4,0,3,1,159,2,2,0,3,5691,0,0,1,0,0,0,1,0.8053474,1,Late,High Risk
7681,3,0,4,3,173,3,2,0,2,4351,0,1,1,0,0,1,0,0.65916234,1,Late,High Risk
7682,4,0,5,3,254,2,2,0,5,4764,1,1,1,0,1,0,0,0.58214474,1,Late,Medium Risk
7683,0,0,5,2,241,2,2,1,9,4965,0,1,1,0,1,0,1,0.6995432,1,Late,High Risk
7684,1,0,4,3,262,2,2,0,3,4064,1,1,1,0,1,0,0,0.4083545,0,On Time,Medium Risk
7685,2,0,5,2,265,4,1,0,7,4883,0,1,1,0,1,1,1,0.6296327,1,Late,High Risk
7686,4,0,6,1,201,4,1,0,5,4592,1,1,1,0,0,1,1,0.58217305,1,Late,Medium Risk
7687,3,0,5,4,233,4,2,1,1,4255,1,1,1,0,1,1,0,0.62848586,1,Late,High Risk
7688,4,0,3,4,164,10,2,0,10,4134,0,0,1,0,0,1,0,0.7534064,1,Late,High Risk
7689,0,0,4,2,180,2,2,0,10,5666,1,1,1,0,0,0,1,0.56589335,1,Late,Medium Risk
7690,1,2,3,2,199,3,2,0,8,4164,1,0,1,0,0,1,1,0.74222136,1,Late,High Risk
7691,2,2,4,4,140,8,2,0,2,5481,0,1,1,0,0,1,0,0.5759749,1,Late,Medium Risk
7692,4,2,4,3,140,2,2,0,2,5042,0,1,1,0,0,0,0,0.7362705,1,Late,High Risk
7693,3,2,5,2,146,7,1,1,7,5204,0,1,1,0,0,1,1,0.6922995,1,Late,High Risk
7694,4,2,5,1,216,10,2,0,2,5672,0,1,1,0,1,1,1,0.64883095,1,Late,High Risk
7695,0,2,3,5,159,2,0,0,6,4295,0,0,1,0,0,0,0,0.64124656,1,Late,High Risk
7696,1,2,4,4,222,3,2,0,6,4199,1,1,1,0,1,1,0,0.6332747,1,Late,High Risk
7697,2,2,4,1,240,8,2,1,1,4638,0,1,1,0,1,1,1,0.6523798,1,Late,High Risk
7698,4,2,3,2,189,3,0,1,1,4997,1,0,1,0,0,1,1,0.62014884,1,Late,High Risk
7699,3,2,3,4,252,2,1,1,6,4630,1,0,1,0,1,0,0,0.6895327,1,Late,High Risk
7700,4,2,2,1,149,4,2,0,7,5434,0,0,1,0,0,1,1,0.736383,1,Late,High Risk
7701,0,2,5,4,199,5,2,1,6,5210,1,1,1,0,0,1,0,0.6814459,1,Late,High Risk
7702,1,2,4,3,244,3,1,1,7,4761,0,1,1,0,1,1,0,0.6083681,1,Late,High Risk
7703,2,2,7,3,272,4,2,1,2,1754,0,1,1,1,1,1,0,0.590396,1,Late,Medium Risk
7704,4,2,5,5,269,5,1,0,6,1630,0,1,1,1,1,1,0,0.6567215,1,Late,High Risk
7705,3,2,4,1,263,5,1,1,1,1605,1,1,1,1,1,1,1,0.5928224,1,Late,Medium Risk
7706,4,2,6,4,284,4,1,0,9,1845,1,1,1,1,1,1,0,0.37166077,0,On Time,Medium Risk
7707,0,2,5,3,232,5,2,0,2,1057,1,1,1,1,1,1,0,0.5145908,1,Late,Medium Risk
7708,1,2,6,3,219,5,1,1,9,1483,1,1,1,1,1,1,0,0.6524531,1,Late,High Risk
7709,2,2,4,4,206,4,2,0,9,1074,1,1,1,1,0,1,0,0.5118075,1,Late,Medium Risk
7710,4,2,5,3,242,5,2,0,5,1820,0,1,1,1,1,1,0,0.6970077,1,Late,High Risk
7711,3,2,5,3,250,4,2,0,4,1111,1,1,1,1,1,1,0,0.56512904,1,Late,Medium Risk
7712,4,2,7,5,267,4,2,0,10,1067,0,1,1,1,1,1,0,0.63996756,1,Late,High Risk
7713,0,2,6,2,269,4,2,0,3,1665,0,1,1,1,1,1,1,0.70957965,1,Late,High Risk
7714,1,2,5,2,240,5,2,1,3,1079,0,1,1,1,1,1,1,0.7199091,1,Late,High Risk
7715,2,2,5,2,228,5,1,1,6,1726,1,1,1,1,1,1,1,0.7103934,1,Late,High Risk
7716,4,2,5,5,262,5,1,1,6,1887,1,1,1,1,1,1,0,0.58028466,1,Late,Medium Risk
7717,3,2,6,2,306,4,1,0,1,1815,1,1,1,1,1,1,1,0.39195037,0,On Time,Medium Risk
7718,4,2,6,5,276,4,1,1,3,1136,0,1,1,1,1,1,0,0.597189,1,Late,Medium Risk
7719,0,2,3,3,183,5,1,0,3,1504,0,0,1,1,0,1,0,0.42755052,0,On Time,Medium Risk
7720,1,2,5,1,239,5,1,1,1,1239,0,1,1,1,1,1,1,0.6561132,1,Late,High Risk
7721,2,2,7,1,285,4,1,1,2,1516,0,1,1,1,1,1,1,0.47464424,0,On Time,Medium Risk
7722,4,2,5,1,229,6,1,1,9,1883,1,1,1,1,1,1,1,0.67910296,1,Late,High Risk
7723,3,2,7,4,308,5,2,0,7,1563,1,1,1,1,1,1,0,0.6624617,1,Late,High Risk
7724,4,2,6,1,293,4,1,0,10,1534,1,1,1,1,1,1,1,0.47556204,0,On Time,Medium Risk
7725,0,2,6,1,247,4,1,0,4,1623,1,1,1,1,1,1,1,0.65861005,1,Late,High Risk
7726,1,2,6,2,260,5,1,0,9,1667,1,1,1,1,1,1,1,0.67225605,1,Late,High Risk
7727,2,2,7,3,308,4,2,1,6,1113,0,1,1,1,1,1,0,0.7453667,1,Late,High Risk
7728,4,2,5,2,274,6,2,1,2,1748,1,1,1,1,1,1,1,0.5952789,1,Late,Medium Risk
7729,3,2,5,2,236,6,1,0,6,1552,0,1,1,1,1,1,1,0.72074014,1,Late,High Risk
7730,4,2,7,4,291,4,2,1,1,1817,1,1,1,1,1,1,0,0.31013858,0,On Time,Medium Risk
7731,0,2,4,5,247,5,1,1,9,1499,0,1,1,1,1,1,0,0.6719395,1,Late,High Risk
7732,1,2,5,4,217,5,0,0,3,1007,1,1,1,1,1,1,0,0.50274515,1,Late,Medium Risk
7733,2,2,6,2,246,4,1,1,4,1555,0,1,1,1,1,1,1,0.68405575,1,Late,High Risk
7734,4,2,6,3,301,4,1,0,2,1083,0,1,1,1,1,1,0,0.6948486,1,Late,High Risk
7735,3,2,5,4,259,5,1,0,4,1991,1,1,1,1,1,1,0,0.5047575,1,Late,Medium Risk
7736,4,2,4,2,275,5,1,0,6,1438,0,1,1,1,1,1,1,0.7178033,1,Late,High Risk
7737,0,2,6,2,309,4,2,0,8,1289,1,1,1,1,1,1,1,0.73219407,1,Late,High Risk
7738,1,2,5,2,232,6,2,0,3,1540,0,1,1,1,1,1,1,0.66733754,1,Late,High Risk
7739,2,2,6,1,244,4,1,0,7,1007,0,1,1,1,1,1,1,0.6553608,1,Late,High Risk
7740,4,2,4,4,267,5,2,0,9,1716,1,1,1,1,1,1,0,0.584535,1,Late,Medium Risk
7741,3,2,6,1,254,4,1,0,2,1071,0,1,1,1,1,1,1,0.59253794,1,Late,Medium Risk
7742,4,2,5,2,270,4,2,1,8,1631,1,1,1,1,1,1,1,0.62640166,1,Late,High Risk
7743,0,2,6,2,301,4,2,1,10,1747,1,1,1,1,1,1,1,0.71368235,1,Late,High Risk
7744,1,2,4,5,221,5,1,0,5,1608,1,1,1,1,1,1,0,0.6279107,1,Late,High Risk
7745,2,2,5,3,243,5,1,0,9,1312,1,1,1,1,1,1,0,0.68525124,1,Late,High Risk
7746,4,2,6,4,264,4,1,1,1,1711,1,1,1,1,1,1,0,0.55485606,1,Late,Medium Risk
7747,3,2,4,3,228,5,1,0,9,1044,0,1,1,1,1,1,0,0.73119,1,Late,High Risk
7748,4,2,5,1,262,5,1,0,5,1916,1,1,1,1,1,1,1,0.6356346,1,Late,High Risk
7749,0,2,4,2,270,5,2,1,9,1167,0,1,1,1,1,1,1,0.6973827,1,Late,High Risk
7750,1,2,3,1,131,4,1,1,1,1628,0,0,1,1,0,1,1,0.0755691,0,On Time,Low Risk
7751,2,2,7,1,257,4,1,1,1,1405,1,1,1,1,1,1,1,0.49124962,0,On Time,Medium Risk
7752,4,2,4,1,245,5,2,1,1,1472,0,1,1,1,1,1,1,0.61818343,1,Late,High Risk
7753,3,2,5,5,272,5,2,0,5,1868,1,1,1,1,1,1,0,0.60175604,1,Late,High Risk
7754,4,2,6,1,284,4,1,0,7,1153,0,1,1,1,1,1,1,0.4796187,0,On Time,Medium Risk
7755,0,2,7,5,285,4,1,1,6,1591,1,1,1,1,1,1,0,0.6091211,1,Late,High Risk
7756,1,2,6,3,250,4,1,1,9,1618,0,1,1,1,1,1,0,0.7095903,1,Late,High Risk
7757,2,2,7,3,272,4,2,1,7,1067,1,1,1,1,1,1,0,0.51891476,1,Late,Medium Risk
7758,4,2,4,3,254,5,1,0,3,1248,0,1,1,1,1,1,0,0.6495581,1,Late,High Risk
7759,3,2,5,4,217,5,1,0,5,1360,1,1,1,1,1,1,0,0.6595738,1,Late,High Risk
7760,4,2,7,5,253,4,1,1,10,1166,1,1,1,1,1,1,0,0.6205019,1,Late,High Risk
7761,0,2,5,1,276,5,1,0,6,1793,0,1,1,1,1,1,1,0.70511925,1,Late,High Risk
7762,1,2,4,1,241,5,1,0,4,1145,0,1,1,1,1,1,1,0.70951253,1,Late,High Risk
7763,2,2,6,2,259,5,2,1,1,1357,0,1,1,1,1,1,1,0.61556834,1,Late,High Risk
7764,4,2,6,4,272,4,2,0,10,1171,1,1,1,1,1,1,0,0.557295,1,Late,Medium Risk
7765,3,2,6,1,280,4,2,1,6,1735,1,1,1,1,1,1,1,0.6150634,1,Late,High Risk
7766,4,2,5,3,257,5,1,1,7,1090,0,1,1,1,1,1,0,0.6312784,1,Late,High Risk
7767,0,2,6,3,282,4,1,1,9,1417,1,1,1,1,1,1,0,0.7474222,1,Late,High Risk
7768,1,2,6,4,268,4,2,1,9,1354,1,1,1,1,1,1,0,0.61932343,1,Late,High Risk
7769,2,2,5,3,238,5,0,1,10,1841,1,1,1,1,1,1,0,0.4643301,0,On Time,Medium Risk
7770,4,2,7,4,310,4,1,1,6,1003,1,1,1,1,1,1,0,0.58926356,1,Late,Medium Risk
7771,3,2,4,1,187,2,1,1,5,5691,0,1,1,0,0,0,1,0.72408557,1,Late,High Risk
7772,4,2,3,3,167,4,2,1,1,5301,0,0,1,0,0,1,0,0.67953044,1,Late,High Risk
7773,0,2,4,3,197,4,2,1,9,4429,0,1,1,0,0,1,0,0.70691967,1,Late,High Risk
7774,1,2,6,1,214,2,1,1,5,4708,0,1,1,0,0,0,1,0.79114586,1,Late,High Risk
7775,2,2,4,2,174,2,1,0,8,4295,0,1,1,0,0,0,1,0.7300621,1,Late,High Risk
7776,4,2,4,5,239,3,2,1,1,5482,1,1,1,0,1,1,0,0.6373193,1,Late,High Risk
7777,3,2,5,1,249,3,1,0,8,5940,0,1,1,0,1,1,1,0.64152336,1,Late,High Risk
7778,4,2,5,3,141,3,1,1,2,4124,1,1,1,0,0,1,0,0.5433958,1,Late,Medium Risk
7779,0,2,5,2,179,3,2,1,5,4325,1,1,1,0,0,1,1,0.70285726,1,Late,High Risk
7780,1,2,3,1,253,3,0,1,8,5030,1,0,1,0,1,1,1,0.5779587,1,Late,Medium Risk
7781,2,2,2,3,219,4,1,0,9,4086,0,0,1,0,1,1,0,0.64273864,1,Late,High Risk
7782,4,2,4,1,249,6,2,1,2,5720,1,1,1,0,1,1,1,0.43324825,0,On Time,Medium Risk
7783,3,1,3,3,196,3,1,1,9,4431,0,0,1,0,0,1,0,0.64737195,1,Late,High Risk
7784,4,1,6,5,244,3,1,1,9,5634,0,1,1,0,1,1,0,0.6948133,1,Late,High Risk
7785,0,1,4,2,144,3,1,1,2,4264,0,1,1,0,0,1,1,0.7418822,1,Late,High Risk
7786,1,1,4,3,240,3,2,1,6,4964,0,1,1,0,1,1,0,0.6018248,1,Late,High Risk
7787,2,1,5,4,222,3,1,1,1,4834,1,1,1,0,1,1,0,0.59362316,1,Late,Medium Risk
7788,4,1,4,4,246,3,2,1,5,5029,1,1,1,0,1,1,0,0.66449887,1,Late,High Risk
7789,3,1,6,1,188,5,1,1,4,4887,0,1,1,0,0,1,1,0.8155547,1,Late,High Risk
7790,4,1,3,3,153,3,1,0,3,4829,0,0,1,0,0,1,0,0.5481141,1,Late,Medium Risk
7791,0,1,3,1,151,2,1,0,7,4437,0,0,1,0,0,0,1,0.7269522,1,Late,High Risk
7792,1,1,4,1,237,3,2,0,8,5668,1,1,1,0,1,1,1,0.5837258,1,Late,Medium Risk
7793,2,1,3,1,194,3,2,0,4,5383,1,0,1,0,0,1,1,0.72117406,1,Late,High Risk
7794,4,1,3,5,241,3,1,0,5,4861,1,0,1,0,1,1,0,0.5647634,1,Late,Medium Risk
7795,3,1,4,2,209,2,2,1,3,5607,0,1,1,0,0,0,1,0.7299738,1,Late,High Risk
7796,4,1,3,1,160,2,1,0,10,5642,1,0,1,0,0,0,1,0.634044,1,Late,High Risk
7797,0,1,4,4,251,2,1,1,2,4800,0,1,1,0,1,0,0,0.6290699,1,Late,High Risk
7798,1,1,5,3,193,4,2,0,3,5026,0,1,1,0,0,1,0,0.6644421,1,Late,High Risk
7799,2,1,4,4,169,3,2,1,5,5743,0,1,1,0,0,1,0,0.64752966,1,Late,High Risk
7800,4,1,3,5,234,2,2,0,1,4455,1,0,1,0,1,0,0,0.6207521,1,Late,High Risk
7801,3,1,4,5,192,2,0,0,4,4518,0,1,1,0,0,0,0,0.69238317,1,Late,High Risk
7802,4,1,2,5,160,4,1,0,7,5754,0,0,1,0,0,1,0,0.7471779,1,Late,High Risk
7803,0,1,5,3,201,2,1,0,1,4548,1,1,1,0,0,0,0,0.5998582,1,Late,Medium Risk
7804,1,1,4,1,260,3,1,1,9,4239,0,1,1,0,1,1,1,0.7015584,1,Late,High Risk
7805,2,0,3,3,244,4,2,1,10,5181,0,0,1,0,1,1,0,0.63825166,1,Late,High Risk
7806,4,0,3,2,219,6,1,0,9,5263,1,0,1,0,1,1,1,0.67076135,1,Late,High Risk
7807,3,0,4,2,219,4,0,0,2,4422,1,1,1,0,1,1,1,0.61540747,1,Late,High Risk
7808,4,0,3,5,175,3,0,0,6,5150,0,0,1,0,0,1,0,0.6586541,1,Late,High Risk
7809,0,0,4,2,196,3,2,0,2,4474,0,1,1,0,0,1,1,0.63556683,1,Late,High Risk
7810,1,0,3,5,230,3,0,1,4,5189,1,0,1,0,1,1,0,0.51267546,1,Late,Medium Risk
7811,2,0,4,3,262,4,0,0,2,4783,1,1,1,0,1,1,0,0.58205885,1,Late,Medium Risk
7812,4,0,5,4,228,4,0,0,7,5913,0,1,1,0,1,1,0,0.7154825,1,Late,High Risk
7813,3,0,3,2,138,2,2,1,8,5714,0,0,1,0,0,0,1,0.5863828,1,Late,Medium Risk
7814,4,0,4,1,240,3,1,0,4,4787,0,1,1,0,1,1,1,0.56570935,1,Late,Medium Risk
7815,0,0,3,1,104,4,1,0,9,5211,1,0,1,0,0,1,1,0.4248924,0,On Time,Medium Risk
7816,1,0,3,2,261,2,2,1,10,4035,0,0,1,0,1,0,1,0.3350283,0,On Time,Medium Risk
7817,2,0,4,3,181,3,1,1,4,4399,1,1,1,0,0,1,0,0.6027584,1,Late,High Risk
7818,4,0,5,2,152,3,2,1,4,4699,1,1,1,0,0,1,1,0.6377386,1,Late,High Risk
7819,3,0,2,2,215,5,2,1,3,5185,1,0,1,0,1,1,1,0.70238185,1,Late,High Risk
7820,4,0,5,4,266,6,2,0,7,4486,0,1,1,0,1,1,0,0.6543032,1,Late,High Risk
7821,0,0,4,5,265,2,2,0,9,5135,1,1,1,0,1,0,0,0.650757,1,Late,High Risk
7822,1,0,5,5,142,4,2,1,8,5372,0,1,1,0,0,1,0,0.7226554,1,Late,High Risk
7823,2,0,5,3,169,2,1,0,1,4500,1,1,1,0,0,0,0,0.6643438,1,Late,High Risk
7824,4,0,3,5,257,3,2,1,4,5196,1,0,1,0,1,1,0,0.48924178,0,On Time,Medium Risk
7825,3,0,3,2,142,3,1,1,9,4234,0,0,1,0,0,1,1,0.76103634,1,Late,High Risk
7826,4,0,2,4,233,4,2,0,4,5408,0,0,1,0,1,1,0,0.7211497,1,Late,High Risk
7827,0,2,4,2,136,4,2,1,9,5038,0,1,1,0,0,1,1,0.7845307,1,Late,High Risk
7828,1,2,2,2,173,3,1,0,10,4736,0,0,1,0,0,1,1,0.67935103,1,Late,High Risk
7829,2,2,3,4,221,3,1,1,10,4927,1,0,1,0,1,1,0,0.63207227,1,Late,High Risk
7830,4,2,5,3,204,3,1,1,10,5610,1,1,1,0,0,1,0,0.66526884,1,Late,High Risk
7831,3,2,4,5,149,2,1,1,2,5724,1,1,1,0,0,0,0,0.7080066,1,Late,High Risk
7832,4,2,2,1,166,3,2,0,7,5990,1,0,1,0,0,1,1,0.3386773,0,On Time,Medium Risk
7833,0,2,5,4,265,2,1,0,2,5164,1,1,1,0,1,0,0,0.60564655,1,Late,High Risk
7834,1,2,3,1,140,2,1,0,8,5253,1,0,1,0,0,0,1,0.6754678,1,Late,High Risk
7835,2,2,4,3,234,3,2,0,9,4868,1,1,1,0,1,1,0,0.6015454,1,Late,High Risk
7836,4,2,3,5,139,2,1,0,6,5181,0,0,1,0,0,0,0,0.7450167,1,Late,High Risk
7837,3,2,3,4,232,2,1,0,8,5629,1,0,1,0,1,0,0,0.684656,1,Late,High Risk
7838,4,2,3,5,187,4,2,0,4,5640,0,0,1,0,0,1,0,0.7820879,1,Late,High Risk
7839,0,2,3,4,197,6,2,1,3,4890,1,0,1,0,0,1,0,0.61887586,1,Late,High Risk
7840,1,2,3,4,273,2,2,0,5,5223,0,0,1,0,1,0,0,0.7020261,1,Late,High Risk
7841,2,2,3,2,201,3,2,1,7,4890,0,0,1,0,0,1,1,0.586461,1,Late,Medium Risk
7842,4,2,2,2,201,3,0,1,2,4865,1,0,1,0,0,1,1,0.56569886,1,Late,Medium Risk
7843,3,2,4,3,227,3,2,1,10,5782,1,1,1,0,1,1,0,0.5197563,1,Late,Medium Risk
7844,4,2,3,5,171,2,2,1,1,4783,1,0,1,0,0,0,0,0.64162785,1,Late,High Risk
7845,0,2,3,5,192,2,1,0,7,5069,1,0,1,0,0,0,0,0.5707037,1,Late,Medium Risk
7846,1,2,3,1,226,3,0,1,2,4831,1,0,1,0,1,1,1,0.46147463,0,On Time,Medium Risk
7847,2,2,3,4,252,2,2,0,6,4040,1,0,1,0,1,0,0,0.49817917,0,On Time,Medium Risk
7848,4,2,4,5,177,3,2,0,7,4243,1,1,1,0,0,1,0,0.59126335,1,Late,Medium Risk
7849,3,2,3,5,211,3,2,1,5,4058,1,0,1,0,0,1,0,0.5507845,1,Late,Medium Risk
7850,4,2,6,3,170,4,1,1,1,4912,0,1,1,0,0,1,0,0.7519973,1,Late,High Risk
7851,0,2,2,3,118,4,2,1,7,5510,0,0,1,0,0,1,0,0.7682943,1,Late,High Risk
7852,1,2,4,4,146,3,1,1,3,5225,1,1,1,0,0,1,0,0.6297855,1,Late,High Risk
7853,2,2,3,5,150,3,0,1,6,4565,0,0,1,0,0,1,0,0.75055313,1,Late,High Risk
7854,4,2,5,5,243,3,2,1,3,5700,1,1,1,0,1,1,0,0.5828357,1,Late,Medium Risk
7855,3,2,4,4,135,3,2,1,6,4335,1,1,1,0,0,1,0,0.5649844,1,Late,Medium Risk
7856,4,2,4,5,209,3,1,0,6,5899,1,1,1,0,0,1,0,0.7142645,1,Late,High Risk
7857,0,2,4,5,217,3,2,1,2,5461,1,1,1,0,1,1,0,0.7044317,1,Late,High Risk
7858,1,2,2,2,287,4,2,1,10,5972,0,0,1,0,1,1,1,0.8491216,1,Late,High Risk
7859,2,2,2,3,239,6,2,1,4,4022,0,0,1,0,1,1,0,0.6011526,1,Late,High Risk
7860,4,2,5,2,189,2,2,1,2,4636,1,1,1,0,0,0,1,0.81719023,1,Late,High Risk
7861,3,2,4,2,139,3,2,1,10,4648,0,1,1,0,0,1,1,0.7747181,1,Late,High Risk
7862,4,2,4,2,255,3,1,0,8,5865,0,1,1,0,1,1,1,0.741511,1,Late,High Risk
7863,0,2,5,1,132,4,2,0,4,5461,0,1,1,0,0,1,1,0.7588852,1,Late,High Risk
7864,1,2,4,1,136,3,2,0,4,5060,1,1,1,0,0,1,1,0.66851324,1,Late,High Risk
7865,2,2,5,3,143,3,1,1,6,4761,1,1,1,0,0,1,0,0.5992536,1,Late,Medium Risk
7866,4,2,3,4,201,2,1,0,8,4394,0,0,1,0,0,0,0,0.7240483,1,Late,High Risk
7867,3,2,6,5,278,5,2,0,2,4361,1,1,1,0,1,1,0,0.53425366,1,Late,Medium Risk
7868,4,2,4,3,213,3,2,1,4,4367,0,1,1,0,0,1,0,0.65221834,1,Late,High Risk
7869,0,2,2,1,202,2,2,0,5,4456,0,0,1,0,0,0,1,0.7066168,1,Late,High Risk
7870,1,2,4,5,240,2,2,1,6,5045,1,1,1,0,1,0,0,0.6752027,1,Late,High Risk
7871,2,2,5,4,223,3,1,1,7,4671,1,1,1,0,1,1,0,0.53941983,1,Late,Medium Risk
7872,4,2,4,4,193,3,1,1,2,5975,1,1,1,0,0,1,0,0.50693583,1,Late,Medium Risk
7873,3,2,3,1,224,3,1,1,8,4908,0,0,1,0,1,1,1,0.60165495,1,Late,High Risk
7874,4,2,3,1,202,3,2,0,7,5818,0,0,1,0,0,1,1,0.7291691,1,Late,High Risk
7875,0,2,4,5,236,4,2,1,1,4082,0,1,1,0,1,1,0,0.5565692,1,Late,Medium Risk
7876,1,2,3,3,216,4,1,0,9,5107,1,0,1,0,1,1,0,0.660659,1,Late,High Risk
7877,2,2,3,1,229,3,2,1,7,5324,1,0,1,0,1,1,1,0.6135783,1,Late,High Risk
7878,4,2,4,5,275,3,2,1,1,5394,1,1,1,0,1,1,0,0.64305425,1,Late,High Risk
7879,3,2,3,3,250,2,2,0,8,5067,0,0,1,0,1,0,0,0.65172964,1,Late,High Risk
7880,4,2,4,3,196,3,1,1,10,4433,1,1,1,0,0,1,0,0.6442162,1,Late,High Risk
7881,0,2,2,2,220,3,1,1,1,5289,0,0,1,0,1,1,1,0.6706393,1,Late,High Risk
7882,1,2,4,4,152,3,1,1,8,4430,0,1,1,0,0,1,0,0.6683998,1,Late,High Risk
7883,2,2,3,2,186,2,1,1,7,5522,0,0,1,0,0,0,1,0.732964,1,Late,High Risk
7884,4,2,3,1,189,3,1,0,3,5866,1,0,1,0,0,1,1,0.6178449,1,Late,High Risk
7885,3,2,3,1,222,3,1,1,1,5362,1,0,1,0,1,1,1,0.63963926,1,Late,High Risk
7886,4,2,4,1,139,3,1,0,7,5317,0,1,1,0,0,1,1,0.68594545,1,Late,High Risk
7887,0,2,5,1,169,4,1,1,6,4253,1,1,1,0,0,1,1,0.7895079,1,Late,High Risk
7888,1,2,4,3,137,3,2,1,9,5016,0,1,1,0,0,1,0,0.6309545,1,Late,High Risk
7889,2,2,3,1,212,6,1,1,5,5339,0,0,1,0,0,1,1,0.64577407,1,Late,High Risk
7890,4,2,3,5,230,4,1,0,5,4450,1,0,1,0,1,1,0,0.6694951,1,Late,High Risk
7891,3,2,3,2,262,2,1,1,7,5141,1,0,1,0,1,0,1,0.69359654,1,Late,High Risk
7892,4,2,4,4,166,2,1,1,8,5192,0,1,1,0,0,0,0,0.7277021,1,Late,High Risk
7893,0,2,6,2,99,3,1,1,8,5872,0,1,1,0,0,1,1,0.77620333,1,Late,High Risk
7894,1,2,4,2,263,3,1,0,7,5395,1,1,1,0,1,1,1,0.57241917,1,Late,Medium Risk
7895,2,2,5,4,223,3,1,1,8,4310,1,1,1,0,1,1,0,0.5686047,1,Late,Medium Risk
7896,4,2,3,1,220,2,1,0,7,5653,0,0,1,0,1,0,1,0.7442406,1,Late,High Risk
7897,3,2,3,3,242,3,2,0,8,5915,1,0,1,0,1,1,0,0.6778503,1,Late,High Risk
7898,4,2,3,4,163,3,0,0,6,5912,0,0,1,0,0,1,0,0.77851427,1,Late,High Risk
7899,0,2,3,4,273,2,2,1,2,4219,1,0,1,0,1,0,0,0.59380394,1,Late,Medium Risk
7900,1,2,5,5,261,5,2,1,9,5385,0,1,1,0,1,1,0,0.718326,1,Late,High Risk
7901,2,2,5,1,179,2,1,1,8,5198,1,1,1,0,0,0,1,0.74846584,1,Late,High Risk
7902,4,2,5,2,182,3,1,0,10,4128,1,1,1,0,0,1,1,0.6491326,1,Late,High Risk
7903,3,2,3,4,202,2,2,0,6,5030,0,0,1,0,0,0,0,0.74271894,1,Late,High Risk
7904,4,2,5,2,154,4,1,0,8,4820,0,1,1,0,0,1,1,0.64711964,1,Late,High Risk
7905,0,2,4,4,224,2,1,0,8,5754,1,1,1,0,1,0,0,0.6559751,1,Late,High Risk
7906,1,2,3,2,139,3,2,1,4,5531,0,0,1,0,0,1,1,0.73987263,1,Late,High Risk
7907,2,2,3,5,256,2,2,0,6,5375,0,0,1,0,1,0,0,0.65854067,1,Late,High Risk
7908,4,2,3,2,251,4,0,0,7,4038,0,0,1,0,1,1,1,0.5387591,1,Late,Medium Risk
7909,3,2,4,5,254,3,2,0,10,4148,0,1,1,0,1,1,0,0.7861139,1,Late,High Risk
7910,4,2,5,1,181,3,1,0,6,5423,0,1,1,0,0,1,1,0.7550812,1,Late,High Risk
7911,0,2,4,4,254,3,1,1,7,5637,0,1,1,0,1,1,0,0.6974989,1,Late,High Risk
7912,1,2,3,3,239,3,2,1,7,4942,0,0,1,0,1,1,0,0.5927305,1,Late,Medium Risk
7913,2,2,3,3,167,2,1,1,6,5101,0,0,1,0,0,0,0,0.7395408,1,Late,High Risk
7914,4,2,4,2,192,2,1,1,9,4140,0,1,1,0,0,0,1,0.8109798,1,Late,High Risk
7915,3,2,3,2,163,2,1,0,5,5021,0,0,1,0,0,0,1,0.7482284,1,Late,High Risk
7916,4,2,3,1,213,2,1,1,6,4747,0,0,1,0,0,0,1,0.76959324,1,Late,High Risk
7917,0,2,3,3,230,3,1,1,4,4018,1,0,1,0,1,1,0,0.4497132,0,On Time,Medium Risk
7918,1,2,3,3,264,3,1,1,3,4970,0,0,1,0,1,1,0,0.5264152,1,Late,Medium Risk
7919,2,2,5,1,182,2,1,1,6,4121,1,1,1,0,0,0,1,0.5821019,1,Late,Medium Risk
7920,4,1,5,1,223,3,2,0,4,4905,1,1,1,0,1,1,1,0.5865332,1,Late,Medium Risk
7921,3,1,4,1,261,2,2,0,9,4158,0,1,1,0,1,0,1,0.69901806,1,Late,High Risk
7922,4,1,4,2,248,2,1,0,10,5783,0,1,1,0,1,0,1,0.48102078,0,On Time,Medium Risk
7923,0,1,4,5,169,4,1,1,5,5347,0,1,1,0,0,1,0,0.7767998,1,Late,High Risk
7924,1,1,3,4,188,6,2,0,6,4031,1,0,1,0,0,1,0,0.5319488,1,Late,Medium Risk
7925,2,1,3,4,142,4,2,1,5,4429,0,0,1,0,0,1,0,0.78338367,1,Late,High Risk
7926,4,1,4,1,208,2,1,0,5,5707,1,1,1,0,0,0,1,0.6433328,1,Late,High Risk
7927,3,1,4,5,239,2,2,0,1,4247,0,1,1,0,1,0,0,0.6302904,1,Late,High Risk
7928,4,1,5,5,218,5,1,1,5,4303,1,1,1,0,1,1,0,0.67262715,1,Late,High Risk
7929,0,1,4,1,137,3,2,0,3,4962,1,1,1,0,0,1,1,0.6037515,1,Late,High Risk
7930,1,1,4,4,97,6,1,1,4,5801,0,1,1,0,0,1,0,0.5339637,1,Late,Medium Risk
7931,2,1,3,1,242,10,0,1,9,5151,1,0,1,0,1,1,1,0.5863551,1,Late,Medium Risk
7932,4,1,4,3,153,7,2,0,4,4499,1,1,1,0,0,1,0,0.5126896,1,Late,Medium Risk
7933,3,1,3,3,188,5,1,0,6,5713,0,0,1,0,0,1,0,0.70122445,1,Late,High Risk
7934,4,1,4,1,272,2,1,0,8,5328,1,1,1,0,1,0,1,0.62690467,1,Late,High Risk
7935,0,1,2,2,165,3,2,0,10,4080,1,0,1,0,0,1,1,0.4839468,0,On Time,Medium Risk
7936,1,1,4,4,218,2,2,0,3,5692,1,1,1,0,1,0,0,0.63446045,1,Late,High Risk
7937,2,1,4,3,153,4,1,1,4,5161,0,1,1,0,0,1,0,0.6100903,1,Late,High Risk
7938,4,1,6,1,250,2,2,1,4,4016,0,1,1,0,1,0,1,0.64988023,1,Late,High Risk
7939,3,1,4,1,204,8,1,0,7,5359,0,1,1,0,0,1,1,0.72932154,1,Late,High Risk
7940,4,1,4,1,154,10,0,1,10,5674,1,1,1,0,0,1,1,0.3910346,0,On Time,Medium Risk
7941,0,1,4,2,233,7,2,0,5,5361,0,1,1,0,1,1,1,0.6659197,1,Late,High Risk
7942,1,0,4,3,225,8,1,1,8,4718,1,1,1,0,1,1,0,0.60004467,1,Late,High Risk
7943,2,0,4,4,269,10,0,0,3,4488,0,1,1,0,1,1,0,0.6762745,1,Late,High Risk
7944,4,0,4,5,173,4,1,1,7,4978,1,1,1,0,0,1,0,0.6345695,1,Late,High Risk
7945,3,0,4,1,145,3,1,1,8,5127,0,1,1,0,0,1,1,0.6972091,1,Late,High Risk
7946,4,0,4,4,242,2,2,1,6,5866,0,1,1,0,1,0,0,0.7832712,1,Late,High Risk
7947,0,0,3,5,255,7,2,1,8,4091,1,0,1,0,1,1,0,0.3663854,0,On Time,Medium Risk
7948,1,0,4,1,254,7,1,1,5,4104,1,1,1,0,1,1,1,0.4745403,0,On Time,Medium Risk
7949,2,0,4,3,150,3,0,0,2,4383,0,1,1,0,0,1,0,0.7203649,1,Late,High Risk
7950,4,0,4,2,201,8,2,0,6,5128,0,1,1,0,0,1,1,0.72999644,1,Late,High Risk
7951,3,0,5,2,262,5,1,1,5,1751,0,1,1,1,1,1,1,0.67146415,1,Late,High Risk
7952,4,0,6,4,306,4,1,0,8,1465,0,1,1,1,1,1,0,0.5625252,1,Late,Medium Risk
7953,0,0,6,5,276,4,1,1,9,1319,0,1,1,1,1,1,0,0.755722,1,Late,High Risk
7954,1,0,3,2,183,5,1,1,3,1336,1,0,1,1,0,1,1,0.5628807,1,Late,Medium Risk
7955,2,0,5,1,239,5,1,0,7,1859,1,1,1,1,1,1,1,0.65633434,1,Late,High Risk
7956,4,0,7,3,285,4,1,1,10,1935,1,1,1,1,1,1,0,0.3737131,0,On Time,Medium Risk
7957,3,0,5,5,229,6,1,0,6,1857,0,1,1,1,1,1,0,0.68574023,1,Late,High Risk
7958,4,0,7,5,308,5,2,1,6,1154,0,1,1,1,1,1,0,0.81128097,1,Late,High Risk
7959,0,0,6,2,293,4,1,0,7,1477,0,1,1,1,1,1,1,0.7866055,1,Late,High Risk
7960,1,0,6,4,247,4,1,1,7,1831,0,1,1,1,1,1,0,0.6237046,1,Late,High Risk
7961,2,0,6,1,260,5,1,0,3,1434,0,1,1,1,1,1,1,0.6928425,1,Late,High Risk
7962,4,0,7,1,308,4,2,1,5,1705,0,1,1,1,1,1,1,0.7254848,1,Late,High Risk
7963,3,0,5,3,274,6,2,1,7,1293,0,1,1,1,1,1,0,0.51592624,1,Late,Medium Risk
7964,4,2,5,1,236,6,1,1,4,1123,1,1,1,1,1,1,1,0.76571983,1,Late,High Risk
7965,0,2,7,1,291,4,2,0,1,1796,0,1,1,1,1,1,1,0.58422047,1,Late,Medium Risk
7966,1,2,5,4,223,3,2,1,7,5738,0,1,1,0,1,1,0,0.59359574,1,Late,Medium Risk
7967,2,2,4,4,261,2,2,1,8,5006,1,1,1,0,1,0,0,0.63709307,1,Late,High Risk
7968,4,2,4,1,248,2,1,0,6,5621,0,1,1,0,1,0,1,0.72723275,1,Late,High Risk
7969,3,2,4,5,169,4,1,0,6,4213,0,1,1,0,0,1,0,0.6756998,1,Late,High Risk
7970,4,2,3,2,188,6,2,0,1,4856,0,0,1,0,0,1,1,0.652735,1,Late,High Risk
7971,0,2,3,1,142,4,2,1,7,4780,0,0,1,0,0,1,1,0.7089724,1,Late,High Risk
7972,1,2,4,1,208,2,1,1,6,5266,0,1,1,0,0,0,1,0.74809235,1,Late,High Risk
7973,2,2,4,3,239,2,2,0,7,5384,0,1,1,0,1,0,0,0.588787,1,Late,Medium Risk
7974,4,2,5,3,218,5,1,0,9,4435,1,1,1,0,1,1,0,0.6896577,1,Late,High Risk
7975,3,2,4,5,137,3,2,1,1,4861,0,1,1,0,0,1,0,0.64768493,1,Late,High Risk
7976,4,2,4,3,97,6,1,0,4,4375,0,1,1,0,0,1,0,0.69900537,1,Late,High Risk
7977,0,2,3,4,242,10,0,1,5,4127,0,0,1,0,1,1,0,0.40147388,0,On Time,Medium Risk
7978,1,2,4,1,153,7,2,0,4,5761,1,1,1,0,0,1,1,0.41120356,0,On Time,Medium Risk
7979,2,2,3,4,188,5,1,0,3,4835,1,0,1,0,0,1,0,0.7093287,1,Late,High Risk
7980,4,2,4,4,272,2,1,1,7,4042,1,1,1,0,1,0,0,0.4100044,0,On Time,Medium Risk
7981,3,2,2,4,165,3,2,1,7,5856,0,0,1,0,0,1,0,0.854344,1,Late,High Risk
7982,4,2,4,4,218,2,2,1,3,5039,0,1,1,0,1,0,0,0.7218176,1,Late,High Risk
7983,0,2,4,4,153,4,1,1,5,5162,0,1,1,0,0,1,0,0.64865726,1,Late,High Risk
7984,1,2,6,3,250,2,2,0,1,4747,0,1,1,0,1,0,0,0.6890988,1,Late,High Risk
7985,2,2,4,2,204,8,1,0,1,4038,1,1,1,0,0,1,1,0.40929022,0,On Time,Medium Risk
7986,4,2,4,3,154,10,0,1,7,5317,0,1,1,0,0,1,0,0.32746634,0,On Time,Medium Risk
7987,3,2,4,1,233,7,2,1,7,4272,1,1,1,0,1,1,1,0.630985,1,Late,High Risk
7988,4,2,4,2,225,8,1,0,8,5623,0,1,1,0,1,1,1,0.70329684,1,Late,High Risk
7989,0,2,4,2,269,10,0,1,2,5616,1,1,1,0,1,1,1,0.5699612,1,Late,Medium Risk
7990,1,2,4,1,173,4,1,0,1,5789,0,1,1,0,0,1,1,0.8052016,1,Late,High Risk
7991,2,2,4,3,145,3,1,0,5,5802,1,1,1,0,0,1,0,0.6862208,1,Late,High Risk
7992,4,2,4,5,242,2,2,0,2,4806,1,1,1,0,1,0,0,0.63346994,1,Late,High Risk
7993,3,2,3,2,255,7,2,1,2,5282,0,0,1,0,1,1,1,0.62686175,1,Late,High Risk
7994,4,2,4,2,254,7,1,0,6,5121,0,1,1,0,1,1,1,0.7361167,1,Late,High Risk
7995,0,2,4,5,150,3,0,0,10,5767,1,1,1,0,0,1,0,0.42991376,0,On Time,Medium Risk
7996,1,2,4,1,201,8,2,1,4,4295,0,1,1,0,0,1,1,0.718588,1,Late,High Risk
7997,2,2,5,3,262,5,1,0,8,1493,1,1,1,1,1,1,0,0.608776,1,Late,High Risk
7998,4,2,6,1,306,4,1,0,4,1449,1,1,1,1,1,1,1,0.6692494,1,Late,High Risk
7999,3,2,6,4,276,4,1,0,2,1120,1,1,1,1,1,1,0,0.49579954,0,On Time,Medium Risk
8000,4,2,3,2,183,5,1,0,2,1158,1,0,1,1,0,1,1,0.45848426,0,On Time,Medium Risk
8001,0,2,5,2,239,5,1,1,1,1518,1,1,1,1,1,1,1,0.5785044,1,Late,Medium Risk
8002,1,2,7,2,285,4,1,1,2,1491,1,1,1,1,1,1,1,0.52019763,1,Late,Medium Risk
8003,2,2,5,4,229,6,1,0,9,1733,0,1,1,1,1,1,0,0.637928,1,Late,High Risk
8004,4,2,7,3,308,5,2,1,10,1152,1,1,1,1,1,1,0,0.50340366,1,Late,Medium Risk
8005,3,2,6,4,293,4,1,0,8,1145,1,1,1,1,1,1,0,0.41977137,0,On Time,Medium Risk
8006,4,2,6,3,247,4,1,0,6,1537,0,1,1,1,1,1,0,0.66290283,1,Late,High Risk
8007,0,2,6,3,260,5,1,1,8,1324,1,1,1,1,1,1,0,0.6988498,1,Late,High Risk
8008,1,2,7,1,308,4,2,1,7,1841,1,1,1,1,1,1,1,0.46663147,0,On Time,Medium Risk
8009,2,2,6,2,282,4,1,1,1,1857,1,1,1,1,1,1,1,0.5825976,1,Late,Medium Risk
8010,4,2,6,4,268,4,2,0,3,1586,0,1,1,1,1,1,0,0.71249014,1,Late,High Risk
8011,3,2,5,3,238,5,0,1,7,1848,0,1,1,1,1,1,0,0.45993382,0,On Time,Medium Risk
8012,4,2,5,3,254,6,1,1,7,1064,0,1,1,1,1,1,0,0.78863996,1,Late,High Risk
8013,0,2,5,3,252,5,1,1,3,1474,0,1,1,1,1,1,0,0.6380615,1,Late,High Risk
8014,1,2,6,4,254,4,1,1,9,1594,0,1,1,1,1,1,0,0.7898711,1,Late,High Risk
8015,2,2,4,1,263,5,1,1,8,1426,1,1,1,1,1,1,1,0.6121814,1,Late,High Risk
8016,4,2,5,4,256,5,1,1,6,1551,0,1,1,1,1,1,0,0.6492622,1,Late,High Risk
8017,3,2,6,5,264,4,2,1,8,1755,0,1,1,1,1,1,0,0.64843106,1,Late,High Risk
8018,4,2,4,5,237,5,1,1,2,1357,1,1,1,1,1,1,0,0.6615443,1,Late,High Risk
8019,0,2,4,1,226,5,2,1,6,1510,1,1,1,1,1,1,1,0.6903127,1,Late,High Risk
8020,1,2,7,5,289,4,1,1,3,1656,1,1,1,1,1,1,0,0.5223552,1,Late,Medium Risk
8021,2,2,7,4,281,4,1,1,9,1970,0,1,1,1,1,1,0,0.51721674,1,Late,Medium Risk
8022,4,2,5,1,258,5,1,0,4,1032,0,1,1,1,1,1,1,0.80094814,1,Late,High Risk
8023,3,2,6,2,263,4,1,0,8,1635,0,1,1,1,1,1,1,0.6827132,1,Late,High Risk
8024,4,2,5,3,245,5,1,0,2,1937,0,1,1,1,1,1,0,0.6048963,1,Late,High Risk
8025,0,2,7,3,296,4,2,1,8,1826,1,1,1,1,1,1,0,0.46135512,0,On Time,Medium Risk
8026,1,2,7,3,286,4,1,0,5,1866,1,1,1,1,1,1,0,0.29691774,0,On Time,Low Risk
8027,2,2,6,3,252,2,1,1,1,1756,0,1,1,1,1,0,0,0.41525057,0,On Time,Medium Risk
8028,4,2,6,5,301,4,1,0,7,1393,1,1,1,1,1,1,0,0.66699034,1,Late,High Risk
8029,3,2,7,1,290,4,1,1,4,1488,0,1,1,1,1,1,1,0.55917406,1,Late,Medium Risk
8030,4,2,7,1,247,4,2,1,6,1297,1,1,1,1,1,1,1,0.41622472,0,On Time,Medium Risk
8031,0,2,5,5,238,6,1,0,3,1965,1,1,1,1,1,1,0,0.5123713,1,Late,Medium Risk
8032,1,2,5,2,263,5,2,0,10,1059,0,1,1,1,1,1,1,0.5999714,1,Late,Medium Risk
8033,2,2,5,2,263,4,1,1,3,1740,1,1,1,1,1,1,1,0.6505988,1,Late,High Risk
8034,4,2,5,2,248,5,1,0,3,1046,1,1,1,1,1,1,1,0.5032298,1,Late,Medium Risk
8035,3,2,7,2,289,5,1,1,1,1178,0,1,1,1,1,1,1,0.47821355,0,On Time,Medium Risk
8036,4,2,4,4,256,5,0,1,1,1927,1,1,1,1,1,1,0,0.33613965,0,On Time,Medium Risk
8037,0,2,6,2,287,4,1,0,7,1837,1,1,1,1,1,1,1,0.5493379,1,Late,Medium Risk
8038,1,2,4,2,250,5,2,1,10,1026,1,1,1,1,1,1,1,0.64341605,1,Late,High Risk
8039,2,2,7,3,301,4,2,1,1,1966,1,1,1,1,1,1,0,0.47042367,0,On Time,Medium Risk
8040,4,2,4,1,245,5,1,0,3,1537,0,1,1,1,1,1,1,0.6198371,1,Late,High Risk
8041,3,2,4,5,226,5,2,1,8,1133,0,1,1,1,1,1,0,0.76205033,1,Late,High Risk
8042,4,2,6,2,272,5,1,1,8,1045,0,1,1,1,1,1,1,0.7477725,1,Late,High Risk
8043,0,2,3,3,307,5,1,0,3,1578,1,0,1,1,1,1,0,0.628862,1,Late,High Risk
8044,1,2,6,1,138,3,1,1,6,1604,0,1,1,1,0,1,1,0.19289708,0,On Time,Low Risk
8045,2,2,5,1,248,5,1,0,8,1810,0,1,1,1,1,1,1,0.672512,1,Late,High Risk
8046,4,2,5,1,307,4,1,1,8,1511,1,1,1,1,1,1,1,0.5629199,1,Late,Medium Risk
8047,3,2,6,2,256,4,1,0,6,1507,0,1,1,1,1,1,1,0.6953069,1,Late,High Risk
8048,4,2,6,5,301,5,1,1,8,1443,0,1,1,1,1,1,0,0.5447226,1,Late,Medium Risk
8049,0,2,7,3,245,4,2,0,10,1610,1,1,1,1,1,1,0,0.5627737,1,Late,Medium Risk
8050,1,2,2,2,168,2,2,0,2,1227,1,0,1,1,0,0,1,0.08903857,0,On Time,Low Risk
8051,2,2,6,1,295,4,1,1,10,1600,0,1,1,1,1,1,1,0.76292783,1,Late,High Risk
8052,4,2,6,4,299,4,1,1,9,1527,0,1,1,1,1,1,0,0.58487576,1,Late,Medium Risk
8053,3,2,6,4,253,4,2,1,9,1488,0,1,1,1,1,1,0,0.7415615,1,Late,High Risk
8054,4,2,7,4,269,4,2,1,5,1073,0,1,1,1,1,1,0,0.66653085,1,Late,High Risk
8055,0,2,5,1,267,5,2,0,10,1818,0,1,1,1,1,1,1,0.7234455,1,Late,High Risk
8056,1,2,3,5,212,3,2,1,7,4411,1,0,1,0,0,1,0,0.69389564,1,Late,High Risk
8057,2,1,5,3,258,3,2,0,1,5719,0,1,1,0,1,1,0,0.4978137,0,On Time,Medium Risk
8058,4,1,4,3,136,3,1,1,6,4911,1,1,1,0,0,1,0,0.56503105,1,Late,Medium Risk
8059,3,1,3,1,101,2,2,0,1,5560,0,0,1,0,0,0,1,0.61903656,1,Late,High Risk
8060,4,1,5,2,191,4,1,0,3,5578,0,1,1,0,0,1,1,0.7575114,1,Late,High Risk
8061,0,1,5,5,186,4,1,1,3,4287,0,1,1,0,0,1,0,0.75035405,1,Late,High Risk
8062,1,1,4,4,104,5,1,0,7,5590,0,1,1,0,0,1,0,0.3853184,0,On Time,Medium Risk
8063,2,1,4,3,201,4,2,0,3,4797,0,1,1,0,0,1,0,0.6154042,1,Late,High Risk
8064,4,1,3,2,235,2,2,0,10,4172,0,0,1,0,1,0,1,0.7246232,1,Late,High Risk
8065,3,1,4,4,271,6,0,1,3,5204,0,1,1,0,1,1,0,0.6313357,1,Late,High Risk
8066,4,1,2,3,133,4,1,0,5,5989,1,0,1,0,0,1,0,0.47378442,0,On Time,Medium Risk
8067,0,1,3,1,256,4,1,1,6,4814,1,0,1,0,1,1,1,0.61544394,1,Late,High Risk
8068,1,1,3,1,225,2,1,0,2,4438,1,0,1,0,1,0,1,0.5467625,1,Late,Medium Risk
8069,2,1,5,3,202,3,1,1,4,4134,1,1,1,0,0,1,0,0.5037736,1,Late,Medium Risk
8070,4,1,4,4,214,3,2,0,1,4717,0,1,1,0,0,1,0,0.70132315,1,Late,High Risk
8071,3,1,6,3,217,6,2,1,3,4209,0,1,1,0,1,1,0,0.68704283,1,Late,High Risk
8072,4,1,4,1,241,2,1,1,3,5672,0,1,1,0,1,0,1,0.65130866,1,Late,High Risk
8073,0,1,2,3,263,3,1,1,10,5997,0,0,1,0,1,1,0,0.36035383,0,On Time,Medium Risk
8074,1,1,4,2,273,2,1,0,9,4221,0,1,1,0,1,0,1,0.74673295,1,Late,High Risk
8075,2,1,4,4,199,3,1,0,9,5016,0,1,1,0,0,1,0,0.6551063,1,Late,High Risk
8076,4,1,4,1,198,4,2,0,9,5382,0,1,1,0,0,1,1,0.79740924,1,Late,High Risk
8077,3,1,2,4,101,6,1,0,6,5080,1,0,1,0,0,1,0,0.48521447,0,On Time,Medium Risk
8078,4,1,4,4,155,4,1,0,10,5483,1,1,1,0,0,1,0,0.5273113,1,Late,Medium Risk
8079,0,0,2,1,155,2,1,1,2,5661,1,0,1,0,0,0,1,0.5815712,1,Late,Medium Risk
8080,1,0,4,3,117,3,2,0,4,4666,0,1,1,0,0,1,0,0.7792812,1,Late,High Risk
8081,2,0,3,2,262,2,1,1,5,5747,1,0,1,0,1,0,1,0.5367123,1,Late,Medium Risk
8082,4,0,5,4,142,3,1,0,8,5468,1,1,1,0,0,1,0,0.68624955,1,Late,High Risk
8083,3,0,4,4,115,3,2,1,7,4609,0,1,1,0,0,1,0,0.8096658,1,Late,High Risk
8084,4,0,4,4,175,3,1,0,6,4600,1,1,1,0,0,1,0,0.6061848,1,Late,High Risk
8085,0,0,2,5,239,2,1,0,9,5363,1,0,1,0,1,0,0,0.404903,0,On Time,Medium Risk
8086,1,0,4,1,171,2,1,1,3,4271,0,1,1,0,0,0,1,0.7051074,1,Late,High Risk
8087,2,0,4,4,174,3,1,1,8,4348,0,1,1,0,0,1,0,0.60601974,1,Late,High Risk
8088,4,0,4,1,164,3,0,0,1,5492,0,1,1,0,0,1,1,0.8098067,1,Late,High Risk
8089,3,0,3,2,262,2,2,1,4,5738,0,0,1,0,1,0,1,0.56660724,1,Late,Medium Risk
8090,4,0,3,5,262,2,2,0,7,4422,1,0,1,0,1,0,0,0.65573305,1,Late,High Risk
8091,0,0,3,1,245,3,1,0,4,5449,0,0,1,0,1,1,1,0.54350793,1,Late,Medium Risk
8092,1,0,3,4,184,3,1,0,2,4875,0,0,1,0,0,1,0,0.6972783,1,Late,High Risk
8093,2,0,5,1,231,2,1,1,10,4892,1,1,1,0,1,0,1,0.60329455,1,Late,High Risk
8094,4,0,5,1,226,4,0,0,2,5600,0,1,1,0,1,1,1,0.74661636,1,Late,High Risk
8095,3,0,4,1,211,3,2,0,2,5851,0,1,1,0,0,1,1,0.72867966,1,Late,High Risk
8096,4,0,4,2,266,5,2,1,3,4578,0,1,1,0,1,1,1,0.6832969,1,Late,High Risk
8097,0,0,4,2,216,3,1,1,4,4309,1,1,1,0,1,1,1,0.6046009,1,Late,High Risk
8098,1,0,4,3,153,3,1,1,5,5743,1,1,1,0,0,1,0,0.40728283,0,On Time,Medium Risk
8099,2,0,2,2,242,3,0,1,9,4717,0,0,1,0,1,1,1,0.57878137,1,Late,Medium Risk
8100,4,0,5,1,282,5,1,1,6,5182,1,1,1,0,1,1,1,0.60554945,1,Late,High Risk
8101,3,2,4,1,165,3,2,0,10,4574,0,1,1,0,0,1,1,0.74651533,1,Late,High Risk
8102,4,2,3,1,146,3,2,1,9,4944,1,0,1,0,0,1,1,0.6994168,1,Late,High Risk
8103,0,2,5,3,113,3,2,0,5,4743,0,1,1,0,0,1,0,0.76418203,1,Late,High Risk
8104,1,2,3,2,161,3,2,0,1,5757,0,0,1,0,0,1,1,0.6955521,1,Late,High Risk
8105,2,2,2,2,219,2,2,1,8,4518,0,0,1,0,1,0,1,0.6833247,1,Late,High Risk
8106,4,2,4,2,237,2,1,0,1,5261,0,1,1,0,1,0,1,0.755659,1,Late,High Risk
8107,3,2,4,3,246,3,1,1,5,4384,0,1,1,0,1,1,0,0.6290828,1,Late,High Risk
8108,4,2,3,4,229,6,2,0,3,5471,0,0,1,0,1,1,0,0.723138,1,Late,High Risk
8109,0,2,3,3,195,3,1,1,1,4224,0,0,1,0,0,1,0,0.610848,1,Late,High Risk
8110,1,2,4,3,160,2,1,1,5,4522,1,1,1,0,0,0,0,0.7257971,1,Late,High Risk
8111,2,2,3,5,144,2,2,1,6,5983,0,0,1,0,0,0,0,0.7340381,1,Late,High Risk
8112,4,2,3,3,217,4,2,0,3,5602,0,0,1,0,1,1,0,0.7303348,1,Late,High Risk
8113,3,2,3,4,240,3,0,0,6,4412,0,0,1,0,1,1,0,0.5960812,1,Late,Medium Risk
8114,4,2,3,2,210,3,2,1,8,4011,0,0,1,0,0,1,1,0.59895927,1,Late,Medium Risk
8115,0,2,4,2,249,3,1,0,9,5459,1,1,1,0,1,1,1,0.5928489,1,Late,Medium Risk
8116,1,2,4,1,178,3,0,1,3,5520,1,1,1,0,0,1,1,0.6617301,1,Late,High Risk
8117,2,2,6,4,224,4,1,0,6,4493,0,1,1,0,1,1,0,0.66195554,1,Late,High Risk
8118,4,2,3,1,142,3,2,0,10,4915,1,0,1,0,0,1,1,0.69702417,1,Late,High Risk
8119,3,2,4,5,163,2,2,0,10,5529,1,1,1,0,0,0,0,0.62501717,1,Late,High Risk
8120,4,2,4,1,261,4,2,0,10,4632,0,1,1,0,1,1,1,0.64149976,1,Late,High Risk
8121,0,2,3,4,151,3,2,1,5,4767,1,0,1,0,0,1,0,0.70880705,1,Late,High Risk
8122,1,2,4,2,197,2,2,1,3,4715,1,1,1,0,0,0,1,0.6166151,1,Late,High Risk
8123,2,2,6,3,155,2,2,0,1,4182,1,1,1,0,0,0,0,0.49533844,0,On Time,Medium Risk
8124,4,2,3,5,152,4,2,1,2,4809,0,0,1,0,0,1,0,0.6955327,1,Late,High Risk
8125,3,2,4,5,275,6,1,1,3,5008,0,1,1,0,1,1,0,0.797727,1,Late,High Risk
8126,4,2,3,1,102,4,2,0,4,5936,1,0,1,0,0,1,1,0.6353855,1,Late,High Risk
8127,0,2,4,1,285,2,1,1,4,4401,0,1,1,0,1,0,1,0.7443346,1,Late,High Risk
8128,1,2,4,5,248,2,2,1,10,4366,1,1,1,0,1,0,0,0.588719,1,Late,Medium Risk
8129,2,2,3,4,274,3,1,0,7,5036,1,0,1,0,1,1,0,0.66755414,1,Late,High Risk
8130,4,2,4,4,104,4,1,1,6,4323,1,1,1,0,0,1,0,0.4656963,0,On Time,Medium Risk
8131,3,2,5,4,176,3,2,1,10,5456,0,1,1,0,0,1,0,0.6827028,1,Late,High Risk
8132,4,2,5,4,237,3,2,0,1,4369,0,1,1,0,1,1,0,0.638373,1,Late,High Risk
8133,0,2,4,4,247,2,2,1,9,5095,0,1,1,0,1,0,0,0.668656,1,Late,High Risk
8134,1,2,5,5,212,5,1,0,6,4463,0,1,1,0,0,1,0,0.7307023,1,Late,High Risk
8135,2,2,4,5,226,2,1,1,1,4532,0,1,1,0,1,0,0,0.6888842,1,Late,High Risk
8136,4,2,6,2,213,2,2,0,7,5415,0,1,1,0,0,0,1,0.79048306,1,Late,High Risk
8137,3,2,4,3,177,3,1,1,1,5282,0,1,1,0,0,1,0,0.65099204,1,Late,High Risk
8138,4,2,4,5,235,4,2,1,6,4633,1,1,1,0,1,1,0,0.74975115,1,Late,High Risk
8139,0,2,3,4,263,3,2,0,2,5741,1,0,1,0,1,1,0,0.55121905,1,Late,Medium Risk
8140,1,2,3,3,181,3,1,0,10,5337,0,0,1,0,0,1,0,0.7031733,1,Late,High Risk
8141,2,2,3,2,178,2,2,0,2,4122,0,0,1,0,0,0,1,0.6255693,1,Late,High Risk
8142,4,2,3,5,243,3,2,0,4,4130,1,0,1,0,1,1,0,0.59617114,1,Late,Medium Risk
8143,3,2,3,3,230,3,2,0,2,4742,1,0,1,0,1,1,0,0.5487126,1,Late,Medium Risk
8144,4,2,4,3,106,2,2,0,6,5867,0,1,1,0,0,0,0,0.7038587,1,Late,High Risk
8145,0,2,4,5,266,3,2,0,2,4867,0,1,1,0,1,1,0,0.6029292,1,Late,High Risk
8146,1,2,5,2,284,4,1,1,1,4171,1,1,1,0,1,1,1,0.40892965,0,On Time,Medium Risk
8147,2,2,2,5,233,3,1,1,9,4751,1,0,1,0,1,1,0,0.6375971,1,Late,High Risk
8148,4,2,3,3,200,3,0,0,2,4777,1,0,1,0,0,1,0,0.5677993,1,Late,Medium Risk
8149,3,2,3,2,176,2,2,0,1,5292,0,0,1,0,0,0,1,0.70560986,1,Late,High Risk
8150,4,2,5,1,279,5,2,1,4,4405,1,1,1,0,1,1,1,0.5494809,1,Late,Medium Risk
8151,0,2,3,3,164,3,0,1,9,5070,0,0,1,0,0,1,0,0.5702382,1,Late,Medium Risk
8152,1,2,4,3,163,3,1,0,10,5002,1,1,1,0,0,1,0,0.60331565,1,Late,High Risk
8153,2,2,4,5,254,3,2,0,3,4404,0,1,1,0,1,1,0,0.6539013,1,Late,High Risk
8154,4,2,5,4,234,3,1,0,2,4269,0,1,1,0,1,1,0,0.6515093,1,Late,High Risk
8155,3,2,4,1,191,3,1,0,8,4021,1,1,1,0,0,1,1,0.51113397,1,Late,Medium Risk
8156,4,2,3,3,224,3,2,0,5,4214,1,0,1,0,1,1,0,0.60081774,1,Late,High Risk
8157,0,2,3,1,250,2,1,0,5,4232,0,0,1,0,1,0,1,0.6265264,1,Late,High Risk
8158,1,2,4,5,101,6,2,1,8,4146,0,1,1,0,0,1,0,0.7642861,1,Late,High Risk
8159,2,2,3,2,227,3,2,1,6,5058,0,0,1,0,1,1,1,0.6289648,1,Late,High Risk
8160,4,2,3,1,173,2,2,0,4,5521,0,0,1,0,0,0,1,0.77388996,1,Late,High Risk
8161,3,2,4,3,209,5,2,1,6,4384,0,1,1,0,0,1,0,0.7280494,1,Late,High Risk
8162,4,2,3,5,241,3,1,0,4,4132,0,0,1,0,1,1,0,0.5793666,1,Late,Medium Risk
8163,0,2,5,5,257,3,2,0,9,5972,0,1,1,0,1,1,0,0.81223124,1,Late,High Risk
8164,1,2,5,1,146,3,0,0,3,4345,1,1,1,0,0,1,1,0.6035861,1,Late,High Risk
8165,2,2,2,3,129,5,2,1,3,5444,1,0,1,0,0,1,0,0.67187166,1,Late,High Risk
8166,4,2,3,4,285,3,1,1,9,4768,1,0,1,0,1,1,0,0.5338363,1,Late,Medium Risk
8167,3,2,3,1,133,3,1,0,5,5213,1,0,1,0,0,1,1,0.6515076,1,Late,High Risk
8168,4,2,4,2,185,3,1,1,1,4786,0,1,1,0,0,1,1,0.7012272,1,Late,High Risk
8169,0,2,5,5,193,4,2,1,8,5714,0,1,1,0,0,1,0,0.6870565,1,Late,High Risk
8170,1,2,5,4,228,6,2,1,5,4974,1,1,1,0,1,1,0,0.6061611,1,Late,High Risk
8171,2,2,3,3,179,2,1,1,5,5058,0,0,1,0,0,0,0,0.6557208,1,Late,High Risk
8172,4,2,4,2,224,3,1,0,9,4896,0,1,1,0,1,1,1,0.667547,1,Late,High Risk
8173,3,2,3,2,279,6,2,1,1,5855,0,0,1,0,1,1,1,0.76117706,1,Late,High Risk
8174,4,2,4,2,181,3,2,1,4,5717,0,1,1,0,0,1,1,0.69679713,1,Late,High Risk
8175,0,2,5,5,198,2,2,1,9,4526,0,1,1,0,0,0,0,0.78565115,1,Late,High Risk
8176,1,2,3,5,193,3,2,0,4,5817,0,0,1,0,0,1,0,0.6944661,1,Late,High Risk
8177,2,2,5,4,184,3,1,0,1,4208,1,1,1,0,0,1,0,0.630971,1,Late,High Risk
8178,4,2,5,2,139,3,1,1,9,5920,0,1,1,0,0,1,1,0.65733284,1,Late,High Risk
8179,3,2,5,3,210,3,1,1,5,4560,1,1,1,0,0,1,0,0.649343,1,Late,High Risk
8180,4,2,4,3,225,2,1,1,2,4520,1,1,1,0,1,0,0,0.7005063,1,Late,High Risk
8181,0,2,3,1,189,2,1,0,5,4738,0,0,1,0,0,0,1,0.7196068,1,Late,High Risk
8182,1,2,4,5,164,4,1,0,4,5736,0,1,1,0,0,1,0,0.68387425,1,Late,High Risk
8183,2,2,3,5,196,3,1,1,1,5303,1,0,1,0,0,1,0,0.6495712,1,Late,High Risk
8184,4,2,5,3,246,2,2,0,1,4533,0,1,1,0,1,0,0,0.69144726,1,Late,High Risk
8185,3,2,4,4,188,4,1,0,10,4571,1,1,1,0,0,1,0,0.71315145,1,Late,High Risk
8186,4,2,3,3,250,2,2,0,4,4380,0,0,1,0,1,0,0,0.6407283,1,Late,High Risk
8187,0,2,4,2,156,4,2,0,2,5795,1,1,1,0,0,1,1,0.7889483,1,Late,High Risk
8188,1,2,3,1,218,4,1,1,6,5480,1,0,1,0,1,1,1,0.69937843,1,Late,High Risk
8189,2,2,5,5,172,2,1,1,5,5791,0,1,1,0,0,0,0,0.7926162,1,Late,High Risk
8190,4,2,3,1,259,2,1,0,3,4380,0,0,1,0,1,0,1,0.7221754,1,Late,High Risk
8191,3,2,3,3,231,3,2,0,9,4623,1,0,1,0,1,1,0,0.688541,1,Late,High Risk
8192,4,2,5,2,224,3,0,1,4,4271,0,1,1,0,1,1,1,0.64142394,1,Late,High Risk
8193,0,2,4,5,201,3,1,1,7,4048,0,1,1,0,0,1,0,0.58321655,1,Late,Medium Risk
8194,1,1,4,2,189,2,2,1,5,4374,0,1,1,0,0,0,1,0.7169205,1,Late,High Risk
8195,2,1,5,4,265,3,2,1,10,4565,0,1,1,0,1,1,0,0.7273915,1,Late,High Risk
8196,4,1,3,5,147,3,2,1,5,5357,1,0,1,0,0,1,0,0.7866554,1,Late,High Risk
8197,3,1,4,4,195,3,1,0,6,5783,0,1,1,0,0,1,0,0.61582565,1,Late,High Risk
8198,4,1,4,5,216,3,2,0,7,5891,0,1,1,0,1,1,0,0.71205604,1,Late,High Risk
8199,0,1,4,2,148,2,1,1,5,4031,0,1,1,0,0,0,1,0.6572423,1,Late,High Risk
8200,1,1,5,4,180,4,2,0,7,4200,1,1,1,0,0,1,0,0.58952135,1,Late,Medium Risk
8201,2,1,3,3,169,3,1,0,7,5976,0,0,1,0,0,1,0,0.7088678,1,Late,High Risk
8202,4,1,3,4,200,3,1,0,7,5400,0,0,1,0,0,1,0,0.71546316,1,Late,High Risk
8203,3,1,3,3,255,2,1,0,10,5632,0,0,1,0,1,0,0,0.7117289,1,Late,High Risk
8204,4,1,4,3,238,2,1,0,1,4051,0,1,1,0,1,0,0,0.58056355,1,Late,Medium Risk
8205,0,1,3,4,163,3,2,1,5,5088,1,0,1,0,0,1,0,0.7197081,1,Late,High Risk
8206,1,1,4,5,177,3,2,1,7,4031,1,1,1,0,0,1,0,0.43978173,0,On Time,Medium Risk
8207,2,1,4,5,206,3,2,1,5,5785,1,1,1,0,0,1,0,0.5596521,1,Late,Medium Risk
8208,4,1,3,4,175,3,1,0,2,5272,0,0,1,0,0,1,0,0.65724075,1,Late,High Risk
8209,3,1,5,5,247,2,2,1,5,4250,0,1,1,0,1,0,0,0.6745446,1,Late,High Risk
8210,4,1,4,3,152,4,2,0,4,5809,0,1,1,0,0,1,0,0.7207265,1,Late,High Risk
8211,0,1,4,4,162,3,1,0,8,5394,0,1,1,0,0,1,0,0.7276414,1,Late,High Risk
8212,1,1,3,4,206,3,2,0,5,5915,0,0,1,0,0,1,0,0.5695974,1,Late,Medium Risk
8213,2,1,3,4,186,4,1,0,6,5540,0,0,1,0,0,1,0,0.7825479,1,Late,High Risk
8214,4,1,4,5,179,3,1,0,4,4487,0,1,1,0,0,1,0,0.6427309,1,Late,High Risk
8215,3,1,3,5,172,3,2,0,7,4929,0,0,1,0,0,1,0,0.68815655,1,Late,High Risk
8216,4,0,3,3,158,2,2,1,7,4865,0,0,1,0,0,0,0,0.71875584,1,Late,High Risk
8217,0,0,6,5,143,5,0,1,9,4060,0,1,1,0,0,1,0,0.61511624,1,Late,High Risk
8218,1,0,5,3,171,3,2,0,7,4994,0,1,1,0,0,1,0,0.5803034,1,Late,Medium Risk
8219,2,0,4,2,175,3,0,1,4,4426,0,1,1,0,0,1,1,0.63765925,1,Late,High Risk
8220,4,0,4,5,173,3,2,0,8,4040,1,1,1,0,0,1,0,0.32505998,0,On Time,Medium Risk
8221,3,0,4,4,268,3,2,1,10,4531,0,1,1,0,1,1,0,0.65904415,1,Late,High Risk
8222,4,0,4,5,232,3,1,0,8,5923,0,1,1,0,1,1,0,0.7509115,1,Late,High Risk
8223,0,0,4,2,203,4,2,0,9,4217,0,1,1,0,0,1,1,0.7872701,1,Late,High Risk
8224,1,0,3,4,140,3,1,1,3,5300,0,0,1,0,0,1,0,0.7492926,1,Late,High Risk
8225,2,0,3,4,138,3,2,0,10,4327,1,0,1,0,0,1,0,0.6569643,1,Late,High Risk
8226,4,0,5,1,262,3,2,1,9,5146,0,1,1,0,1,1,1,0.6853173,1,Late,High Risk
8227,3,0,4,1,245,3,1,0,9,4024,1,1,1,0,1,1,1,0.5722692,1,Late,Medium Risk
8228,4,0,3,4,224,3,1,0,10,4806,1,0,1,0,1,1,0,0.581479,1,Late,Medium Risk
8229,0,0,3,4,186,2,1,0,4,4585,0,0,1,0,0,0,0,0.7281978,1,Late,High Risk
8230,1,0,4,2,282,4,2,1,5,5422,1,1,1,0,1,1,1,0.60603034,1,Late,High Risk
8231,2,0,5,1,266,3,1,1,8,4786,1,1,1,0,1,1,1,0.51974446,1,Late,Medium Risk
8232,4,0,4,2,256,4,1,0,7,5571,0,1,1,0,1,1,1,0.6850591,1,Late,High Risk
8233,3,0,3,3,155,3,2,0,7,5464,0,0,1,0,0,1,0,0.6282667,1,Late,High Risk
8234,4,0,2,4,142,3,0,1,2,5700,0,0,1,0,0,1,0,0.8183122,1,Late,High Risk
8235,0,0,6,3,229,8,2,1,6,4600,0,1,1,0,1,1,0,0.7195721,1,Late,High Risk
8236,1,0,4,3,211,8,2,0,6,5583,0,1,1,0,0,1,0,0.63920677,1,Late,High Risk
8237,2,0,5,1,264,6,0,0,4,5337,0,1,1,0,1,1,1,0.6656768,1,Late,High Risk
8238,4,2,6,1,217,4,2,1,3,5571,0,1,1,0,1,1,1,0.785769,1,Late,High Risk
8239,3,2,5,3,145,3,1,1,3,4077,1,1,1,0,0,1,0,0.5466547,1,Late,Medium Risk
8240,4,2,3,2,185,4,1,1,6,5854,0,0,1,0,0,1,1,0.8163859,1,Late,High Risk
8241,0,2,4,4,221,10,0,1,6,5582,1,1,1,0,1,1,0,0.5505156,1,Late,Medium Risk
8242,1,2,4,5,208,3,1,0,8,4632,0,1,1,0,0,1,0,0.7437221,1,Late,High Risk
8243,2,2,4,5,260,2,2,1,2,5368,0,1,1,0,1,0,0,0.749929,1,Late,High Risk
8244,4,2,4,4,177,7,1,0,3,5646,1,1,1,0,0,1,0,0.5957898,1,Late,Medium Risk
8245,3,2,4,1,144,4,1,0,10,4175,0,1,1,0,0,1,1,0.8331357,1,Late,High Risk
8246,4,2,3,5,174,2,1,0,4,5692,0,0,1,0,0,0,0,0.77575785,1,Late,High Risk
8247,0,2,3,2,215,4,0,1,1,4158,0,0,1,0,1,1,1,0.5638702,1,Late,Medium Risk
8248,1,2,4,5,270,10,2,1,9,5085,1,1,1,0,1,1,0,0.69516903,1,Late,High Risk
8249,2,2,3,4,209,2,0,1,10,4540,0,0,1,0,0,0,0,0.7202077,1,Late,High Risk
8250,4,2,5,1,103,5,1,0,10,5413,1,1,1,0,0,1,1,0.50323814,1,Late,Medium Risk
8251,3,2,5,1,184,3,1,0,10,4674,1,1,1,0,0,1,1,0.66396916,1,Late,High Risk
8252,4,2,5,3,226,2,0,0,6,5033,0,1,1,0,1,0,0,0.7277766,1,Late,High Risk
8253,0,2,5,2,158,3,1,1,4,4324,0,1,1,0,0,1,1,0.71093845,1,Late,High Risk
8254,1,2,3,2,274,2,0,1,2,5029,0,0,1,0,1,0,1,0.6146973,1,Late,High Risk
8255,2,2,3,4,245,3,2,0,7,5429,0,0,1,0,1,1,0,0.6389772,1,Late,High Risk
8256,4,2,5,3,254,6,1,1,8,1932,0,1,1,1,1,1,0,0.6678686,1,Late,High Risk
8257,3,2,5,3,252,5,1,1,2,1312,1,1,1,1,1,1,0,0.6479531,1,Late,High Risk
8258,4,2,6,4,254,4,1,1,2,1174,0,1,1,1,1,1,0,0.6850205,1,Late,High Risk
8259,0,2,4,3,263,5,1,0,10,1762,0,1,1,1,1,1,0,0.53010267,1,Late,Medium Risk
8260,1,2,5,1,256,5,1,0,5,1970,0,1,1,1,1,1,1,0.5678707,1,Late,Medium Risk
8261,2,2,6,5,264,4,2,0,9,1922,1,1,1,1,1,1,0,0.6119998,1,Late,High Risk
8262,4,2,4,2,237,5,1,1,6,1734,1,1,1,1,1,1,1,0.7476154,1,Late,High Risk
8263,3,2,4,1,226,5,2,0,2,1912,0,1,1,1,1,1,1,0.68501025,1,Late,High Risk
8264,4,2,7,1,289,4,1,0,4,1543,1,1,1,1,1,1,1,0.4975085,0,On Time,Medium Risk
8265,0,2,7,1,281,4,1,0,9,1235,0,1,1,1,1,1,1,0.5353425,1,Late,Medium Risk
8266,1,2,5,5,258,5,1,1,6,1068,1,1,1,1,1,1,0,0.6171302,1,Late,High Risk
8267,2,2,6,4,263,4,1,1,3,1276,0,1,1,1,1,1,0,0.5881675,1,Late,Medium Risk
8268,4,2,5,3,245,5,1,0,1,1605,0,1,1,1,1,1,0,0.6048125,1,Late,High Risk
8269,3,2,7,3,296,4,2,0,7,1427,0,1,1,1,1,1,0,0.6952382,1,Late,High Risk
8270,4,2,7,4,286,4,1,1,3,1262,1,1,1,1,1,1,0,0.3717445,0,On Time,Medium Risk
8271,0,2,6,3,252,2,1,1,6,1470,1,1,1,1,1,0,0,0.56572676,1,Late,Medium Risk
8272,1,2,6,5,301,4,1,0,4,1707,1,1,1,1,1,1,0,0.4926154,0,On Time,Medium Risk
8273,2,2,7,4,290,4,1,0,10,1886,1,1,1,1,1,1,0,0.40514702,0,On Time,Medium Risk
8274,4,2,7,2,247,4,2,0,9,1096,1,1,1,1,1,1,1,0.34023672,0,On Time,Medium Risk
8275,3,2,3,1,138,3,2,0,2,4766,1,0,1,0,0,1,1,0.48527515,0,On Time,Medium Risk
8276,4,2,5,4,262,3,2,0,6,4428,0,1,1,0,1,1,0,0.64221597,1,Late,High Risk
8277,0,2,4,2,245,3,1,0,5,5226,0,1,1,0,1,1,1,0.6761773,1,Late,High Risk
8278,1,2,3,1,224,3,1,0,1,4862,1,0,1,0,1,1,1,0.5769136,1,Late,Medium Risk
8279,2,2,3,1,186,2,1,0,1,5054,1,0,1,0,0,0,1,0.68361205,1,Late,High Risk
8280,4,2,4,1,282,4,2,1,10,5065,0,1,1,0,1,1,1,0.73697376,1,Late,High Risk
8281,3,2,5,4,266,3,1,1,2,5260,1,1,1,0,1,1,0,0.583092,1,Late,Medium Risk
8282,4,2,4,5,256,4,1,0,8,5244,1,1,1,0,1,1,0,0.6397455,1,Late,High Risk
8283,0,2,3,1,155,3,2,0,7,5709,0,0,1,0,0,1,1,0.6702265,1,Late,High Risk
8284,1,2,2,5,142,3,0,1,10,5174,0,0,1,0,0,1,0,0.694243,1,Late,High Risk
8285,2,2,6,5,229,8,2,0,2,4271,1,1,1,0,1,1,0,0.61343944,1,Late,High Risk
8286,4,2,4,3,211,8,2,0,3,4550,0,1,1,0,0,1,0,0.7510538,1,Late,High Risk
8287,3,2,5,5,264,6,0,1,8,4644,1,1,1,0,1,1,0,0.46536025,0,On Time,Medium Risk
8288,4,2,6,4,217,4,2,0,4,4247,1,1,1,0,1,1,0,0.6914993,1,Late,High Risk
8289,0,2,5,4,145,3,1,1,2,4492,1,1,1,0,0,1,0,0.63635427,1,Late,High Risk
8290,1,2,3,5,185,4,1,1,9,5704,0,0,1,0,0,1,0,0.7336937,1,Late,High Risk
8291,2,2,4,5,221,10,0,1,9,4646,0,1,1,0,1,1,0,0.4902352,0,On Time,Medium Risk
8292,4,2,4,2,208,3,1,1,8,4342,0,1,1,0,0,1,1,0.7460052,1,Late,High Risk
8293,3,2,4,4,260,2,2,1,6,4474,0,1,1,0,1,0,0,0.69753927,1,Late,High Risk
8294,4,2,4,5,177,7,1,0,2,4299,0,1,1,0,0,1,0,0.62950903,1,Late,High Risk
8295,0,2,4,1,144,4,1,1,8,4970,0,1,1,0,0,1,1,0.72683305,1,Late,High Risk
8296,1,2,3,3,174,2,1,0,1,5556,0,0,1,0,0,0,0,0.75174874,1,Late,High Risk
8297,2,2,3,2,215,4,0,1,2,4673,1,0,1,0,1,1,1,0.4042185,0,On Time,Medium Risk
8298,4,2,4,1,270,10,2,0,5,5494,1,1,1,0,1,1,1,0.5873218,1,Late,Medium Risk
8299,3,2,3,4,209,2,0,0,5,4363,0,0,1,0,0,0,0,0.64089936,1,Late,High Risk
8300,4,2,5,1,103,5,1,1,3,4966,0,1,1,0,0,1,1,0.7235034,1,Late,High Risk
8301,0,2,5,2,184,3,1,0,4,4552,0,1,1,0,0,1,1,0.7326348,1,Late,High Risk
8302,1,2,5,3,226,2,0,0,2,4219,0,1,1,0,1,0,0,0.5980118,1,Late,Medium Risk
8303,2,2,5,4,158,3,1,0,10,4670,1,1,1,0,0,1,0,0.56588984,1,Late,Medium Risk
8304,4,2,3,1,274,2,0,1,2,4352,0,0,1,0,1,0,1,0.7267991,1,Late,High Risk
8305,3,2,3,2,245,3,2,0,7,4121,0,0,1,0,1,1,1,0.61922735,1,Late,High Risk
8306,4,2,5,4,254,6,1,1,4,1850,1,1,1,1,1,1,0,0.5999664,1,Late,Medium Risk
8307,0,2,5,4,252,5,1,1,9,1133,1,1,1,1,1,1,0,0.6408524,1,Late,High Risk
8308,1,2,6,2,254,4,1,0,9,1626,0,1,1,1,1,1,1,0.7995148,1,Late,High Risk
8309,2,2,4,1,263,5,1,1,3,1777,0,1,1,1,1,1,1,0.6057092,1,Late,High Risk
8310,4,2,5,5,256,5,1,0,10,1333,1,1,1,1,1,1,0,0.62120223,1,Late,High Risk
8311,3,2,6,3,264,4,2,1,5,1397,0,1,1,1,1,1,0,0.74824345,1,Late,High Risk
8312,4,2,4,1,237,5,1,0,5,1041,0,1,1,1,1,1,1,0.7276821,1,Late,High Risk
8313,0,2,4,1,226,5,2,1,6,1723,0,1,1,1,1,1,1,0.7121868,1,Late,High Risk
8314,1,2,7,4,289,4,1,1,1,1657,0,1,1,1,1,1,0,0.51629925,1,Late,Medium Risk
8315,2,2,7,2,281,4,1,0,6,1118,1,1,1,1,1,1,1,0.50978595,1,Late,Medium Risk
8316,4,2,5,5,258,5,1,0,10,1719,1,1,1,1,1,1,0,0.56177014,1,Late,Medium Risk
8317,3,2,6,5,263,4,1,1,10,1669,0,1,1,1,1,1,0,0.72334474,1,Late,High Risk
8318,4,2,5,3,245,5,1,0,10,1112,0,1,1,1,1,1,0,0.6554533,1,Late,High Risk
8319,0,2,7,3,296,4,2,0,2,1304,1,1,1,1,1,1,0,0.67132545,1,Late,High Risk
8320,1,2,7,3,286,4,1,1,2,1712,1,1,1,1,1,1,0,0.37445197,0,On Time,Medium Risk
8321,2,2,6,5,299,4,1,0,1,1629,1,1,1,1,1,1,0,0.6614274,1,Late,High Risk
8322,4,2,6,4,253,4,2,1,10,1248,0,1,1,1,1,1,0,0.65615344,1,Late,High Risk
8323,3,2,7,5,269,4,2,0,9,1835,0,1,1,1,1,1,0,0.66739374,1,Late,High Risk
8324,4,2,5,1,267,5,2,0,3,1194,1,1,1,1,1,1,1,0.6981217,1,Late,High Risk
8325,0,2,5,4,226,5,2,0,4,1518,0,1,1,1,1,1,0,0.67050356,1,Late,High Risk
8326,1,2,6,4,278,4,1,1,3,1141,1,1,1,1,1,1,0,0.56444204,1,Late,Medium Risk
8327,2,2,4,4,232,5,2,1,2,1386,0,1,1,1,1,1,0,0.7016177,1,Late,High Risk
8328,4,2,6,4,287,4,1,0,5,1972,1,1,1,1,1,1,0,0.43929735,0,On Time,Medium Risk
8329,3,2,4,2,228,5,1,1,6,1718,0,1,1,1,1,1,1,0.68982196,1,Late,High Risk
8330,4,2,5,1,232,5,1,1,4,1776,0,1,1,1,1,1,1,0.7401343,1,Late,High Risk
8331,0,1,6,5,308,4,1,1,8,1569,1,1,1,1,1,1,0,0.6668246,1,Late,High Risk
8332,1,1,7,5,287,4,1,0,8,1748,0,1,1,1,1,1,0,0.5620133,1,Late,Medium Risk
8333,2,1,6,3,246,4,2,0,8,1741,0,1,1,1,1,1,0,0.6752534,1,Late,High Risk
8334,4,1,4,1,262,6,1,1,1,1627,1,1,1,1,1,1,1,0.58265156,1,Late,Medium Risk
8335,3,1,6,4,275,4,1,1,10,1005,0,1,1,1,1,1,0,0.69074994,1,Late,High Risk
8336,4,1,5,4,236,5,2,0,2,1664,1,1,1,1,1,1,0,0.66793966,1,Late,High Risk
8337,0,1,5,2,221,6,2,1,2,1781,1,1,1,1,1,1,1,0.5890933,1,Late,Medium Risk
8338,1,1,5,4,271,5,1,1,4,1320,0,1,1,1,1,1,0,0.71258557,1,Late,High Risk
8339,2,1,4,4,229,5,1,1,9,1361,0,1,1,1,1,1,0,0.71441895,1,Late,High Risk
8340,4,1,5,1,291,4,1,0,3,1663,1,1,1,1,1,1,1,0.52003044,1,Late,Medium Risk
8341,3,1,5,5,261,6,2,0,1,1082,0,1,1,1,1,1,0,0.81321234,1,Late,High Risk
8342,4,1,6,4,285,4,2,0,10,1422,0,1,1,1,1,1,0,0.58281916,1,Late,Medium Risk
8343,0,1,6,4,262,5,1,1,9,1369,0,1,1,1,1,1,0,0.7614167,1,Late,High Risk
8344,1,1,4,5,219,5,1,1,2,1260,0,1,1,1,1,1,0,0.75722957,1,Late,High Risk
8345,2,1,6,1,302,4,1,0,1,1622,1,1,1,1,1,1,1,0.7439636,1,Late,High Risk
8346,4,1,4,4,269,5,2,0,2,1473,0,1,1,1,1,1,0,0.722024,1,Late,High Risk
8347,3,1,5,4,260,5,1,1,10,1708,1,1,1,1,1,1,0,0.6441196,1,Late,High Risk
8348,4,1,7,2,297,4,1,0,7,1383,1,1,1,1,1,1,1,0.7436395,1,Late,High Risk
8349,0,1,6,1,278,4,2,1,6,1576,0,1,1,1,1,1,1,0.80930495,1,Late,High Risk
8350,1,1,5,3,265,5,1,0,3,1005,1,1,1,1,1,1,0,0.70832324,1,Late,High Risk
8351,2,1,6,2,286,4,1,0,5,1248,1,1,1,1,1,1,1,0.4842803,0,On Time,Medium Risk
8352,4,1,6,2,248,4,1,0,10,1563,1,1,1,1,1,1,1,0.60764503,1,Late,High Risk
8353,3,0,6,5,302,4,1,0,7,1592,0,1,1,1,1,1,0,0.7082388,1,Late,High Risk
8354,4,0,6,1,272,4,1,0,2,1018,0,1,1,1,1,1,1,0.7584657,1,Late,High Risk
8355,0,0,6,4,279,4,1,0,10,1462,1,1,1,1,1,1,0,0.75676435,1,Late,High Risk
8356,1,0,4,2,255,5,2,1,2,1255,0,1,1,1,1,1,1,0.6564542,1,Late,High Risk
8357,2,0,5,4,245,5,2,0,4,1771,1,1,1,1,1,1,0,0.6528323,1,Late,High Risk
8358,4,0,4,5,247,5,2,1,6,1737,0,1,1,1,1,1,0,0.7079917,1,Late,High Risk
8359,3,0,6,4,275,4,2,0,5,1989,0,1,1,1,1,1,0,0.6759815,1,Late,High Risk
8360,4,0,6,3,255,4,2,0,8,1805,0,1,1,1,1,1,0,0.6519885,1,Late,High Risk
8361,0,0,6,2,243,4,0,1,2,1665,1,1,1,1,1,1,1,0.4077299,0,On Time,Medium Risk
8362,1,0,4,1,234,6,1,1,7,1711,0,1,1,1,1,1,1,0.7043273,1,Late,High Risk
8363,2,0,5,2,276,6,2,0,6,1043,0,1,1,1,1,1,1,0.7630024,1,Late,High Risk
8364,4,0,5,1,228,5,1,0,7,1818,0,1,1,1,1,1,1,0.76413596,1,Late,High Risk
8365,3,0,5,5,232,6,1,1,2,1550,1,1,1,1,1,1,0,0.66642743,1,Late,High Risk
8366,4,0,5,1,248,4,1,0,6,1944,1,1,1,1,1,1,1,0.6397204,1,Late,High Risk
8367,0,0,5,4,136,4,1,1,9,5469,0,1,1,0,0,1,0,0.7669134,1,Late,High Risk
8368,1,0,4,3,240,3,1,0,8,4423,0,1,1,0,1,1,0,0.60271555,1,Late,High Risk
8369,2,0,4,4,147,3,2,1,9,4534,1,1,1,0,0,1,0,0.801269,1,Late,High Risk
8370,4,0,4,1,222,2,1,0,10,4714,1,1,1,0,1,0,1,0.59506506,1,Late,Medium Risk
8371,3,0,3,3,163,3,2,1,5,5362,0,0,1,0,0,1,0,0.7098347,1,Late,High Risk
8372,4,0,5,4,254,3,1,0,4,5611,1,1,1,0,1,1,0,0.6731173,1,Late,High Risk
8373,0,0,4,2,246,3,2,1,1,5113,0,1,1,0,1,1,1,0.59663373,1,Late,Medium Risk
8374,1,0,2,1,168,4,1,1,6,4800,0,0,1,0,0,1,1,0.77227104,1,Late,High Risk
8375,2,2,4,1,145,3,2,1,8,4915,0,1,1,0,0,1,1,0.7016345,1,Late,High Risk
8376,4,2,5,2,224,2,2,1,8,4047,1,1,1,0,1,0,1,0.6704478,1,Late,High Risk
8377,3,2,4,5,248,4,1,0,2,4427,0,1,1,0,1,1,0,0.6248591,1,Late,High Risk
8378,4,2,3,3,212,2,1,1,2,5125,0,0,1,0,0,0,0,0.7442814,1,Late,High Risk
8379,0,2,5,5,268,3,1,0,8,5480,0,1,1,0,1,1,0,0.54033536,1,Late,Medium Risk
8380,1,2,4,1,200,3,2,0,5,4120,1,1,1,0,0,1,1,0.5884514,1,Late,Medium Risk
8381,2,2,5,2,246,3,1,0,9,5795,0,1,1,0,1,1,1,0.69340193,1,Late,High Risk
8382,4,2,4,3,142,3,2,1,1,4900,0,1,1,0,0,1,0,0.670133,1,Late,High Risk
8383,3,2,4,3,173,4,1,1,9,5672,0,1,1,0,0,1,0,0.6668097,1,Late,High Risk
8384,4,2,5,3,156,4,2,0,8,5868,0,1,1,0,0,1,0,0.69502807,1,Late,High Risk
8385,0,2,3,1,223,2,1,1,8,5719,1,0,1,0,1,0,1,0.6127837,1,Late,High Risk
8386,1,2,4,5,231,3,1,0,4,5174,1,1,1,0,1,1,0,0.6255953,1,Late,High Risk
8387,2,2,2,4,264,3,1,0,1,5437,1,0,1,0,1,1,0,0.7430405,1,Late,High Risk
8388,4,2,4,4,175,5,1,1,10,4498,1,1,1,0,0,1,0,0.6775465,1,Late,High Risk
8389,3,2,2,4,149,5,2,0,7,5541,0,0,1,0,0,1,0,0.8132481,1,Late,High Risk
8390,4,2,3,1,226,2,1,1,7,4703,0,0,1,0,1,0,1,0.638464,1,Late,High Risk
8391,0,2,3,1,133,3,2,0,5,4538,0,0,1,0,0,1,1,0.782611,1,Late,High Risk
8392,1,2,5,2,190,2,1,1,1,5005,0,1,1,0,0,0,1,0.6121551,1,Late,High Risk
8393,2,2,3,5,238,2,0,1,5,4052,0,0,1,0,1,0,0,0.5059929,1,Late,Medium Risk
8394,4,2,6,4,152,3,1,1,10,4376,1,1,1,0,0,1,0,0.5189035,1,Late,Medium Risk
8395,3,2,3,4,249,3,0,0,10,5629,1,0,1,0,1,1,0,0.55546516,1,Late,Medium Risk
8396,4,2,4,3,181,2,1,0,4,5622,1,1,1,0,0,0,0,0.7400455,1,Late,High Risk
8397,0,2,3,3,239,2,2,0,2,5625,0,0,1,0,1,0,0,0.6541637,1,Late,High Risk
8398,1,2,3,1,167,3,2,1,10,4341,1,0,1,0,0,1,1,0.6869982,1,Late,High Risk
8399,2,2,3,5,246,3,2,1,1,5650,1,0,1,0,1,1,0,0.61326104,1,Late,High Risk
8400,4,2,5,1,139,3,2,0,1,5953,1,1,1,0,0,1,1,0.44999766,0,On Time,Medium Risk
8401,3,2,5,1,150,4,1,0,1,5098,0,1,1,0,0,1,1,0.815708,1,Late,High Risk
8402,4,2,3,3,151,3,2,0,1,5297,0,0,1,0,0,1,0,0.75876695,1,Late,High Risk
8403,0,2,4,1,186,3,1,0,6,4758,0,1,1,0,0,1,1,0.730157,1,Late,High Risk
8404,1,2,3,4,250,3,1,1,6,5565,0,0,1,0,1,1,0,0.69239193,1,Late,High Risk
8405,2,2,4,1,162,3,2,1,6,4343,1,1,1,0,0,1,1,0.7204921,1,Late,High Risk
8406,4,2,5,3,135,3,2,0,5,4484,0,1,1,0,0,1,0,0.67819136,1,Late,High Risk
8407,3,2,3,1,238,2,2,1,5,4355,1,0,1,0,1,0,1,0.65623415,1,Late,High Risk
8408,4,2,6,5,167,2,1,1,10,4013,1,1,1,0,0,0,0,0.44636506,0,On Time,Medium Risk
8409,0,2,4,1,269,5,2,1,3,4534,1,1,1,0,1,1,1,0.73151875,1,Late,High Risk
8410,1,2,4,2,187,2,2,1,7,4470,1,1,1,0,0,0,1,0.6883972,1,Late,High Risk
8411,2,2,3,3,241,2,0,1,2,4836,1,0,1,0,1,0,0,0.47331986,0,On Time,Medium Risk
8412,4,2,3,2,168,3,2,1,10,4979,1,0,1,0,0,1,1,0.66294056,1,Late,High Risk
8413,3,2,4,4,273,2,1,1,1,5759,1,1,1,0,1,0,0,0.41693702,0,On Time,Medium Risk
8414,4,2,4,3,257,3,1,1,8,4447,1,1,1,0,1,1,0,0.5833654,1,Late,Medium Risk
8415,0,2,5,1,205,2,1,0,3,5682,1,1,1,0,0,0,1,0.67500335,1,Late,High Risk
8416,1,2,4,1,260,5,1,1,1,5559,1,1,1,0,1,1,1,0.65414697,1,Late,High Risk
8417,2,2,2,1,207,3,2,0,10,5394,0,0,1,0,0,1,1,0.75947547,1,Late,High Risk
8418,4,2,3,1,202,2,2,1,7,4598,0,0,1,0,0,0,1,0.79544175,1,Late,High Risk
8419,3,2,5,1,224,3,1,1,7,5870,1,1,1,0,1,1,1,0.7259988,1,Late,High Risk
8420,4,2,5,1,193,2,1,1,8,5184,0,1,1,0,0,0,1,0.84130174,1,Late,High Risk
8421,0,2,5,3,199,3,1,0,3,4885,1,1,1,0,0,1,0,0.5723912,1,Late,Medium Risk
8422,1,2,4,3,187,4,1,1,9,5699,1,1,1,0,0,1,0,0.69494444,1,Late,High Risk
8423,2,2,5,2,208,3,1,1,6,4744,1,1,1,0,0,1,1,0.6584285,1,Late,High Risk
8424,4,2,3,5,228,2,2,0,3,5208,0,0,1,0,1,0,0,0.6910506,1,Late,High Risk
8425,3,2,3,3,160,4,2,0,7,5147,0,0,1,0,0,1,0,0.75172585,1,Late,High Risk
8426,4,2,3,1,195,3,2,0,3,5961,0,0,1,0,0,1,1,0.79286104,1,Late,High Risk
8427,0,2,3,4,240,2,2,0,2,5661,0,0,1,0,1,0,0,0.7187077,1,Late,High Risk
8428,1,2,2,2,271,4,2,1,9,4066,0,0,1,0,1,1,1,0.53710467,1,Late,Medium Risk
8429,2,2,4,1,236,3,1,0,8,4114,0,1,1,0,1,1,1,0.6576386,1,Late,High Risk
8430,4,2,3,2,199,4,2,0,1,5660,0,0,1,0,0,1,1,0.781804,1,Late,High Risk
8431,3,2,3,1,246,2,1,0,9,4947,0,0,1,0,1,0,1,0.6806272,1,Late,High Risk
8432,4,2,3,1,250,4,1,0,8,4028,1,0,1,0,1,1,1,0.55127895,1,Late,Medium Risk
8433,0,2,4,1,188,2,1,1,10,5085,1,1,1,0,0,0,1,0.67969036,1,Late,High Risk
8434,1,2,3,2,256,3,1,1,1,4932,0,0,1,0,1,1,1,0.553262,1,Late,Medium Risk
8435,2,2,3,5,147,3,2,1,8,5272,1,0,1,0,0,1,0,0.6318093,1,Late,High Risk
8436,4,2,3,3,234,3,1,0,6,5652,0,0,1,0,1,1,0,0.753605,1,Late,High Risk
8437,3,2,3,1,247,4,1,0,8,5376,1,0,1,0,1,1,1,0.61267143,1,Late,High Risk
8438,4,2,5,1,267,4,1,1,5,5792,0,1,1,0,1,1,1,0.6788136,1,Late,High Risk
8439,0,2,6,5,246,5,0,0,3,4660,1,1,1,0,1,1,0,0.48947176,0,On Time,Medium Risk
8440,1,2,4,1,284,4,1,0,4,4795,1,1,1,0,1,1,1,0.58114773,1,Late,Medium Risk
8441,2,2,3,3,142,6,2,0,2,5748,1,0,1,0,0,1,0,0.55503786,1,Late,Medium Risk
8442,4,2,3,1,132,2,2,1,2,4129,0,0,1,0,0,0,1,0.63009477,1,Late,High Risk
8443,3,2,3,5,252,2,0,1,4,4098,1,0,1,0,1,0,0,0.43947688,0,On Time,Medium Risk
8444,4,2,4,1,243,3,0,0,5,5989,0,1,1,0,1,1,1,0.75680137,1,Late,High Risk
8445,0,2,6,4,281,3,1,0,7,5180,0,1,1,0,1,1,0,0.4995272,0,On Time,Medium Risk
8446,1,2,3,5,142,2,1,1,6,5974,1,0,1,0,0,0,0,0.7660868,1,Late,High Risk
8447,2,2,3,1,209,2,1,0,2,4855,0,0,1,0,0,0,1,0.6762606,1,Late,High Risk
8448,4,2,3,3,157,4,2,0,7,4487,1,0,1,0,0,1,0,0.6958097,1,Late,High Risk
8449,3,2,5,1,267,3,1,1,7,5789,1,1,1,0,1,1,1,0.5465941,1,Late,Medium Risk
8450,4,2,5,5,177,5,1,0,1,4379,1,1,1,0,0,1,0,0.5656289,1,Late,Medium Risk
8451,0,2,4,3,214,2,2,0,6,4345,0,1,1,0,0,0,0,0.69664246,1,Late,High Risk
8452,1,2,4,3,247,3,1,0,4,4962,1,1,1,0,1,1,0,0.5289645,1,Late,Medium Risk
8453,2,2,3,1,268,4,1,1,10,5226,1,0,1,0,1,1,1,0.6666828,1,Late,High Risk
8454,4,2,5,3,242,3,2,0,6,5013,1,1,1,0,1,1,0,0.67632335,1,Late,High Risk
8455,3,2,2,4,176,3,1,1,1,4509,0,0,1,0,0,1,0,0.80736226,1,Late,High Risk
8456,4,2,5,5,231,3,2,0,10,5361,0,1,1,0,1,1,0,0.73006755,1,Late,High Risk
8457,0,2,3,5,124,2,2,1,1,5709,1,0,1,0,0,0,0,0.53540695,1,Late,Medium Risk
8458,1,2,3,2,179,3,1,1,4,4102,1,0,1,0,0,1,1,0.5902344,1,Late,Medium Risk
8459,2,2,4,3,207,3,1,0,7,4220,1,1,1,0,0,1,0,0.60926944,1,Late,High Risk
8460,4,2,4,2,128,3,2,1,7,5675,1,1,1,0,0,1,1,0.43392265,0,On Time,Medium Risk
8461,3,2,3,5,167,2,2,0,8,5083,0,0,1,0,0,0,0,0.7142046,1,Late,High Risk
8462,4,2,3,2,243,4,2,1,5,4670,1,0,1,0,1,1,1,0.61928,1,Late,High Risk
8463,0,2,4,5,252,4,1,0,6,4983,0,1,1,0,1,1,0,0.71403193,1,Late,High Risk
8464,1,2,4,1,202,2,2,1,10,5428,1,1,1,0,0,0,1,0.7071718,1,Late,High Risk
8465,2,2,4,3,241,2,2,1,3,4636,1,1,1,0,1,0,0,0.6077361,1,Late,High Risk
8466,4,2,4,5,182,2,2,0,10,5098,1,1,1,0,0,0,0,0.6506696,1,Late,High Risk
8467,3,2,2,2,156,3,1,0,5,5628,1,0,1,0,0,1,1,0.566525,1,Late,Medium Risk
8468,4,1,4,4,266,3,1,0,6,5758,1,1,1,0,1,1,0,0.5511276,1,Late,Medium Risk
8469,0,1,4,1,228,3,1,0,9,4678,0,1,1,0,1,1,1,0.66078013,1,Late,High Risk
8470,1,1,4,5,210,4,1,1,3,5432,1,1,1,0,0,1,0,0.6828201,1,Late,High Risk
8471,2,1,3,5,135,2,2,1,7,5331,0,0,1,0,0,0,0,0.7039842,1,Late,High Risk
8472,4,1,4,5,248,2,2,1,4,4789,1,1,1,0,1,0,0,0.60266435,1,Late,High Risk
8473,3,1,3,3,227,3,2,1,3,5644,0,0,1,0,1,1,0,0.6313625,1,Late,High Risk
8474,4,1,3,2,257,3,2,1,2,5486,1,0,1,0,1,1,1,0.5623129,1,Late,Medium Risk
8475,0,1,4,5,199,3,1,1,2,4462,0,1,1,0,0,1,0,0.6752661,1,Late,High Risk
8476,1,1,4,3,232,2,1,1,1,5398,0,1,1,0,1,0,0,0.7024679,1,Late,High Risk
8477,2,1,5,1,258,6,1,0,7,4344,0,1,1,0,1,1,1,0.58424366,1,Late,Medium Risk
8478,4,1,5,1,268,3,2,0,5,5663,0,1,1,0,1,1,1,0.7048845,1,Late,High Risk
8479,3,1,3,4,260,5,1,1,2,4461,0,0,1,0,1,1,0,0.63563573,1,Late,High Risk
8480,4,1,4,2,190,2,2,0,1,4020,1,1,1,0,0,0,1,0.50292414,1,Late,Medium Risk
8481,0,1,5,5,176,3,2,0,8,5335,1,1,1,0,0,1,0,0.64090484,1,Late,High Risk
8482,1,1,3,2,227,2,1,1,10,5401,0,0,1,0,1,0,1,0.6714919,1,Late,High Risk
8483,2,1,6,4,150,5,2,0,8,4709,0,1,1,0,0,1,0,0.8068784,1,Late,High Risk
8484,4,1,3,2,160,2,0,1,4,4376,0,0,1,0,0,0,1,0.73133045,1,Late,High Risk
8485,3,1,6,3,113,2,2,0,4,5130,1,1,1,0,0,0,0,0.4335235,0,On Time,Medium Risk
8486,4,1,5,1,145,3,1,0,5,5019,0,1,1,0,0,1,1,0.68239546,1,Late,High Risk
8487,0,1,4,4,206,3,1,1,2,5572,1,1,1,0,0,1,0,0.6711331,1,Late,High Risk
8488,1,1,3,1,207,3,1,0,5,4643,1,0,1,0,0,1,1,0.65760374,1,Late,High Risk
8489,2,1,3,3,133,2,2,1,8,4241,0,0,1,0,0,0,0,0.63612294,1,Late,High Risk
8490,4,0,3,5,261,3,1,0,10,4224,1,0,1,0,1,1,0,0.54704595,1,Late,Medium Risk
8491,3,0,4,1,194,2,2,0,1,4198,0,1,1,0,0,0,1,0.72592866,1,Late,High Risk
8492,4,0,3,1,244,3,2,1,6,4062,1,0,1,0,1,1,1,0.51007247,1,Late,Medium Risk
8493,0,0,4,5,150,3,1,1,5,4512,0,1,1,0,0,1,0,0.8294858,1,Late,High Risk
8494,1,0,3,1,267,2,1,1,7,4486,1,0,1,0,1,0,1,0.61640626,1,Late,High Risk
8495,2,0,3,2,251,2,2,0,4,4074,0,0,1,0,1,0,1,0.44102493,0,On Time,Medium Risk
8496,4,0,4,2,185,3,1,1,8,4322,1,1,1,0,0,1,1,0.5949484,1,Late,Medium Risk
8497,3,0,2,1,112,5,1,0,1,4543,0,0,1,0,0,1,1,0.7810013,1,Late,High Risk
8498,4,0,3,2,264,4,2,1,1,4877,0,0,1,0,1,1,1,0.6790124,1,Late,High Risk
8499,0,0,5,4,274,3,1,1,1,5017,1,1,1,0,1,1,0,0.512901,1,Late,Medium Risk
8500,1,0,4,5,234,3,2,0,10,4204,1,1,1,0,1,1,0,0.5444927,1,Late,Medium Risk
8501,2,0,3,1,157,2,2,1,7,5560,0,0,1,0,0,0,1,0.75999516,1,Late,High Risk
8502,4,0,6,1,247,6,2,0,6,4691,0,1,1,0,1,1,1,0.6277009,1,Late,High Risk
8503,3,0,5,1,179,2,0,1,8,5301,1,1,1,0,0,0,1,0.6335824,1,Late,High Risk
8504,4,0,3,1,202,2,2,0,10,4412,1,0,1,0,0,0,1,0.6925559,1,Late,High Risk
8505,0,0,4,2,148,2,2,1,3,4651,0,1,1,0,0,0,1,0.80647105,1,Late,High Risk
8506,1,0,5,1,183,6,2,0,2,5082,0,1,1,0,0,1,1,0.7110131,1,Late,High Risk
8507,2,0,3,2,229,3,2,1,9,4491,1,0,1,0,1,1,1,0.6417187,1,Late,High Risk
8508,4,0,3,4,196,4,1,1,5,4749,1,0,1,0,0,1,0,0.59821063,1,Late,Medium Risk
8509,3,0,3,3,264,3,1,0,6,5482,1,0,1,0,1,1,0,0.58583677,1,Late,Medium Risk
8510,4,0,3,2,233,4,2,1,1,5886,0,0,1,0,1,1,1,0.7404793,1,Late,High Risk
8511,0,0,3,1,166,2,1,0,7,4375,0,0,1,0,0,0,1,0.70892733,1,Late,High Risk
8512,1,2,5,3,185,2,1,1,2,5420,0,1,1,0,0,0,0,0.74338114,1,Late,High Risk
8513,2,2,3,5,184,3,1,0,2,4357,1,0,1,0,0,1,0,0.61643374,1,Late,High Risk
8514,4,2,6,3,98,6,1,1,9,4787,1,1,1,0,0,1,0,0.33332315,0,On Time,Medium Risk
8515,3,2,3,2,177,2,0,0,7,4764,1,0,1,0,0,0,1,0.5894077,1,Late,Medium Risk
8516,4,2,3,5,193,2,1,0,10,5776,0,0,1,0,0,0,0,0.6298826,1,Late,High Risk
8517,0,2,3,3,165,2,2,1,1,4768,0,0,1,0,0,0,0,0.6289058,1,Late,High Risk
8518,1,2,4,4,183,4,1,0,6,4562,1,1,1,0,0,1,0,0.7364633,1,Late,High Risk
8519,2,2,4,4,161,3,1,1,2,5257,0,1,1,0,0,1,0,0.69760025,1,Late,High Risk
8520,4,2,2,1,238,2,1,0,4,4992,0,0,1,0,1,0,1,0.66131055,1,Late,High Risk
8521,3,2,3,5,191,4,1,1,4,4008,1,0,1,0,0,1,0,0.28213394,0,On Time,Low Risk
8522,4,2,3,2,165,3,1,1,6,5642,0,0,1,0,0,1,1,0.7941569,1,Late,High Risk
8523,0,2,3,5,233,2,2,1,1,4913,0,0,1,0,1,0,0,0.60086185,1,Late,High Risk
8524,1,2,4,1,234,2,2,1,4,5066,1,1,1,0,1,0,1,0.6271343,1,Late,High Risk
8525,2,2,4,1,252,3,2,1,4,5540,0,1,1,0,1,1,1,0.6618018,1,Late,High Risk
8526,4,2,3,1,155,3,1,0,9,5539,0,0,1,0,0,1,1,0.73077375,1,Late,High Risk
8527,3,2,3,5,269,8,2,1,8,4462,0,0,1,0,1,1,0,0.64717615,1,Late,High Risk
8528,4,2,4,5,224,2,1,1,8,5871,0,1,1,0,1,0,0,0.77192867,1,Late,High Risk
8529,0,2,5,3,230,3,2,0,7,4844,0,1,1,0,1,1,0,0.53922385,1,Late,Medium Risk
8530,1,2,4,5,253,3,1,0,9,4205,0,1,1,0,1,1,0,0.7303287,1,Late,High Risk
8531,2,2,5,2,181,3,1,1,4,4323,0,1,1,0,0,1,1,0.71860105,1,Late,High Risk
8532,4,2,4,2,233,4,0,0,1,4316,0,1,1,0,1,1,1,0.6666474,1,Late,High Risk
8533,3,2,4,1,243,5,2,0,1,4624,1,1,1,0,1,1,1,0.678728,1,Late,High Risk
8534,4,2,5,4,271,2,2,0,6,4801,1,1,1,0,1,0,0,0.6009593,1,Late,High Risk
8535,0,2,4,3,134,4,1,0,5,4507,1,1,1,0,0,1,0,0.80205107,1,Late,High Risk
8536,1,2,3,5,154,10,0,0,10,5282,1,0,1,0,0,1,0,0.3331703,0,On Time,Medium Risk
8537,2,2,6,1,222,8,1,1,2,4914,0,1,1,0,1,1,1,0.6050892,1,Late,High Risk
8538,4,2,3,4,251,10,2,0,2,4336,1,0,1,0,1,1,0,0.6275834,1,Late,High Risk
8539,3,2,4,3,239,3,1,1,10,4020,0,1,1,0,1,1,0,0.5175504,1,Late,Medium Risk
8540,4,2,5,4,211,3,1,1,9,4908,0,1,1,0,0,1,0,0.70418906,1,Late,High Risk
8541,0,2,3,4,195,10,1,1,5,5950,1,0,1,0,0,1,0,0.5159181,1,Late,Medium Risk
8542,1,2,4,4,224,10,2,0,9,4149,0,1,1,0,1,1,0,0.8568717,1,Late,High Risk
8543,2,2,4,5,144,8,2,0,2,4956,1,1,1,0,0,1,0,0.5025726,1,Late,Medium Risk
8544,4,2,4,2,167,4,0,1,5,5250,0,1,1,0,0,1,1,0.6626705,1,Late,High Risk
8545,3,2,3,1,188,4,2,0,8,5884,1,0,1,0,0,1,1,0.6788754,1,Late,High Risk
8546,4,2,2,4,245,2,2,0,3,5850,1,0,1,0,1,0,0,0.7146498,1,Late,High Risk
8547,0,2,2,5,212,2,0,0,3,4389,0,0,1,0,0,0,0,0.7537195,1,Late,High Risk
8548,1,2,3,3,240,3,1,0,5,4888,1,0,1,0,1,1,0,0.50948757,1,Late,Medium Risk
8549,2,2,5,2,226,5,2,1,5,1323,0,1,1,1,1,1,1,0.7809012,1,Late,High Risk
8550,4,2,6,5,278,4,1,1,2,1167,1,1,1,1,1,1,0,0.6014028,1,Late,High Risk
8551,3,2,4,2,232,5,2,0,4,1783,0,1,1,1,1,1,1,0.7160458,1,Late,High Risk
8552,4,2,6,3,287,4,1,1,3,1824,0,1,1,1,1,1,0,0.41980824,0,On Time,Medium Risk
8553,0,2,4,4,228,5,1,0,1,1788,1,1,1,1,1,1,0,0.49272108,0,On Time,Medium Risk
8554,1,2,5,4,232,5,1,1,10,1512,0,1,1,1,1,1,0,0.7150484,1,Late,High Risk
8555,2,2,6,5,308,4,1,1,8,1164,1,1,1,1,1,1,0,0.57539994,1,Late,Medium Risk
8556,4,2,7,4,287,4,1,1,9,1667,1,1,1,1,1,1,0,0.47863278,0,On Time,Medium Risk
8557,3,2,6,4,246,4,2,1,3,1852,0,1,1,1,1,1,0,0.5998861,1,Late,Medium Risk
8558,4,2,4,5,262,6,1,1,10,1156,0,1,1,1,1,1,0,0.6118896,1,Late,High Risk
8559,0,2,6,1,275,4,1,1,7,1767,0,1,1,1,1,1,1,0.70707065,1,Late,High Risk
8560,1,2,5,1,236,5,2,0,3,1699,0,1,1,1,1,1,1,0.7316166,1,Late,High Risk
8561,2,2,5,4,221,6,2,1,6,1488,1,1,1,1,1,1,0,0.6067178,1,Late,High Risk
8562,4,2,5,1,271,5,1,0,5,1869,1,1,1,1,1,1,1,0.57599807,1,Late,Medium Risk
8563,3,2,4,4,229,5,1,1,7,1049,1,1,1,1,1,1,0,0.6522137,1,Late,High Risk
8564,4,2,3,2,177,2,0,1,9,4648,0,0,1,0,0,0,1,0.7405798,1,Late,High Risk
8565,0,2,3,2,193,2,1,1,3,4799,1,0,1,0,0,0,1,0.61170137,1,Late,High Risk
8566,1,2,3,4,165,2,2,1,1,5745,0,0,1,0,0,0,0,0.7477086,1,Late,High Risk
8567,2,2,4,5,183,4,1,1,3,5881,0,1,1,0,0,1,0,0.6639282,1,Late,High Risk
8568,4,2,4,2,161,3,1,0,8,4382,0,1,1,0,0,1,1,0.7335939,1,Late,High Risk
8569,3,2,2,5,238,2,1,0,6,5325,1,0,1,0,1,0,0,0.7243995,1,Late,High Risk
8570,4,2,3,5,191,4,1,1,2,5177,1,0,1,0,0,1,0,0.6905035,1,Late,High Risk
8571,0,2,3,1,165,3,1,1,10,5823,0,0,1,0,0,1,1,0.77610904,1,Late,High Risk
8572,1,2,3,5,233,2,2,0,2,4193,0,0,1,0,1,0,0,0.6335933,1,Late,High Risk
8573,2,2,4,4,234,2,2,0,8,5744,0,1,1,0,1,0,0,0.6382641,1,Late,High Risk
8574,4,2,4,3,252,3,2,0,10,5802,1,1,1,0,1,1,0,0.54216117,1,Late,Medium Risk
8575,3,2,3,2,155,3,1,1,1,5731,1,0,1,0,0,1,1,0.6491265,1,Late,High Risk
8576,4,2,3,1,269,8,2,0,4,4290,0,0,1,0,1,1,1,0.70686424,1,Late,High Risk
8577,0,2,4,1,224,2,1,0,6,4454,1,1,1,0,1,0,1,0.65368056,1,Late,High Risk
8578,1,2,5,4,230,3,2,1,6,4257,0,1,1,0,1,1,0,0.6276714,1,Late,High Risk
8579,2,2,4,5,253,3,1,0,1,5402,0,1,1,0,1,1,0,0.6439882,1,Late,High Risk
8580,4,2,5,1,181,3,1,0,3,5118,0,1,1,0,0,1,1,0.7244258,1,Late,High Risk
8581,3,2,4,2,233,4,0,0,6,5256,0,1,1,0,1,1,1,0.66105646,1,Late,High Risk
8582,4,2,4,4,243,5,2,1,10,4356,0,1,1,0,1,1,0,0.70401394,1,Late,High Risk
8583,0,2,5,5,271,2,2,1,6,4788,1,1,1,0,1,0,0,0.57104516,1,Late,Medium Risk
8584,1,2,4,3,134,4,1,1,8,4879,1,1,1,0,0,1,0,0.6926092,1,Late,High Risk
8585,2,2,3,2,154,10,0,0,8,5811,1,0,1,0,0,1,1,0.41721803,0,On Time,Medium Risk
8586,4,2,6,4,222,8,1,0,1,5808,1,1,1,0,1,1,0,0.5180158,1,Late,Medium Risk
8587,3,2,3,5,251,10,2,1,9,5962,0,0,1,0,1,1,0,0.74934113,1,Late,High Risk
8588,4,2,4,5,239,3,1,1,6,5154,1,1,1,0,1,1,0,0.65780175,1,Late,High Risk
8589,0,2,5,1,211,3,1,1,7,5594,1,1,1,0,0,1,1,0.678384,1,Late,High Risk
8590,1,2,3,2,195,10,1,0,9,4256,0,0,1,0,0,1,1,0.8303552,1,Late,High Risk
8591,2,2,4,5,224,10,2,0,7,4521,1,1,1,0,1,1,0,0.69544435,1,Late,High Risk
8592,4,2,4,4,144,8,2,1,6,4390,1,1,1,0,0,1,0,0.6244798,1,Late,High Risk
8593,3,2,4,1,167,4,0,1,7,5264,0,1,1,0,0,1,1,0.6209353,1,Late,High Risk
8594,4,2,3,3,188,4,2,1,1,4296,1,0,1,0,0,1,0,0.67283654,1,Late,High Risk
8595,0,2,2,4,245,2,2,0,10,5389,0,0,1,0,1,0,0,0.66424173,1,Late,High Risk
8596,1,2,2,1,212,2,0,0,8,4128,0,0,1,0,0,0,1,0.7063273,1,Late,High Risk
8597,2,2,3,5,240,3,1,0,6,5642,0,0,1,0,1,1,0,0.6864644,1,Late,High Risk
8598,4,2,5,1,226,5,2,1,3,1409,0,1,1,1,1,1,1,0.7471087,1,Late,High Risk
8599,3,2,6,3,278,4,1,0,9,1368,0,1,1,1,1,1,0,0.6598843,1,Late,High Risk
8600,4,2,4,1,232,5,2,1,8,1943,0,1,1,1,1,1,1,0.75195074,1,Late,High Risk
8601,0,2,6,5,287,4,1,1,8,1465,0,1,1,1,1,1,0,0.70700896,1,Late,High Risk
8602,1,2,4,5,228,5,1,1,5,1373,1,1,1,1,1,1,0,0.652396,1,Late,High Risk
8603,2,2,5,5,232,5,1,1,1,1127,0,1,1,1,1,1,0,0.61036974,1,Late,High Risk
8604,4,2,6,5,308,4,1,1,4,1202,0,1,1,1,1,1,0,0.7338924,1,Late,High Risk
8605,3,1,7,1,287,4,1,1,1,1660,0,1,1,1,1,1,1,0.66638744,1,Late,High Risk
8606,4,1,6,5,246,4,2,1,2,1581,0,1,1,1,1,1,0,0.63521206,1,Late,High Risk
8607,0,1,4,1,262,6,1,0,3,1830,1,1,1,1,1,1,1,0.54134333,1,Late,Medium Risk
8608,1,1,6,5,275,4,1,0,6,1872,0,1,1,1,1,1,0,0.6689815,1,Late,High Risk
8609,2,1,5,3,236,5,2,1,10,1630,0,1,1,1,1,1,0,0.708576,1,Late,High Risk
8610,4,1,5,2,221,6,2,1,4,1952,1,1,1,1,1,1,1,0.70314807,1,Late,High Risk
8611,3,1,5,4,228,5,1,0,9,1549,1,1,1,1,1,1,0,0.71334684,1,Late,High Risk
8612,4,1,4,5,234,5,1,0,1,1991,1,1,1,1,1,1,0,0.5900338,1,Late,Medium Risk
8613,0,1,5,1,242,5,1,1,9,1767,0,1,1,1,1,1,1,0.75788254,1,Late,High Risk
8614,1,1,7,1,307,4,1,0,8,1339,0,1,1,1,1,1,1,0.7122479,1,Late,High Risk
8615,2,1,6,3,260,4,1,1,4,1358,0,1,1,1,1,1,0,0.56801313,1,Late,Medium Risk
8616,4,1,4,5,239,5,1,1,7,1380,0,1,1,1,1,1,0,0.7538219,1,Late,High Risk
8617,3,1,6,4,305,4,1,0,1,1384,0,1,1,1,1,1,0,0.39825118,0,On Time,Medium Risk
8618,4,1,5,2,254,6,1,0,5,1951,0,1,1,1,1,1,1,0.64706254,1,Late,High Risk
8619,0,1,2,1,258,5,1,0,9,1548,1,0,1,1,1,1,1,0.5717902,1,Late,Medium Risk
8620,1,1,5,3,267,6,1,1,10,1027,0,1,1,1,1,1,0,0.7815195,1,Late,High Risk
8621,2,1,4,2,246,5,1,0,10,1720,0,1,1,1,1,1,1,0.6696127,1,Late,High Risk
8622,4,1,4,2,246,5,1,1,9,1206,1,1,1,1,1,1,1,0.6935401,1,Late,High Risk
8623,3,1,4,2,261,5,2,1,5,1073,1,1,1,1,1,1,1,0.5971258,1,Late,Medium Risk
8624,4,1,5,1,239,5,1,0,6,1815,0,1,1,1,1,1,1,0.76636237,1,Late,High Risk
8625,0,1,5,3,245,5,1,1,8,1471,0,1,1,1,1,1,0,0.72414804,1,Late,High Risk
8626,1,1,5,3,237,5,2,0,2,1869,1,1,1,1,1,1,0,0.61821365,1,Late,High Risk
8627,2,0,7,3,307,4,1,1,1,1793,1,1,1,1,1,1,0,0.25519213,0,On Time,Low Risk
8628,4,0,5,2,252,5,1,0,10,1568,0,1,1,1,1,1,1,0.7119063,1,Late,High Risk
8629,3,0,5,5,225,5,1,1,7,1168,0,1,1,1,1,1,0,0.7700101,1,Late,High Risk
8630,4,0,6,4,258,4,1,0,7,1726,1,1,1,1,1,1,0,0.6003282,1,Late,High Risk
8631,0,0,7,1,254,4,2,1,6,1279,1,1,1,1,1,1,1,0.6990768,1,Late,High Risk
8632,1,0,5,3,232,5,1,0,1,1835,1,1,1,1,1,1,0,0.53675205,1,Late,Medium Risk
8633,2,0,7,1,255,4,2,0,3,1450,0,1,1,1,1,1,1,0.68745947,1,Late,High Risk
8634,4,0,5,1,235,5,1,0,10,1920,0,1,1,1,1,1,1,0.76248074,1,Late,High Risk
8635,3,0,7,5,269,4,2,1,2,1592,0,1,1,1,1,1,0,0.7811678,1,Late,High Risk
8636,4,0,6,2,243,4,1,1,4,1768,0,1,1,1,1,1,1,0.589938,1,Late,Medium Risk
8637,0,0,7,2,253,4,1,1,1,1294,1,1,1,1,1,1,1,0.45331067,0,On Time,Medium Risk
8638,1,0,5,1,266,5,2,0,2,1798,0,1,1,1,1,1,1,0.66784614,1,Late,High Risk
8639,2,0,5,3,154,4,1,0,3,1066,1,1,1,1,0,1,0,0.23822686,0,On Time,Low Risk
8640,4,0,4,3,245,5,1,1,4,1470,0,1,1,1,1,1,0,0.68277264,1,Late,High Risk
8641,3,0,4,5,275,5,2,0,8,1093,1,1,1,1,1,1,0,0.6535014,1,Late,High Risk
8642,4,0,6,1,261,4,2,1,10,1290,1,1,1,1,1,1,1,0.442944,0,On Time,Medium Risk
8643,0,0,4,5,273,5,1,1,2,1441,0,1,1,1,1,1,0,0.6730829,1,Late,High Risk
8644,1,0,6,4,303,5,1,1,5,1195,1,1,1,1,1,1,0,0.6684792,1,Late,High Risk
8645,2,0,5,1,255,5,1,1,3,1574,1,1,1,1,1,1,1,0.59932107,1,Late,Medium Risk
8646,4,0,4,4,225,5,1,0,1,1476,1,1,1,1,1,1,0,0.52961725,1,Late,Medium Risk
8647,3,0,4,5,233,6,1,1,8,1176,0,1,1,1,1,1,0,0.79494804,1,Late,High Risk
8648,4,0,6,1,285,4,1,0,3,1448,1,1,1,1,1,1,1,0.579307,1,Late,Medium Risk
8649,0,2,5,5,272,4,2,1,10,1383,1,1,1,1,1,1,0,0.603873,1,Late,High Risk
8650,1,2,7,5,273,4,2,1,9,1329,1,1,1,1,1,1,0,0.5691,1,Late,Medium Risk
8651,2,2,4,3,253,6,1,0,4,1788,1,1,1,1,1,1,0,0.5302537,1,Late,Medium Risk
8652,4,2,6,2,279,4,2,0,4,1148,0,1,1,1,1,1,1,0.67922586,1,Late,High Risk
8653,3,2,4,2,235,5,1,1,8,1021,0,1,1,1,1,1,1,0.7567494,1,Late,High Risk
8654,4,2,4,1,255,5,1,0,9,1793,1,1,1,1,1,1,1,0.6194636,1,Late,High Risk
8655,0,2,7,5,301,4,1,0,7,1727,0,1,1,1,1,1,0,0.64216256,1,Late,High Risk
8656,1,2,7,1,245,4,2,1,4,1653,1,1,1,1,1,1,1,0.40543717,0,On Time,Medium Risk
8657,2,2,7,5,265,4,1,0,1,1601,0,1,1,1,1,1,0,0.5818443,1,Late,Medium Risk
8658,4,2,4,4,252,5,2,1,2,1995,1,1,1,1,1,1,0,0.4096476,0,On Time,Medium Risk
8659,3,2,6,1,281,4,2,1,2,1592,0,1,1,1,1,1,1,0.70174444,1,Late,High Risk
8660,4,2,6,2,269,4,2,0,10,1166,0,1,1,1,1,1,1,0.6155195,1,Late,High Risk
8661,0,2,4,2,271,5,2,1,4,1633,1,1,1,1,1,1,1,0.691058,1,Late,High Risk
8662,1,2,5,2,239,5,2,0,6,1365,1,1,1,1,1,1,1,0.7021003,1,Late,High Risk
8663,2,2,7,5,293,4,1,0,2,1080,1,1,1,1,1,1,0,0.29056293,0,On Time,Low Risk
8664,4,2,4,1,165,5,2,0,1,4170,1,1,1,0,0,1,1,0.65948427,1,Late,High Risk
8665,3,2,3,3,202,4,1,0,9,4917,0,0,1,0,0,1,0,0.70229244,1,Late,High Risk
8666,4,2,4,4,201,3,1,0,2,5385,0,1,1,0,0,1,0,0.74867123,1,Late,High Risk
8667,0,2,5,5,161,3,1,0,5,4702,0,1,1,0,0,1,0,0.7192118,1,Late,High Risk
8668,1,2,5,5,193,3,1,0,3,5037,0,1,1,0,0,1,0,0.6677114,1,Late,High Risk
8669,2,2,3,1,152,3,1,1,1,4949,1,0,1,0,0,1,1,0.71344626,1,Late,High Risk
8670,4,2,4,4,189,2,2,1,3,5837,1,1,1,0,0,0,0,0.70626163,1,Late,High Risk
8671,3,2,3,1,159,3,1,1,10,4784,1,0,1,0,0,1,1,0.59477305,1,Late,Medium Risk
8672,4,2,5,1,259,3,1,1,1,5725,0,1,1,0,1,1,1,0.5710014,1,Late,Medium Risk
8673,0,2,3,2,224,3,2,1,8,5869,0,0,1,0,1,1,1,0.77713907,1,Late,High Risk
8674,1,2,4,4,172,2,2,0,3,5538,1,1,1,0,0,0,0,0.77318794,1,Late,High Risk
8675,2,2,4,5,148,3,2,0,5,5216,0,1,1,0,0,1,0,0.7308076,1,Late,High Risk
8676,4,2,4,3,274,3,2,0,8,4276,0,1,1,0,1,1,0,0.60797554,1,Late,High Risk
8677,3,2,3,1,207,4,1,0,9,5889,0,0,1,0,0,1,1,0.775456,1,Late,High Risk
8678,4,2,4,5,159,5,2,0,2,5654,1,1,1,0,0,1,0,0.5982888,1,Late,Medium Risk
8679,0,2,3,1,198,3,1,1,3,4965,1,0,1,0,0,1,1,0.65044653,1,Late,High Risk
8680,1,2,4,5,196,2,2,0,3,5505,0,1,1,0,0,0,0,0.72399735,1,Late,High Risk
8681,2,2,5,1,137,2,1,1,9,4580,1,1,1,0,0,0,1,0.63985753,1,Late,High Risk
8682,4,2,3,3,192,3,2,1,4,5479,0,0,1,0,0,1,0,0.65258294,1,Late,High Risk
8683,3,2,3,4,214,3,1,0,1,5722,0,0,1,0,0,1,0,0.6101055,1,Late,High Risk
8684,4,2,6,3,267,4,2,1,2,5917,1,1,1,0,1,1,0,0.54984945,1,Late,Medium Risk
8685,0,2,3,5,205,3,2,0,9,4565,1,0,1,0,0,1,0,0.75514704,1,Late,High Risk
8686,1,2,2,4,102,4,2,0,6,5421,0,0,1,0,0,1,0,0.7428077,1,Late,High Risk
8687,2,2,3,2,150,2,2,1,5,5264,0,0,1,0,0,0,1,0.76482356,1,Late,High Risk
8688,4,2,5,1,176,3,1,1,3,5919,0,1,1,0,0,1,1,0.71516216,1,Late,High Risk
8689,3,2,3,3,169,3,0,1,1,4647,0,0,1,0,0,1,0,0.60452086,1,Late,High Risk
8690,4,2,4,4,151,3,2,0,5,4732,0,1,1,0,0,1,0,0.67950386,1,Late,High Risk
8691,0,2,3,5,243,3,1,1,1,4623,0,0,1,0,1,1,0,0.61616445,1,Late,High Risk
8692,1,2,4,2,150,2,1,0,2,5301,0,1,1,0,0,0,1,0.7741321,1,Late,High Risk
8693,2,2,4,3,229,2,1,1,6,4226,1,1,1,0,1,0,0,0.58437455,1,Late,Medium Risk
8694,4,2,6,2,164,4,1,1,6,5264,0,1,1,0,0,1,1,0.78459233,1,Late,High Risk
8695,3,2,3,5,220,3,1,0,9,5672,1,0,1,0,1,1,0,0.616136,1,Late,High Risk
8696,4,2,3,1,187,3,2,1,7,4607,0,0,1,0,0,1,1,0.8022348,1,Late,High Risk
8697,0,2,5,4,255,3,1,0,1,5775,1,1,1,0,1,1,0,0.4620515,0,On Time,Medium Risk
8698,1,2,5,4,252,3,2,1,2,4162,0,1,1,0,1,1,0,0.7027309,1,Late,High Risk
8699,2,2,5,5,242,4,2,0,2,5359,0,1,1,0,1,1,0,0.6509836,1,Late,High Risk
8700,4,2,3,1,162,3,1,1,7,5073,0,0,1,0,0,1,1,0.7395504,1,Late,High Risk
8701,3,2,3,2,219,3,2,1,1,4918,1,0,1,0,1,1,1,0.6139247,1,Late,High Risk
8702,4,2,4,2,248,3,1,1,2,5028,1,1,1,0,1,1,1,0.5705334,1,Late,Medium Risk
8703,0,2,4,3,228,3,2,0,1,5408,1,1,1,0,1,1,0,0.6087814,1,Late,High Risk
8704,1,2,4,4,149,2,2,0,2,5881,0,1,1,0,0,0,0,0.78129894,1,Late,High Risk
8705,2,2,3,5,206,3,2,0,9,5751,0,0,1,0,0,1,0,0.66648084,1,Late,High Risk
8706,4,2,3,1,204,3,2,1,4,4619,1,0,1,0,0,1,1,0.8039256,1,Late,High Risk
8707,3,2,5,3,222,4,2,1,2,4060,0,1,1,0,1,1,0,0.5209786,1,Late,Medium Risk
8708,4,2,3,5,248,2,2,1,1,4108,1,0,1,0,1,0,0,0.47441888,0,On Time,Medium Risk
8709,0,2,3,3,225,3,2,0,7,4961,1,0,1,0,1,1,0,0.5462719,1,Late,Medium Risk
8710,1,2,3,2,244,2,0,0,9,4142,0,0,1,0,1,0,1,0.7612985,1,Late,High Risk
8711,2,2,2,3,184,4,2,1,3,4719,0,0,1,0,0,1,0,0.77463967,1,Late,High Risk
8712,4,2,4,5,223,3,1,1,9,5649,1,1,1,0,1,1,0,0.62961525,1,Late,High Risk
8713,3,2,4,2,133,6,2,0,9,4879,0,1,1,0,0,1,1,0.66645133,1,Late,High Risk
8714,4,2,4,3,164,4,2,1,1,4257,0,1,1,0,0,1,0,0.68347126,1,Late,High Risk
8715,0,2,3,5,222,4,2,0,9,4247,0,0,1,0,1,1,0,0.72623414,1,Late,High Risk
8716,1,2,2,1,198,2,1,1,8,4323,0,0,1,0,0,0,1,0.7570514,1,Late,High Risk
8717,2,2,5,5,198,3,1,0,5,4754,1,1,1,0,0,1,0,0.6175627,1,Late,High Risk
8718,4,2,5,1,193,6,2,0,4,5964,0,1,1,0,0,1,1,0.7821839,1,Late,High Risk
8719,3,2,5,1,149,3,1,0,9,5173,1,1,1,0,0,1,1,0.74873215,1,Late,High Risk
8720,4,2,4,4,265,4,2,0,6,4607,1,1,1,0,1,1,0,0.750426,1,Late,High Risk
8721,0,2,3,3,187,2,1,0,7,4859,0,0,1,0,0,0,0,0.67074007,1,Late,High Risk
8722,1,2,4,5,198,2,2,0,9,4108,0,1,1,0,0,0,0,0.603449,1,Late,High Risk
8723,2,2,3,4,177,3,2,0,1,4965,0,0,1,0,0,1,0,0.68709356,1,Late,High Risk
8724,4,2,5,3,255,4,1,0,5,5870,0,1,1,0,1,1,0,0.75513774,1,Late,High Risk
8725,3,2,3,2,141,2,2,0,7,5231,0,0,1,0,0,0,1,0.7471458,1,Late,High Risk
8726,4,2,3,2,180,2,2,0,4,4758,1,0,1,0,0,0,1,0.6244984,1,Late,High Risk
8727,0,2,3,4,254,3,0,1,4,5830,1,0,1,0,1,1,0,0.4969431,0,On Time,Medium Risk
8728,1,2,2,3,211,2,2,1,2,4611,0,0,1,0,0,0,0,0.8295328,1,Late,High Risk
8729,2,2,3,4,238,2,2,1,7,5974,0,0,1,0,1,0,0,0.85637206,1,Late,High Risk
8730,4,2,4,4,239,3,2,1,6,5632,0,1,1,0,1,1,0,0.7362059,1,Late,High Risk
8731,3,2,4,3,175,2,2,1,3,4961,1,1,1,0,0,0,0,0.60210043,1,Late,High Risk
8732,4,2,5,2,238,2,1,1,5,5703,0,1,1,0,1,0,1,0.74522424,1,Late,High Risk
8733,0,2,6,4,268,4,2,1,5,4126,1,1,1,0,1,1,0,0.6066386,1,Late,High Risk
8734,1,2,4,5,142,2,2,1,10,5428,1,1,1,0,0,0,0,0.6821405,1,Late,High Risk
8735,2,2,3,2,186,2,2,1,3,5712,0,0,1,0,0,0,1,0.69299364,1,Late,High Risk
8736,4,2,4,3,154,3,2,0,4,4867,1,1,1,0,0,1,0,0.4498685,0,On Time,Medium Risk
8737,3,2,4,4,229,2,1,0,9,5672,1,1,1,0,1,0,0,0.65844035,1,Late,High Risk
8738,4,2,3,4,264,3,1,1,8,4575,1,0,1,0,1,1,0,0.5858461,1,Late,Medium Risk
8739,0,2,4,3,196,3,2,0,8,5541,0,1,1,0,0,1,0,0.58421046,1,Late,Medium Risk
8740,1,2,5,2,169,2,2,1,4,6000,1,1,1,0,0,0,1,0.69101065,1,Late,High Risk
8741,2,2,3,5,168,3,1,1,8,5877,0,0,1,0,0,1,0,0.76571405,1,Late,High Risk
8742,4,1,3,4,226,2,0,0,8,5793,0,0,1,0,1,0,0,0.6656009,1,Late,High Risk
8743,3,1,5,4,189,2,1,0,4,5575,1,1,1,0,0,0,0,0.7786199,1,Late,High Risk
8744,4,1,4,4,183,2,1,0,7,4572,1,1,1,0,0,0,0,0.64497864,1,Late,High Risk
8745,0,1,3,1,228,2,1,0,7,4977,0,0,1,0,1,0,1,0.621624,1,Late,High Risk
8746,1,1,3,2,260,2,1,1,7,5553,1,0,1,0,1,0,1,0.66142803,1,Late,High Risk
8747,2,1,4,2,112,2,2,0,8,4599,0,1,1,0,0,0,1,0.81577206,1,Late,High Risk
8748,4,1,5,5,221,3,2,1,9,5295,0,1,1,0,1,1,0,0.62203115,1,Late,High Risk
8749,3,1,4,5,258,3,1,1,8,4046,1,1,1,0,1,1,0,0.48148668,0,On Time,Medium Risk
8750,4,1,4,2,133,3,2,0,5,5950,0,1,1,0,0,1,1,0.6600342,1,Late,High Risk
8751,0,1,3,1,139,3,1,0,4,4666,0,0,1,0,0,1,1,0.71235514,1,Late,High Risk
8752,1,1,5,1,251,4,2,1,10,5931,0,1,1,0,1,1,1,0.77296853,1,Late,High Risk
8753,2,1,5,1,258,3,0,1,3,4908,0,1,1,0,1,1,1,0.5620172,1,Late,Medium Risk
8754,4,1,4,2,229,2,2,0,7,4855,1,1,1,0,1,0,1,0.61937654,1,Late,High Risk
8755,3,1,6,4,220,4,1,1,5,5465,1,1,1,0,1,1,0,0.6411716,1,Late,High Risk
8756,4,1,5,3,160,3,1,0,10,4416,1,1,1,0,0,1,0,0.5112885,1,Late,Medium Risk
8757,0,1,3,1,154,3,2,1,4,4631,0,0,1,0,0,1,1,0.75727886,1,Late,High Risk
8758,1,1,5,3,197,5,1,0,1,5581,0,1,1,0,0,1,0,0.6568706,1,Late,High Risk
8759,2,1,4,4,141,3,1,1,10,4289,0,1,1,0,0,1,0,0.72246885,1,Late,High Risk
8760,4,1,3,2,199,2,2,0,7,5531,1,0,1,0,0,0,1,0.6995908,1,Late,High Risk
8761,3,1,4,3,187,6,1,0,9,5872,0,1,1,0,0,1,0,0.7288776,1,Late,High Risk
8762,4,1,3,4,136,3,2,1,6,4631,0,0,1,0,0,1,0,0.80305254,1,Late,High Risk
8763,0,1,3,4,232,5,2,1,9,5759,0,0,1,0,1,1,0,0.6802251,1,Late,High Risk
8764,1,0,3,2,257,2,1,0,9,5085,1,0,1,0,1,0,1,0.53710556,1,Late,Medium Risk
8765,2,0,4,1,156,2,2,1,4,5225,0,1,1,0,0,0,1,0.7759418,1,Late,High Risk
8766,4,0,3,5,179,3,1,1,2,4913,0,0,1,0,0,1,0,0.6240831,1,Late,High Risk
8767,3,0,5,5,182,3,1,0,9,5388,0,1,1,0,0,1,0,0.7384449,1,Late,High Risk
8768,4,0,4,4,209,6,1,0,7,4852,0,1,1,0,0,1,0,0.6123113,1,Late,High Risk
8769,0,0,5,5,137,3,2,0,5,4814,0,1,1,0,0,1,0,0.70158744,1,Late,High Risk
8770,1,0,5,2,174,5,2,1,8,4656,0,1,1,0,0,1,1,0.7983697,1,Late,High Risk
8771,2,0,3,4,251,3,2,1,5,5608,1,0,1,0,1,1,0,0.6499609,1,Late,High Risk
8772,4,0,5,4,220,2,2,1,8,5073,0,1,1,0,1,0,0,0.68546575,1,Late,High Risk
8773,3,0,3,3,196,4,1,0,9,5631,1,0,1,0,0,1,0,0.62603617,1,Late,High Risk
8774,4,0,3,1,162,3,2,0,10,5726,0,0,1,0,0,1,1,0.50382525,1,Late,Medium Risk
8775,0,0,4,2,242,2,2,0,8,5243,1,1,1,0,1,0,1,0.6270165,1,Late,High Risk
8776,1,0,4,3,226,3,2,1,10,5305,0,1,1,0,1,1,0,0.5234058,1,Late,Medium Risk
8777,2,0,3,1,101,3,2,1,7,4275,1,0,1,0,0,1,1,0.5841543,1,Late,Medium Risk
8778,4,0,5,2,226,3,2,0,1,5451,0,1,1,0,1,1,1,0.7169449,1,Late,High Risk
8779,3,0,5,3,280,6,0,1,5,4585,0,1,1,0,1,1,0,0.5596916,1,Late,Medium Risk
8780,4,0,4,2,257,2,0,1,3,4108,1,1,1,0,1,0,1,0.41614312,0,On Time,Medium Risk
8781,0,0,5,5,185,5,1,1,5,4078,0,1,1,0,0,1,0,0.63456106,1,Late,High Risk
8782,1,0,3,2,199,3,1,0,8,5431,0,0,1,0,0,1,1,0.6134871,1,Late,High Risk
8783,2,0,3,2,273,3,0,1,8,5754,1,0,1,0,1,1,1,0.40476987,0,On Time,Medium Risk
8784,4,0,4,5,229,4,2,0,6,4157,0,1,1,0,1,1,0,0.7088726,1,Late,High Risk
8785,3,0,3,3,199,3,2,0,1,4006,1,0,1,0,0,1,0,0.21049145,0,On Time,Low Risk
8786,4,2,3,1,151,3,1,0,7,4072,0,0,1,0,0,1,1,0.6316172,1,Late,High Risk
8787,0,2,5,1,213,2,0,0,10,5607,1,1,1,0,0,0,1,0.6917336,1,Late,High Risk
8788,1,2,3,4,151,3,2,0,3,4938,0,0,1,0,0,1,0,0.7438623,1,Late,High Risk
8789,2,2,4,2,212,3,1,1,5,5413,0,1,1,0,0,1,1,0.7300735,1,Late,High Risk
8790,4,2,4,3,175,3,1,0,9,4840,1,1,1,0,0,1,0,0.5995595,1,Late,Medium Risk
8791,3,2,3,3,182,4,1,0,2,4746,1,0,1,0,0,1,0,0.66326594,1,Late,High Risk
8792,4,2,5,2,211,2,2,0,2,5077,0,1,1,0,0,0,1,0.7828091,1,Late,High Risk
8793,0,2,3,1,160,3,2,0,5,5524,0,0,1,0,0,1,1,0.75453925,1,Late,High Risk
8794,1,2,3,5,268,2,2,0,10,5895,0,0,1,0,1,0,0,0.77193403,1,Late,High Risk
8795,2,2,3,5,188,4,2,1,3,4033,0,0,1,0,0,1,0,0.56959814,1,Late,Medium Risk
8796,4,2,3,2,234,3,2,1,5,4757,1,0,1,0,1,1,1,0.5983693,1,Late,Medium Risk
8797,3,2,5,1,151,4,1,1,5,4549,0,1,1,0,0,1,1,0.8215252,1,Late,High Risk
8798,4,2,3,3,150,2,2,1,9,4100,0,0,1,0,0,0,0,0.59983695,1,Late,Medium Risk
8799,0,2,3,5,268,3,1,0,6,4172,1,0,1,0,1,1,0,0.5912849,1,Late,Medium Risk
8800,1,2,2,4,248,3,1,0,7,4142,0,0,1,0,1,1,0,0.7724872,1,Late,High Risk
8801,2,2,3,3,232,2,2,0,8,5544,1,0,1,0,1,0,0,0.63345736,1,Late,High Risk
8802,4,2,5,2,164,3,2,0,6,4302,0,1,1,0,0,1,1,0.7025369,1,Late,High Risk
8803,3,2,3,3,211,3,2,1,3,5379,1,0,1,0,0,1,0,0.6781916,1,Late,High Risk
8804,4,2,3,5,195,2,2,0,9,5832,0,0,1,0,0,0,0,0.7531315,1,Late,High Risk
8805,0,2,4,5,208,2,1,0,4,5831,0,1,1,0,0,0,0,0.7417084,1,Late,High Risk
8806,1,2,3,1,176,2,2,0,4,5726,0,0,1,0,0,0,1,0.7430578,1,Late,High Risk
8807,2,2,5,2,258,3,2,0,8,4921,0,1,1,0,1,1,1,0.5734336,1,Late,Medium Risk
8808,4,2,4,4,224,3,2,0,1,4231,0,1,1,0,1,1,0,0.6333405,1,Late,High Risk
8809,3,2,4,4,263,3,2,1,1,5283,1,1,1,0,1,1,0,0.6401475,1,Late,High Risk
8810,4,2,3,1,203,10,2,0,7,5917,1,0,1,0,0,1,1,0.60228753,1,Late,High Risk
8811,0,2,4,4,266,7,2,0,10,5901,0,1,1,0,1,1,0,0.83261156,1,Late,High Risk
8812,1,2,6,1,189,3,2,0,9,5316,0,1,1,0,0,1,1,0.7758765,1,Late,High Risk
8813,2,2,3,1,242,8,2,0,8,5401,0,0,1,0,1,1,1,0.65235996,1,Late,High Risk
8814,4,2,4,2,265,4,2,0,3,4120,1,1,1,0,1,1,1,0.5432014,1,Late,Medium Risk
8815,3,2,3,2,138,10,1,1,1,5721,1,0,1,0,0,1,1,0.50511724,1,Late,Medium Risk
8816,4,2,4,4,268,3,1,0,9,4118,1,1,1,0,1,1,0,0.5497638,1,Late,Medium Risk
8817,0,2,4,3,211,7,0,1,9,5652,1,1,1,0,0,1,0,0.5037962,1,Late,Medium Risk
8818,1,2,6,3,137,8,1,0,6,5992,1,1,1,0,0,1,0,0.3218359,0,On Time,Medium Risk
8819,2,2,4,5,234,5,1,0,2,1087,1,1,1,1,1,1,0,0.653404,1,Late,High Risk
8820,4,2,5,4,242,5,1,1,1,1571,1,1,1,1,1,1,0,0.49944818,0,On Time,Medium Risk
8821,3,2,7,2,307,4,1,1,8,1551,0,1,1,1,1,1,1,0.67045045,1,Late,High Risk
8822,4,2,6,1,260,4,1,0,6,1766,0,1,1,1,1,1,1,0.68426776,1,Late,High Risk
8823,0,2,4,4,239,5,1,0,6,1239,0,1,1,1,1,1,0,0.69150776,1,Late,High Risk
8824,1,2,6,2,305,4,1,0,9,1567,0,1,1,1,1,1,1,0.79359066,1,Late,High Risk
8825,2,2,5,2,254,6,1,1,5,1885,0,1,1,1,1,1,1,0.57369405,1,Late,Medium Risk
8826,4,2,2,1,258,5,1,1,10,1221,1,0,1,1,1,1,1,0.42953947,0,On Time,Medium Risk
8827,3,2,5,3,267,6,1,0,8,1421,1,1,1,1,1,1,0,0.52838844,1,Late,Medium Risk
8828,4,2,4,3,246,5,1,1,7,1134,0,1,1,1,1,1,0,0.6901907,1,Late,High Risk
8829,0,2,4,3,246,5,1,0,1,1673,1,1,1,1,1,1,0,0.5128017,1,Late,Medium Risk
8830,1,2,4,4,261,5,2,0,2,1690,1,1,1,1,1,1,0,0.5937498,1,Late,Medium Risk
8831,2,2,5,5,239,5,1,1,6,1887,1,1,1,1,1,1,0,0.5910751,1,Late,Medium Risk
8832,4,2,5,5,245,5,1,1,5,1381,1,1,1,1,1,1,0,0.67594725,1,Late,High Risk
8833,3,2,5,1,237,5,2,0,8,1150,1,1,1,1,1,1,1,0.6625063,1,Late,High Risk
8834,4,2,7,3,307,4,1,0,1,1589,1,1,1,1,1,1,0,0.4489733,0,On Time,Medium Risk
8835,0,2,5,4,252,5,1,1,2,1847,1,1,1,1,1,1,0,0.5305382,1,Late,Medium Risk
8836,1,2,5,2,225,5,1,1,5,1015,0,1,1,1,1,1,1,0.72874916,1,Late,High Risk
8837,2,2,6,4,258,4,1,1,9,1104,0,1,1,1,1,1,0,0.6444917,1,Late,High Risk
8838,4,2,7,5,254,4,2,0,6,1491,1,1,1,1,1,1,0,0.66246766,1,Late,High Risk
8839,3,2,5,1,232,5,1,1,6,1427,0,1,1,1,1,1,1,0.7338854,1,Late,High Risk
8840,4,2,7,1,255,4,2,0,8,1088,1,1,1,1,1,1,1,0.5597265,1,Late,Medium Risk
8841,0,2,5,3,235,5,1,1,4,1990,0,1,1,1,1,1,0,0.59882903,1,Late,Medium Risk
8842,1,2,7,1,269,4,2,1,4,1118,1,1,1,1,1,1,1,0.5391959,1,Late,Medium Risk
8843,2,2,3,1,211,3,2,1,1,4889,1,0,1,0,0,1,1,0.6202544,1,Late,High Risk
8844,4,2,3,4,195,2,2,0,10,4031,0,0,1,0,0,0,0,0.51352197,1,Late,Medium Risk
8845,3,2,4,5,208,2,1,1,1,4039,0,1,1,0,0,0,0,0.5649916,1,Late,Medium Risk
8846,4,2,3,5,176,2,2,0,8,5597,1,0,1,0,0,0,0,0.7228659,1,Late,High Risk
8847,0,2,5,1,258,3,2,0,8,5694,0,1,1,0,1,1,1,0.64932775,1,Late,High Risk
8848,1,2,4,3,224,3,2,0,6,5054,1,1,1,0,1,1,0,0.5803786,1,Late,Medium Risk
8849,2,2,4,3,263,3,2,1,3,4677,0,1,1,0,1,1,0,0.48930633,0,On Time,Medium Risk
8850,4,2,3,5,203,10,2,0,1,4996,0,0,1,0,0,1,0,0.8032197,1,Late,High Risk
8851,3,2,4,4,266,7,2,1,3,5672,1,1,1,0,1,1,0,0.54484385,1,Late,Medium Risk
8852,4,2,6,3,189,3,2,0,3,5062,0,1,1,0,0,1,0,0.77262545,1,Late,High Risk
8853,0,2,3,1,242,8,2,1,4,4943,0,0,1,0,1,1,1,0.5963435,1,Late,Medium Risk
8854,1,2,4,2,265,4,2,0,10,4575,1,1,1,0,1,1,1,0.61974823,1,Late,High Risk
8855,2,2,3,1,138,10,1,0,4,4496,1,0,1,0,0,1,1,0.5263105,1,Late,Medium Risk
8856,4,2,4,3,268,3,1,0,10,5998,0,1,1,0,1,1,0,0.3108323,0,On Time,Medium Risk
8857,3,2,4,1,211,7,0,1,4,4476,1,1,1,0,0,1,1,0.5411239,1,Late,Medium Risk
8858,4,2,6,4,137,8,1,0,9,4374,1,1,1,0,0,1,0,0.48269245,0,On Time,Medium Risk
8859,0,2,4,5,234,5,1,0,3,1469,1,1,1,1,1,1,0,0.61887443,1,Late,High Risk
8860,1,2,5,1,242,5,1,0,8,1815,0,1,1,1,1,1,1,0.7074593,1,Late,High Risk
8861,2,2,7,1,307,4,1,1,4,1371,1,1,1,1,1,1,1,0.61440045,1,Late,High Risk
8862,4,2,6,3,260,4,1,0,1,1775,0,1,1,1,1,1,0,0.6034935,1,Late,High Risk
8863,3,2,4,5,239,5,1,1,6,1336,0,1,1,1,1,1,0,0.6959295,1,Late,High Risk
8864,4,2,6,2,305,4,1,1,2,1196,0,1,1,1,1,1,1,0.7360731,1,Late,High Risk
8865,0,2,5,1,254,6,1,1,1,1021,0,1,1,1,1,1,1,0.8479911,1,Late,High Risk
8866,1,2,2,3,258,5,1,0,6,1727,0,0,1,1,1,1,0,0.6499928,1,Late,High Risk
8867,2,2,5,1,267,6,1,1,3,1803,0,1,1,1,1,1,1,0.60060775,1,Late,High Risk
8868,4,2,4,5,246,5,1,0,2,1024,1,1,1,1,1,1,0,0.5115384,1,Late,Medium Risk
8869,3,2,4,3,246,5,1,1,5,1395,0,1,1,1,1,1,0,0.6950031,1,Late,High Risk
8870,4,2,4,4,261,5,2,0,2,1829,0,1,1,1,1,1,0,0.60709625,1,Late,High Risk
8871,0,2,5,3,239,5,1,1,10,1784,0,1,1,1,1,1,0,0.658491,1,Late,High Risk
8872,1,2,5,5,245,5,1,1,10,1289,1,1,1,1,1,1,0,0.59094894,1,Late,Medium Risk
8873,2,2,5,3,237,5,2,0,4,1567,0,1,1,1,1,1,0,0.7029058,1,Late,High Risk
8874,4,2,7,1,307,4,1,1,2,1983,0,1,1,1,1,1,1,0.5765576,1,Late,Medium Risk
8875,3,2,5,1,252,5,1,1,4,1308,0,1,1,1,1,1,1,0.6965038,1,Late,High Risk
8876,4,2,5,4,225,5,1,0,6,2000,0,1,1,1,1,1,0,0.46608847,0,On Time,Medium Risk
8877,0,2,6,3,281,4,2,0,8,1884,0,1,1,1,1,1,0,0.6862305,1,Late,High Risk
8878,1,2,6,5,269,4,2,0,7,1249,1,1,1,1,1,1,0,0.5041895,1,Late,Medium Risk
8879,2,1,4,1,271,5,2,0,3,1328,0,1,1,1,1,1,1,0.74396294,1,Late,High Risk
8880,4,1,5,2,239,5,2,0,6,1310,1,1,1,1,1,1,1,0.77873874,1,Late,High Risk
8881,3,1,7,5,308,4,2,1,1,1477,1,1,1,1,1,1,0,0.56094974,1,Late,Medium Risk
8882,4,1,6,1,256,4,1,0,7,1372,1,1,1,1,1,1,1,0.6583047,1,Late,High Risk
8883,0,1,4,5,251,5,2,0,7,1070,1,1,1,1,1,1,0,0.5533791,1,Late,Medium Risk
8884,1,1,5,3,270,5,2,1,9,1764,1,1,1,1,1,1,0,0.6708986,1,Late,High Risk
8885,2,1,6,4,289,4,1,0,1,1656,0,1,1,1,1,1,0,0.62347883,1,Late,High Risk
8886,4,1,6,4,253,4,2,0,6,1961,0,1,1,1,1,1,0,0.6935965,1,Late,High Risk
8887,3,1,7,3,305,4,2,0,5,1198,0,1,1,1,1,1,0,0.83339465,1,Late,High Risk
8888,4,1,3,4,219,6,1,0,2,1837,0,0,1,1,1,1,0,0.6952911,1,Late,High Risk
8889,0,1,4,1,231,5,2,0,10,1144,0,1,1,1,1,1,1,0.7641404,1,Late,High Risk
8890,1,1,6,4,298,4,2,0,8,1437,1,1,1,1,1,1,0,0.59958595,1,Late,Medium Risk
8891,2,1,6,5,282,4,1,1,4,1035,0,1,1,1,1,1,0,0.68466765,1,Late,High Risk
8892,4,1,5,3,240,5,1,1,4,1389,0,1,1,1,1,1,0,0.74681634,1,Late,High Risk
8893,3,1,5,2,223,5,2,0,6,1883,0,1,1,1,1,1,1,0.7497813,1,Late,High Risk
8894,4,1,4,1,226,5,1,1,9,1530,0,1,1,1,1,1,1,0.6990707,1,Late,High Risk
8895,0,1,5,5,253,5,1,0,4,1482,0,1,1,1,1,1,0,0.7184439,1,Late,High Risk
8896,1,1,6,4,249,4,1,1,2,1516,0,1,1,1,1,1,0,0.56754714,1,Late,Medium Risk
8897,2,1,6,4,294,4,2,1,5,1174,0,1,1,1,1,1,0,0.7466315,1,Late,High Risk
8898,4,1,5,1,225,5,1,1,2,1812,0,1,1,1,1,1,1,0.7473997,1,Late,High Risk
8899,3,1,6,5,253,4,1,1,2,1893,1,1,1,1,1,1,0,0.5829022,1,Late,Medium Risk
8900,4,1,5,1,236,5,2,1,10,1961,0,1,1,1,1,1,1,0.76829845,1,Late,High Risk
8901,0,0,7,2,284,4,1,0,1,1085,1,1,1,1,1,1,1,0.40959647,0,On Time,Medium Risk
8902,1,0,5,2,244,5,1,1,1,1875,1,1,1,1,1,1,1,0.58132577,1,Late,Medium Risk
8903,2,0,6,3,269,4,1,0,4,1948,1,1,1,1,1,1,0,0.6266669,1,Late,High Risk
8904,4,0,6,5,308,4,1,0,7,1078,0,1,1,1,1,1,0,0.6453037,1,Late,High Risk
8905,3,0,6,4,270,4,1,0,10,1698,0,1,1,1,1,1,0,0.66250354,1,Late,High Risk
8906,4,0,5,3,238,5,1,1,1,1871,1,1,1,1,1,1,0,0.5736213,1,Late,Medium Risk
8907,0,0,4,5,295,3,1,0,2,1693,0,1,1,1,1,1,0,0.49663806,0,On Time,Medium Risk
8908,1,0,2,2,310,3,1,1,1,1549,1,0,1,1,1,1,1,0.19222268,0,On Time,Low Risk
8909,2,0,6,2,290,4,2,1,1,1111,0,1,1,1,1,1,1,0.6509598,1,Late,High Risk
8910,4,0,7,2,288,4,0,1,4,1321,0,1,1,1,1,1,1,0.67779183,1,Late,High Risk
8911,3,0,6,5,299,4,1,1,2,1192,0,1,1,1,1,1,0,0.7042069,1,Late,High Risk
8912,4,0,6,5,243,4,1,0,6,1898,1,1,1,1,1,1,0,0.5937973,1,Late,Medium Risk
8913,0,0,5,3,229,5,1,0,1,1196,0,1,1,1,1,1,0,0.64478076,1,Late,High Risk
8914,1,0,6,2,288,4,2,1,9,1405,1,1,1,1,1,1,1,0.72528917,1,Late,High Risk
8915,2,0,6,3,276,4,1,1,6,1670,1,1,1,1,1,1,0,0.6275501,1,Late,High Risk
8916,4,0,7,4,270,4,2,0,5,1735,0,1,1,1,1,1,0,0.74000394,1,Late,High Risk
8917,3,0,4,3,246,5,2,1,10,1646,1,1,1,1,1,1,0,0.61335623,1,Late,High Risk
8918,4,0,5,5,269,5,1,1,5,1742,0,1,1,1,1,1,0,0.6639804,1,Late,High Risk
8919,0,0,5,3,241,5,1,0,2,1834,1,1,1,1,1,1,0,0.50086176,1,Late,Medium Risk
8920,1,0,4,4,248,5,2,1,2,1651,0,1,1,1,1,1,0,0.5834814,1,Late,Medium Risk
8921,2,0,6,2,271,4,2,1,3,1636,0,1,1,1,1,1,1,0.7010414,1,Late,High Risk
8922,4,0,4,5,250,5,2,1,6,1662,0,1,1,1,1,1,0,0.6621095,1,Late,High Risk
8923,3,2,5,5,229,5,2,1,2,1975,1,1,1,1,1,1,0,0.55796397,1,Late,Medium Risk
8924,4,2,7,3,296,4,1,1,4,1392,0,1,1,1,1,1,0,0.7708274,1,Late,High Risk
8925,0,2,6,1,307,4,1,0,3,1977,0,1,1,1,1,1,1,0.7702529,1,Late,High Risk
8926,1,2,7,1,258,4,1,0,3,1482,0,1,1,1,1,1,1,0.61482644,1,Late,High Risk
8927,2,2,6,2,255,4,2,0,3,1355,0,1,1,1,1,1,1,0.5901036,1,Late,Medium Risk
8928,4,2,5,3,163,3,2,1,1,1836,0,1,1,1,0,1,0,0.22755624,0,On Time,Low Risk
8929,3,2,5,5,265,6,1,1,4,1937,1,1,1,1,1,1,0,0.5075549,1,Late,Medium Risk
8930,4,2,4,3,269,5,1,1,2,1273,1,1,1,1,1,1,0,0.6652137,1,Late,High Risk
8931,0,2,6,3,273,5,1,1,8,1746,1,1,1,1,1,1,0,0.6744258,1,Late,High Risk
8932,1,2,5,5,257,5,1,1,5,1657,0,1,1,1,1,1,0,0.5799063,1,Late,Medium Risk
8933,2,2,6,3,258,4,2,1,9,1924,0,1,1,1,1,1,0,0.64204067,1,Late,High Risk
8934,4,2,5,3,140,5,2,0,6,1823,0,1,1,1,0,1,0,0.37325406,0,On Time,Medium Risk
8935,3,2,5,2,268,5,2,0,2,1061,1,1,1,1,1,1,1,0.6378907,1,Late,High Risk
8936,4,2,6,4,279,4,1,0,5,1241,0,1,1,1,1,1,0,0.5443212,1,Late,Medium Risk
8937,0,2,4,3,225,5,2,1,3,1224,0,1,1,1,1,1,0,0.72095156,1,Late,High Risk
8938,1,2,6,4,296,4,2,1,5,1782,1,1,1,1,1,1,0,0.5245186,1,Late,Medium Risk
8939,2,2,5,3,162,4,1,0,6,1968,0,1,1,1,0,1,0,0.46845046,0,On Time,Medium Risk
8940,4,2,4,3,208,3,2,0,7,4525,1,1,1,0,0,1,0,0.6983935,1,Late,High Risk
8941,3,2,4,2,185,2,2,0,3,5356,0,1,1,0,0,0,1,0.77187514,1,Late,High Risk
8942,4,2,4,4,270,2,2,0,6,5221,0,1,1,0,1,0,0,0.72839403,1,Late,High Risk
8943,0,2,3,1,266,3,1,0,8,4574,0,0,1,0,1,1,1,0.700698,1,Late,High Risk
8944,1,2,4,5,148,2,1,1,2,4883,1,1,1,0,0,0,0,0.72161597,1,Late,High Risk
8945,2,2,4,5,201,3,1,0,1,5898,1,1,1,0,0,1,0,0.48674354,0,On Time,Medium Risk
8946,4,2,4,1,171,2,2,0,1,5717,0,1,1,0,0,0,1,0.72239697,1,Late,High Risk
8947,3,2,4,3,236,3,1,1,1,4752,0,1,1,0,1,1,0,0.65521747,1,Late,High Risk
8948,4,2,4,4,220,3,1,0,4,5622,0,1,1,0,1,1,0,0.7322357,1,Late,High Risk
8949,0,2,4,2,161,4,1,0,9,4713,1,1,1,0,0,1,1,0.7398684,1,Late,High Risk
8950,1,2,5,1,241,3,1,1,7,5342,0,1,1,0,1,1,1,0.5916952,1,Late,Medium Risk
8951,2,2,5,4,208,2,1,1,9,4569,0,1,1,0,0,0,0,0.79196924,1,Late,High Risk
8952,4,2,6,5,150,3,2,1,3,5747,0,1,1,0,0,1,0,0.6897227,1,Late,High Risk
8953,3,2,4,3,233,2,2,0,3,4748,0,1,1,0,1,0,0,0.6183836,1,Late,High Risk
8954,4,2,2,2,98,5,2,1,10,4368,0,0,1,0,0,1,1,0.81692433,1,Late,High Risk
8955,0,2,3,2,271,5,1,1,5,4880,0,0,1,0,1,1,1,0.6714529,1,Late,High Risk
8956,1,2,2,2,247,3,1,0,4,4686,1,0,1,0,1,1,1,0.5223982,1,Late,Medium Risk
8957,2,2,3,5,218,4,1,1,4,5330,0,0,1,0,1,1,0,0.7076333,1,Late,High Risk
8958,4,2,5,3,182,4,2,1,5,4770,1,1,1,0,0,1,0,0.585319,1,Late,Medium Risk
8959,3,2,4,2,261,2,2,0,4,5926,1,1,1,0,1,0,1,0.7243187,1,Late,High Risk
8960,4,2,5,1,167,3,1,1,9,4660,0,1,1,0,0,1,1,0.67979985,1,Late,High Risk
8961,0,2,3,3,206,3,1,0,3,5746,1,0,1,0,0,1,0,0.58093965,1,Late,Medium Risk
8962,1,2,6,4,257,6,1,0,7,4265,0,1,1,0,1,1,0,0.59894574,1,Late,Medium Risk
8963,2,2,4,3,185,5,1,0,9,5648,0,1,1,0,0,1,0,0.6960303,1,Late,High Risk
8964,4,2,5,2,183,5,0,0,8,4820,0,1,1,0,0,1,1,0.65474343,1,Late,High Risk
8965,3,2,5,1,185,3,2,0,7,4855,1,1,1,0,0,1,1,0.63526803,1,Late,High Risk
8966,4,2,3,5,178,3,1,0,7,4135,0,0,1,0,0,1,0,0.629749,1,Late,High Risk
8967,0,2,4,4,258,3,0,1,10,4958,1,1,1,0,1,1,0,0.5112173,1,Late,Medium Risk
8968,1,2,4,1,238,4,2,0,10,4860,0,1,1,0,1,1,1,0.73913795,1,Late,High Risk
8969,2,2,3,2,209,2,1,1,9,5203,0,0,1,0,0,0,1,0.7344017,1,Late,High Risk
8970,4,2,2,3,260,2,1,0,1,4547,0,0,1,0,1,0,0,0.80026484,1,Late,High Risk
8971,3,2,4,5,247,2,2,0,9,4656,0,1,1,0,1,0,0,0.72132224,1,Late,High Risk
8972,4,2,3,3,261,3,1,1,2,5629,1,0,1,0,1,1,0,0.5881484,1,Late,Medium Risk
8973,0,2,4,5,243,4,1,0,1,5328,0,1,1,0,1,1,0,0.6422781,1,Late,High Risk
8974,1,2,5,1,160,4,2,1,5,5841,0,1,1,0,0,1,1,0.80892104,1,Late,High Risk
8975,2,2,5,2,203,2,2,0,2,4712,1,1,1,0,0,0,1,0.66980904,1,Late,High Risk
8976,4,2,3,5,220,4,1,0,5,5677,0,0,1,0,1,1,0,0.7190464,1,Late,High Risk
8977,3,2,3,2,233,3,2,1,7,5838,0,0,1,0,1,1,1,0.73980755,1,Late,High Risk
8978,4,2,4,4,101,5,1,0,8,4192,0,1,1,0,0,1,0,0.5771611,1,Late,Medium Risk
8979,0,2,5,4,191,4,1,1,8,4566,1,1,1,0,0,1,0,0.57825094,1,Late,Medium Risk
8980,1,2,3,3,265,3,1,0,10,4093,1,0,1,0,1,1,0,0.5124132,1,Late,Medium Risk
8981,2,2,4,3,249,3,1,1,4,4811,0,1,1,0,1,1,0,0.5349992,1,Late,Medium Risk
8982,4,2,4,4,184,3,1,0,10,5705,1,1,1,0,0,1,0,0.5790752,1,Late,Medium Risk
8983,3,2,5,5,182,3,2,0,10,5060,0,1,1,0,0,1,0,0.6704495,1,Late,High Risk
8984,4,2,5,5,198,2,0,1,3,5249,0,1,1,0,0,0,0,0.75753546,1,Late,High Risk
8985,0,2,3,1,110,4,2,0,6,5474,1,0,1,0,0,1,1,0.65174276,1,Late,High Risk
8986,1,2,4,3,268,2,1,0,4,5280,1,1,1,0,1,0,0,0.5631789,1,Late,Medium Risk
8987,2,2,4,3,146,3,2,0,10,5372,0,1,1,0,0,1,0,0.66344887,1,Late,High Risk
8988,4,2,5,2,235,2,1,0,10,4938,0,1,1,0,1,0,1,0.7848433,1,Late,High Risk
8989,3,2,5,2,270,3,1,1,3,5266,1,1,1,0,1,1,1,0.50919956,1,Late,Medium Risk
8990,4,2,4,4,174,2,1,0,1,4541,1,1,1,0,0,0,0,0.73899776,1,Late,High Risk
8991,0,2,4,2,239,4,1,0,10,5528,1,1,1,0,1,1,1,0.5836206,1,Late,Medium Risk
8992,1,2,3,4,236,4,0,0,9,4744,0,0,1,0,1,1,0,0.60488194,1,Late,High Risk
8993,2,2,4,5,162,2,2,0,9,5345,1,1,1,0,0,0,0,0.6664259,1,Late,High Risk
8994,4,2,3,4,260,3,1,0,8,5215,0,0,1,0,1,1,0,0.6183158,1,Late,High Risk
8995,3,2,3,1,217,3,1,0,1,4177,1,0,1,0,1,1,1,0.58407813,1,Late,Medium Risk
8996,4,2,5,3,232,3,2,1,3,4526,0,1,1,0,1,1,0,0.6741469,1,Late,High Risk
8997,0,2,4,5,260,3,2,0,6,4221,0,1,1,0,1,1,0,0.6437654,1,Late,High Risk
8998,1,2,4,2,184,3,2,0,5,5931,1,1,1,0,0,1,1,0.7220693,1,Late,High Risk
8999,2,2,5,4,145,4,1,1,4,4790,0,1,1,0,0,1,0,0.72382903,1,Late,High Risk
9000,4,2,5,1,189,2,2,1,10,5248,0,1,1,0,0,0,1,0.8137325,1,Late,High Risk
9001,3,2,5,3,150,2,0,0,9,4446,0,1,1,0,0,0,0,0.70445687,1,Late,High Risk
9002,4,2,3,3,200,3,1,1,3,5739,0,0,1,0,0,1,0,0.6125933,1,Late,High Risk
9003,0,2,5,1,133,2,2,1,1,4643,0,1,1,0,0,0,1,0.6881516,1,Late,High Risk
9004,1,2,4,2,260,3,1,1,4,5504,1,1,1,0,1,1,1,0.5903684,1,Late,Medium Risk
9005,2,2,4,2,195,2,2,1,10,4640,0,1,1,0,0,0,1,0.7478673,1,Late,High Risk
9006,4,2,4,3,245,4,2,1,4,5940,0,1,1,0,1,1,0,0.4924129,0,On Time,Medium Risk
9007,3,2,6,3,166,4,1,1,10,5783,1,1,1,0,0,1,0,0.7091265,1,Late,High Risk
9008,4,2,3,5,245,4,1,1,8,5600,0,0,1,0,1,1,0,0.67853606,1,Late,High Risk
9009,0,2,6,2,130,5,1,1,3,5654,0,1,1,0,0,1,1,0.80084527,1,Late,High Risk
9010,1,2,3,5,204,4,1,1,6,4879,1,0,1,0,0,1,0,0.70041347,1,Late,High Risk
9011,2,2,4,2,210,3,1,1,8,5672,1,1,1,0,0,1,1,0.65828246,1,Late,High Risk
9012,4,2,3,5,264,4,2,0,8,4324,0,0,1,0,1,1,0,0.6346396,1,Late,High Risk
9013,3,2,5,2,141,2,2,0,1,4287,0,1,1,0,0,0,1,0.7271565,1,Late,High Risk
9014,4,2,3,5,162,3,2,0,1,4432,0,0,1,0,0,1,0,0.7120972,1,Late,High Risk
9015,0,2,4,5,137,2,1,1,6,4055,1,1,1,0,0,0,0,0.5226149,1,Late,Medium Risk
9016,1,1,4,3,141,2,1,0,8,4331,0,1,1,0,0,0,0,0.7013656,1,Late,High Risk
9017,2,1,6,3,127,3,2,0,7,5574,1,1,1,0,0,1,0,0.4052395,0,On Time,Medium Risk
9018,4,1,2,2,270,4,1,1,6,5585,0,0,1,0,1,1,1,0.68276906,1,Late,High Risk
9019,3,1,3,4,185,4,2,0,6,5322,0,0,1,0,0,1,0,0.7754835,1,Late,High Risk
9020,4,1,4,1,241,3,1,1,6,5836,0,1,1,0,1,1,1,0.694281,1,Late,High Risk
9021,0,1,3,2,124,5,2,1,10,5348,0,0,1,0,0,1,1,0.8412747,1,Late,High Risk
9022,1,1,3,4,228,4,2,1,6,4947,0,0,1,0,1,1,0,0.6817012,1,Late,High Risk
9023,2,1,5,4,140,3,2,1,4,4623,0,1,1,0,0,1,0,0.8265207,1,Late,High Risk
9024,4,1,6,3,192,4,1,1,9,5239,1,1,1,0,0,1,0,0.53734344,1,Late,Medium Risk
9025,3,1,4,2,253,5,1,0,3,4676,1,1,1,0,1,1,1,0.65870553,1,Late,High Risk
9026,4,1,3,4,287,5,2,0,9,5308,0,0,1,0,1,1,0,0.66626996,1,Late,High Risk
9027,0,1,3,4,162,5,1,0,1,4240,1,0,1,0,0,1,0,0.68624127,1,Late,High Risk
9028,1,1,3,4,156,3,1,1,4,4628,0,0,1,0,0,1,0,0.74593604,1,Late,High Risk
9029,2,1,4,3,187,4,1,1,4,4757,0,1,1,0,0,1,0,0.71515876,1,Late,High Risk
9030,4,1,6,3,171,3,1,0,1,4952,0,1,1,0,0,1,0,0.72682303,1,Late,High Risk
9031,3,1,6,2,240,6,1,1,3,5967,1,1,1,0,1,1,1,0.50520074,1,Late,Medium Risk
9032,4,1,3,3,250,4,2,1,1,4717,0,0,1,0,1,1,0,0.6210939,1,Late,High Risk
9033,0,1,4,5,180,4,0,0,10,5176,1,1,1,0,0,1,0,0.42315552,0,On Time,Medium Risk
9034,1,1,3,1,242,4,1,1,10,4809,1,0,1,0,1,1,1,0.67734385,1,Late,High Risk
9035,2,1,3,1,162,4,2,0,4,5683,0,0,1,0,0,1,1,0.78853005,1,Late,High Risk
9036,4,1,5,5,210,3,2,1,8,5906,1,1,1,0,0,1,0,0.5946481,1,Late,Medium Risk
9037,3,1,4,1,189,2,2,1,4,4122,0,1,1,0,0,0,1,0.6214852,1,Late,High Risk
9038,4,0,4,5,187,2,1,1,6,4316,1,1,1,0,0,0,0,0.5656581,1,Late,Medium Risk
9039,0,0,4,1,179,2,2,0,7,4605,0,1,1,0,0,0,1,0.7624913,1,Late,High Risk
9040,1,0,2,1,199,2,1,0,10,5345,0,0,1,0,0,0,1,0.6699972,1,Late,High Risk
9041,2,0,5,1,158,4,2,0,4,5687,1,1,1,0,0,1,1,0.7805588,1,Late,High Risk
9042,4,0,3,4,181,3,1,1,10,5276,1,0,1,0,0,1,0,0.55398124,1,Late,Medium Risk
9043,3,0,3,5,238,2,1,0,8,5769,0,0,1,0,1,0,0,0.5542607,1,Late,Medium Risk
9044,4,0,5,5,225,4,0,0,3,5274,1,1,1,0,1,1,0,0.57307845,1,Late,Medium Risk
9045,0,0,5,1,172,2,2,0,3,4892,0,1,1,0,0,0,1,0.696948,1,Late,High Risk
9046,1,0,4,2,199,3,1,1,4,4070,0,1,1,0,0,1,1,0.49261194,0,On Time,Medium Risk
9047,2,0,4,4,248,3,0,0,10,4532,0,1,1,0,1,1,0,0.6354249,1,Late,High Risk
9048,4,0,3,2,226,3,1,0,5,5484,0,0,1,0,1,1,1,0.6586484,1,Late,High Risk
9049,3,0,4,1,177,3,2,0,6,5215,0,1,1,0,0,1,1,0.7106756,1,Late,High Risk
9050,4,0,3,4,238,2,1,1,5,4349,1,0,1,0,1,0,0,0.5376651,1,Late,Medium Risk
9051,0,0,4,5,161,3,1,0,5,4732,0,1,1,0,0,1,0,0.7779891,1,Late,High Risk
9052,1,0,2,1,271,3,1,1,1,4537,0,0,1,0,1,1,1,0.70401525,1,Late,High Risk
9053,2,0,5,2,254,3,2,0,8,5892,1,1,1,0,1,1,1,0.6434277,1,Late,High Risk
9054,4,0,4,2,238,2,1,1,1,5229,0,1,1,0,1,0,1,0.69664097,1,Late,High Risk
9055,3,0,5,5,169,3,2,1,2,5942,1,1,1,0,0,1,0,0.33454615,0,On Time,Medium Risk
9056,4,0,3,3,168,2,0,1,10,5334,1,0,1,0,0,0,0,0.60276324,1,Late,High Risk
9057,0,0,2,5,243,3,0,1,7,4486,0,0,1,0,1,1,0,0.6630981,1,Late,High Risk
9058,1,0,4,5,195,3,2,1,7,4835,0,1,1,0,0,1,0,0.6024714,1,Late,High Risk
9059,2,0,3,2,227,3,0,1,5,4167,1,0,1,0,1,1,1,0.5172852,1,Late,Medium Risk
9060,4,2,3,2,199,3,2,0,10,5768,1,0,1,0,0,1,1,0.6377445,1,Late,High Risk
9061,3,2,3,2,160,3,1,0,7,4468,0,0,1,0,0,1,1,0.7121817,1,Late,High Risk
9062,4,2,2,2,160,6,2,0,9,4972,1,0,1,0,0,1,1,0.5170582,1,Late,Medium Risk
9063,0,2,4,4,251,4,1,0,10,5984,0,1,1,0,1,1,0,0.59396595,1,Late,Medium Risk
9064,1,2,6,2,225,4,1,1,6,5787,1,1,1,0,1,1,1,0.7683768,1,Late,High Risk
9065,2,2,4,3,260,4,1,0,5,5307,0,1,1,0,1,1,0,0.6089367,1,Late,High Risk
9066,4,2,4,2,263,3,2,1,4,4935,1,1,1,0,1,1,1,0.6212334,1,Late,High Risk
9067,3,2,5,5,196,3,2,1,7,4084,1,1,1,0,0,1,0,0.46918535,0,On Time,Medium Risk
9068,4,2,4,2,184,2,2,0,10,5959,0,1,1,0,0,0,1,0.6882586,1,Late,High Risk
9069,0,2,5,5,231,2,2,0,6,5862,0,1,1,0,1,0,0,0.81834155,1,Late,High Risk
9070,1,2,3,1,153,2,1,1,7,5292,1,0,1,0,0,0,1,0.66900253,1,Late,High Risk
9071,2,2,3,1,173,2,1,0,7,4684,0,0,1,0,0,0,1,0.7152932,1,Late,High Risk
9072,4,2,3,1,159,3,1,0,3,5044,0,0,1,0,0,1,1,0.7001908,1,Late,High Risk
9073,3,2,5,4,137,2,1,1,7,5338,1,1,1,0,0,0,0,0.6280271,1,Late,High Risk
9074,4,2,3,1,249,2,2,1,9,5987,1,0,1,0,1,0,1,0.4244593,0,On Time,Medium Risk
9075,0,2,3,5,247,3,2,1,10,4286,1,0,1,0,1,1,0,0.5777246,1,Late,Medium Risk
9076,1,2,3,2,205,3,0,1,3,4563,1,0,1,0,0,1,1,0.5956453,1,Late,Medium Risk
9077,2,2,3,2,209,3,2,1,5,4999,0,0,1,0,0,1,1,0.6622725,1,Late,High Risk
9078,4,2,3,2,247,2,0,1,1,4242,0,0,1,0,1,0,1,0.5900064,1,Late,Medium Risk
9079,3,2,4,3,225,2,2,0,2,4169,1,1,1,0,1,0,0,0.5799946,1,Late,Medium Risk
9080,4,2,3,5,150,10,1,1,2,5042,0,0,1,0,0,1,0,0.80317223,1,Late,High Risk
9081,0,2,5,2,210,7,2,0,4,4525,1,1,1,0,0,1,1,0.64435875,1,Late,High Risk
9082,1,2,3,2,247,2,1,0,2,4677,0,0,1,0,1,0,1,0.517015,1,Late,Medium Risk
9083,2,2,5,5,167,3,2,1,9,4319,1,1,1,0,0,1,0,0.65927225,1,Late,High Risk
9084,4,2,4,5,233,3,2,0,7,5604,1,1,1,0,1,1,0,0.64925456,1,Late,High Risk
9085,3,2,2,5,204,10,1,0,1,4709,0,0,1,0,0,1,0,0.8634765,1,Late,High Risk
9086,4,2,5,5,140,8,2,1,2,4793,1,1,1,0,0,1,0,0.6492806,1,Late,High Risk
9087,0,2,6,3,218,6,0,1,8,5879,0,1,1,0,1,1,0,0.7531258,1,Late,High Risk
9088,1,2,3,3,250,3,1,1,9,4993,0,0,1,0,1,1,0,0.606366,1,Late,High Risk
9089,2,2,3,4,225,4,1,1,10,4460,1,0,1,0,1,1,0,0.6706476,1,Late,High Risk
9090,4,2,7,1,308,4,2,0,2,1504,0,1,1,1,1,1,1,0.60974336,1,Late,High Risk
9091,3,2,6,5,256,4,1,0,2,1163,0,1,1,1,1,1,0,0.6241455,1,Late,High Risk
9092,4,2,4,3,251,5,2,1,2,1482,0,1,1,1,1,1,0,0.6452702,1,Late,High Risk
9093,0,2,5,3,270,5,2,0,8,1862,0,1,1,1,1,1,0,0.6098484,1,Late,High Risk
9094,1,2,6,5,289,4,1,1,5,1600,1,1,1,1,1,1,0,0.5862916,1,Late,Medium Risk
9095,2,2,6,3,253,4,2,0,9,1823,0,1,1,1,1,1,0,0.76873946,1,Late,High Risk
9096,4,2,7,2,305,4,2,1,7,1813,0,1,1,1,1,1,1,0.46586505,0,On Time,Medium Risk
9097,3,2,3,3,219,6,1,1,10,1116,0,0,1,1,1,1,0,0.7288166,1,Late,High Risk
9098,4,2,4,2,231,5,2,1,8,1562,0,1,1,1,1,1,1,0.7904827,1,Late,High Risk
9099,0,2,6,5,298,4,2,0,5,1804,0,1,1,1,1,1,0,0.72457623,1,Late,High Risk
9100,1,2,6,5,282,4,1,1,5,1364,1,1,1,1,1,1,0,0.5622481,1,Late,Medium Risk
9101,2,2,5,1,240,5,1,1,2,1400,1,1,1,1,1,1,1,0.6278484,1,Late,High Risk
9102,4,2,5,3,223,5,2,1,4,1817,0,1,1,1,1,1,0,0.7296317,1,Late,High Risk
9103,3,2,4,4,226,5,1,1,1,1761,0,1,1,1,1,1,0,0.52322793,1,Late,Medium Risk
9104,4,2,5,3,253,5,1,1,6,1028,0,1,1,1,1,1,0,0.823343,1,Late,High Risk
9105,0,2,6,4,249,4,1,1,10,1318,0,1,1,1,1,1,0,0.62956136,1,Late,High Risk
9106,1,2,6,5,294,4,2,1,10,1628,1,1,1,1,1,1,0,0.5494506,1,Late,Medium Risk
9107,2,2,4,4,263,3,2,0,8,5475,0,1,1,0,1,1,0,0.5751797,1,Late,Medium Risk
9108,4,2,5,2,196,3,2,1,4,4868,1,1,1,0,0,1,1,0.6747111,1,Late,High Risk
9109,3,2,4,5,184,2,2,0,2,4429,0,1,1,0,0,0,0,0.6959716,1,Late,High Risk
9110,4,2,5,4,231,2,2,0,7,5491,1,1,1,0,1,0,0,0.72782165,1,Late,High Risk
9111,0,2,3,1,153,2,1,1,6,4996,0,0,1,0,0,0,1,0.69187135,1,Late,High Risk
9112,1,2,3,2,173,2,1,0,8,5492,0,0,1,0,0,0,1,0.7425152,1,Late,High Risk
9113,2,2,3,1,159,3,1,1,10,4358,1,0,1,0,0,1,1,0.6597966,1,Late,High Risk
9114,4,2,5,4,137,2,1,0,2,4077,1,1,1,0,0,0,0,0.4909935,0,On Time,Medium Risk
9115,3,2,3,1,249,2,2,0,1,5190,1,0,1,0,1,0,1,0.6203257,1,Late,High Risk
9116,4,2,3,4,247,3,2,1,9,5383,0,0,1,0,1,1,0,0.7083076,1,Late,High Risk
9117,0,2,3,3,205,3,0,1,1,5851,1,0,1,0,0,1,0,0.42892346,0,On Time,Medium Risk
9118,1,2,3,3,209,3,2,0,5,5831,0,0,1,0,0,1,0,0.66368663,1,Late,High Risk
9119,2,2,3,3,247,2,0,0,8,4593,1,0,1,0,1,0,0,0.596663,1,Late,Medium Risk
9120,4,2,4,1,225,2,2,1,5,5714,1,1,1,0,1,0,1,0.64315224,1,Late,High Risk
9121,3,2,3,2,150,10,1,0,6,5580,0,0,1,0,0,1,1,0.8164855,1,Late,High Risk
9122,4,2,5,3,210,7,2,0,4,4362,0,1,1,0,0,1,0,0.66960406,1,Late,High Risk
9123,0,2,3,1,247,2,1,1,7,5557,0,0,1,0,1,0,1,0.6761788,1,Late,High Risk
9124,1,2,5,5,167,3,2,1,1,4314,0,1,1,0,0,1,0,0.62790364,1,Late,High Risk
9125,2,2,4,5,233,3,2,0,2,4501,0,1,1,0,1,1,0,0.6431965,1,Late,High Risk
9126,4,2,2,4,204,10,1,0,4,4679,1,0,1,0,0,1,0,0.70589507,1,Late,High Risk
9127,3,2,5,1,140,8,2,1,7,5437,0,1,1,0,0,1,1,0.6532193,1,Late,High Risk
9128,4,2,6,3,218,6,0,0,5,4352,1,1,1,0,1,1,0,0.5152287,1,Late,Medium Risk
9129,0,2,3,1,250,3,1,0,7,4760,0,0,1,0,1,1,1,0.6314656,1,Late,High Risk
9130,1,2,3,1,225,4,1,0,10,4080,1,0,1,0,1,1,1,0.5607063,1,Late,Medium Risk
9131,2,2,7,5,308,4,2,1,6,1165,0,1,1,1,1,1,0,0.76568335,1,Late,High Risk
9132,4,2,6,3,256,4,1,0,9,1212,1,1,1,1,1,1,0,0.60930127,1,Late,High Risk
9133,3,2,4,5,251,5,2,0,7,1381,0,1,1,1,1,1,0,0.6701275,1,Late,High Risk
9134,4,2,5,1,270,5,2,1,10,1397,0,1,1,1,1,1,1,0.69734913,1,Late,High Risk
9135,0,2,6,1,289,4,1,1,3,1181,1,1,1,1,1,1,1,0.54808384,1,Late,Medium Risk
9136,1,2,6,5,253,4,2,1,8,1899,1,1,1,1,1,1,0,0.65492195,1,Late,High Risk
9137,2,2,7,3,305,4,2,0,6,1167,0,1,1,1,1,1,0,0.7464534,1,Late,High Risk
9138,4,2,3,5,219,6,1,1,1,1394,0,0,1,1,1,1,0,0.68860227,1,Late,High Risk
9139,3,2,4,1,231,5,2,1,6,1231,0,1,1,1,1,1,1,0.79934686,1,Late,High Risk
9140,4,2,6,5,298,4,2,0,8,1759,1,1,1,1,1,1,0,0.33270082,0,On Time,Medium Risk
9141,0,2,6,1,282,4,1,1,7,1758,0,1,1,1,1,1,1,0.6950917,1,Late,High Risk
9142,1,2,5,3,240,5,1,1,6,1489,0,1,1,1,1,1,0,0.65668386,1,Late,High Risk
9143,2,2,5,5,223,5,2,1,8,1132,0,1,1,1,1,1,0,0.7032924,1,Late,High Risk
9144,4,2,5,2,140,5,2,1,2,1521,0,1,1,1,0,1,1,0.22516245,0,On Time,Low Risk
9145,3,2,5,3,268,5,2,1,5,1365,0,1,1,1,1,1,0,0.66960794,1,Late,High Risk
9146,4,2,6,3,279,4,1,1,7,1090,1,1,1,1,1,1,0,0.58403075,1,Late,Medium Risk
9147,0,2,4,3,225,5,2,0,6,1573,0,1,1,1,1,1,0,0.67040664,1,Late,High Risk
9148,1,2,6,3,296,4,2,1,7,1515,0,1,1,1,1,1,0,0.67217183,1,Late,High Risk
9149,2,2,5,5,162,4,1,1,8,1311,0,1,1,1,0,1,0,0.4208587,0,On Time,Medium Risk
9150,4,2,6,5,255,4,1,0,2,1218,1,1,1,1,1,1,0,0.5537104,1,Late,Medium Risk
9151,3,2,7,5,255,4,1,0,9,1367,0,1,1,1,1,1,0,0.7522322,1,Late,High Risk
9152,4,2,6,2,286,4,2,1,6,1556,1,1,1,1,1,1,1,0.64412725,1,Late,High Risk
9153,0,1,7,2,267,4,2,1,8,1285,0,1,1,1,1,1,1,0.74497986,1,Late,High Risk
9154,1,1,5,1,226,6,1,1,5,1078,0,1,1,1,1,1,1,0.82258,1,Late,High Risk
9155,2,1,6,5,285,4,2,0,5,1631,1,1,1,1,1,1,0,0.67553943,1,Late,High Risk
9156,4,1,6,3,276,4,1,0,5,1637,1,1,1,1,1,1,0,0.5481948,1,Late,Medium Risk
9157,3,1,6,2,257,4,1,0,5,1565,1,1,1,1,1,1,1,0.630584,1,Late,High Risk
9158,4,1,6,4,287,4,2,0,10,1811,1,1,1,1,1,1,0,0.38128304,0,On Time,Medium Risk
9159,0,1,6,1,283,5,1,0,10,1304,1,1,1,1,1,1,1,0.59206617,1,Late,Medium Risk
9160,1,1,6,3,309,4,2,1,2,1270,1,1,1,1,1,1,0,0.547172,1,Late,Medium Risk
9161,2,1,4,3,274,5,1,0,3,1637,1,1,1,1,1,1,0,0.61090416,1,Late,High Risk
9162,4,1,7,4,244,4,2,0,4,1953,1,1,1,1,1,1,0,0.4204779,0,On Time,Medium Risk
9163,3,1,5,3,222,6,1,1,9,1656,0,1,1,1,1,1,0,0.63853943,1,Late,High Risk
9164,4,1,6,1,264,4,1,1,5,1900,0,1,1,1,1,1,1,0.6668997,1,Late,High Risk
9165,0,1,4,2,232,5,2,1,3,1197,0,1,1,1,1,1,1,0.7938223,1,Late,High Risk
9166,1,1,5,2,227,6,2,0,6,1620,0,1,1,1,1,1,1,0.67938083,1,Late,High Risk
9167,2,1,6,4,294,3,2,1,7,1455,0,1,1,1,1,1,0,0.4713897,0,On Time,Medium Risk
9168,4,1,6,4,260,4,1,0,1,1883,0,1,1,1,1,1,0,0.56382906,1,Late,Medium Risk
9169,3,1,4,3,260,5,1,0,8,1756,0,1,1,1,1,1,0,0.57980543,1,Late,Medium Risk
9170,4,1,6,1,277,5,1,0,2,1190,1,1,1,1,1,1,1,0.6333271,1,Late,High Risk
9171,0,1,5,3,257,5,1,0,7,1451,1,1,1,1,1,1,0,0.6229536,1,Late,High Risk
9172,1,1,5,5,271,6,1,1,6,1450,1,1,1,1,1,1,0,0.62969244,1,Late,High Risk
9173,2,1,6,1,308,4,1,0,7,1260,1,1,1,1,1,1,1,0.5922363,1,Late,Medium Risk
9174,4,1,7,2,281,4,2,0,2,1291,0,1,1,1,1,1,1,0.7705584,1,Late,High Risk
9175,3,0,5,4,307,5,1,1,8,1903,0,1,1,1,1,1,0,0.5297899,1,Late,Medium Risk
9176,4,0,5,3,224,5,2,1,9,1643,1,1,1,1,1,1,0,0.64514035,1,Late,High Risk
9177,0,0,5,5,233,6,2,0,4,1924,1,1,1,1,1,1,0,0.5612714,1,Late,Medium Risk
9178,1,0,3,4,179,2,2,1,5,1340,0,0,1,1,0,0,0,0.25988233,0,On Time,Low Risk
9179,2,0,4,3,267,5,2,0,9,1538,0,1,1,1,1,1,0,0.68750954,1,Late,High Risk
9180,4,0,5,3,218,6,1,0,6,1519,1,1,1,1,1,1,0,0.6349355,1,Late,High Risk
9181,3,0,7,3,302,4,2,0,7,1915,0,1,1,1,1,1,0,0.7553165,1,Late,High Risk
9182,4,0,7,3,247,4,2,1,5,1060,0,1,1,1,1,1,0,0.59841794,1,Late,Medium Risk
9183,0,0,6,3,266,4,2,0,8,1547,0,1,1,1,1,1,0,0.7099946,1,Late,High Risk
9184,1,0,5,1,247,5,1,1,10,1562,1,1,1,1,1,1,1,0.7122738,1,Late,High Risk
9185,2,0,4,3,219,5,1,0,8,1702,1,1,1,1,1,1,0,0.6348961,1,Late,High Risk
9186,4,0,7,1,287,4,2,1,9,1150,1,1,1,1,1,1,1,0.37429172,0,On Time,Medium Risk
9187,3,0,6,3,297,5,1,0,5,1657,0,1,1,1,1,1,0,0.7963635,1,Late,High Risk
9188,4,0,5,5,273,5,2,1,4,1597,1,1,1,1,1,1,0,0.65846246,1,Late,High Risk
9189,0,0,5,5,219,5,1,1,6,1234,0,1,1,1,1,1,0,0.78680426,1,Late,High Risk
9190,1,0,5,1,232,5,2,0,7,1069,1,1,1,1,1,1,1,0.718006,1,Late,High Risk
9191,2,0,4,4,264,5,1,1,3,1782,0,1,1,1,1,1,0,0.5738326,1,Late,Medium Risk
9192,4,0,6,3,266,4,1,0,9,1106,1,1,1,1,1,1,0,0.6293015,1,Late,High Risk
9193,3,0,7,1,280,5,1,1,10,1199,1,1,1,1,1,1,1,0.56847566,1,Late,Medium Risk
9194,4,0,7,4,264,4,2,1,6,1265,0,1,1,1,1,1,0,0.7459453,1,Late,High Risk
9195,0,0,4,2,258,5,1,0,8,1878,0,1,1,1,1,1,1,0.6617367,1,Late,High Risk
9196,1,0,5,1,236,5,1,1,8,1441,0,1,1,1,1,1,1,0.7900282,1,Late,High Risk
9197,2,2,5,5,262,5,1,1,2,1304,0,1,1,1,1,1,0,0.68134964,1,Late,High Risk
9198,4,2,5,3,255,6,2,0,1,5874,0,1,1,0,1,1,0,0.69682664,1,Late,High Risk
9199,3,2,4,4,267,4,1,0,8,5219,1,1,1,0,1,1,0,0.660226,1,Late,High Risk
9200,4,2,4,1,240,4,1,1,10,5965,1,1,1,0,1,1,1,0.5832556,1,Late,Medium Risk
9201,0,2,4,2,215,2,0,0,10,4061,1,1,1,0,1,0,1,0.5114778,1,Late,Medium Risk
9202,1,2,5,5,252,5,1,1,9,4135,0,1,1,0,1,1,0,0.7707974,1,Late,High Risk
9203,2,2,4,5,136,2,2,1,4,5512,0,1,1,0,0,0,0,0.7242576,1,Late,High Risk
9204,4,2,3,4,225,4,2,0,9,5575,0,0,1,0,1,1,0,0.7414724,1,Late,High Risk
9205,3,2,3,3,187,6,1,0,2,4549,0,0,1,0,0,1,0,0.77221394,1,Late,High Risk
9206,4,2,4,4,144,3,1,1,6,4137,1,1,1,0,0,1,0,0.58729345,1,Late,Medium Risk
9207,0,2,3,2,226,2,1,1,10,4254,0,0,1,0,1,0,1,0.6123527,1,Late,High Risk
9208,1,2,5,2,229,3,1,0,3,4916,0,1,1,0,1,1,1,0.58323354,1,Late,Medium Risk
9209,2,2,3,3,255,3,1,1,4,4628,1,0,1,0,1,1,0,0.5183631,1,Late,Medium Risk
9210,4,2,5,3,227,5,2,0,9,4990,0,1,1,0,1,1,0,0.7264277,1,Late,High Risk
9211,3,2,5,1,248,3,2,1,6,5081,1,1,1,0,1,1,1,0.6314226,1,Late,High Risk
9212,4,2,3,2,151,2,1,0,3,4759,0,0,1,0,0,0,1,0.7039676,1,Late,High Risk
9213,0,2,4,5,188,3,2,1,8,4125,0,1,1,0,0,1,0,0.5702459,1,Late,Medium Risk
9214,1,2,4,2,160,2,2,1,3,4304,1,1,1,0,0,0,1,0.7187713,1,Late,High Risk
9215,2,2,4,2,156,3,1,0,1,5361,0,1,1,0,0,1,1,0.71793556,1,Late,High Risk
9216,4,2,3,4,162,3,2,1,7,5313,0,0,1,0,0,1,0,0.7188302,1,Late,High Risk
9217,3,2,4,4,270,3,1,0,4,5888,0,1,1,0,1,1,0,0.64499384,1,Late,High Risk
9218,4,2,4,5,200,4,2,0,2,4947,0,1,1,0,0,1,0,0.71094054,1,Late,High Risk
9219,0,2,3,3,224,4,2,1,10,4147,0,0,1,0,1,1,0,0.75722414,1,Late,High Risk
9220,1,2,4,4,146,4,2,1,7,4953,1,1,1,0,0,1,0,0.6594738,1,Late,High Risk
9221,2,2,5,3,156,3,1,0,6,5231,1,1,1,0,0,1,0,0.5805899,1,Late,Medium Risk
9222,4,2,4,3,235,3,2,0,4,5748,1,1,1,0,1,1,0,0.6039351,1,Late,High Risk
9223,3,2,4,1,231,3,2,1,5,4118,1,1,1,0,1,1,1,0.5757465,1,Late,Medium Risk
9224,4,2,4,5,141,2,1,0,10,5907,1,1,1,0,0,0,0,0.5840785,1,Late,Medium Risk
9225,0,2,3,1,178,4,2,1,9,5727,1,0,1,0,0,1,1,0.7407146,1,Late,High Risk
9226,1,2,5,4,244,6,0,0,3,4089,0,1,1,0,1,1,0,0.5240491,1,Late,Medium Risk
9227,2,2,4,2,247,2,2,1,7,4955,1,1,1,0,1,0,1,0.599964,1,Late,Medium Risk
9228,4,2,3,1,132,3,2,0,5,5978,0,0,1,0,0,1,1,0.69843644,1,Late,High Risk
9229,3,2,4,5,190,3,2,1,6,4671,1,1,1,0,0,1,0,0.5119469,1,Late,Medium Risk
9230,4,2,3,2,113,5,2,1,1,5993,0,0,1,0,0,1,1,0.6665693,1,Late,High Risk
9231,0,2,5,5,253,2,0,0,3,4851,0,1,1,0,1,0,0,0.60862446,1,Late,High Risk
9232,1,2,4,3,235,3,2,0,4,4739,0,1,1,0,1,1,0,0.57294846,1,Late,Medium Risk
9233,2,2,3,3,264,2,1,1,6,4102,0,0,1,0,1,0,0,0.52024215,1,Late,Medium Risk
9234,4,2,3,5,286,6,2,1,3,4424,0,0,1,0,1,1,0,0.75225455,1,Late,High Risk
9235,3,2,4,3,141,3,2,0,3,4249,0,1,1,0,0,1,0,0.69868565,1,Late,High Risk
9236,4,2,4,2,243,3,1,1,3,5703,0,1,1,0,1,1,1,0.58437425,1,Late,Medium Risk
9237,0,2,5,4,209,4,1,0,10,5461,0,1,1,0,0,1,0,0.7228833,1,Late,High Risk
9238,1,2,4,4,246,2,2,0,2,4633,1,1,1,0,1,0,0,0.7284438,1,Late,High Risk
9239,2,2,4,3,257,3,2,1,1,5717,1,1,1,0,1,1,0,0.46724373,0,On Time,Medium Risk
9240,4,2,4,2,217,2,2,0,8,4907,1,1,1,0,1,0,1,0.6917482,1,Late,High Risk
9241,3,2,4,4,246,3,1,1,9,5041,0,1,1,0,1,1,0,0.6811728,1,Late,High Risk
9242,4,2,4,4,166,6,1,0,6,4100,1,1,1,0,0,1,0,0.4936222,0,On Time,Medium Risk
9243,0,2,3,3,183,2,1,0,3,5189,0,0,1,0,0,0,0,0.68903047,1,Late,High Risk
9244,1,2,4,5,136,2,2,1,4,5923,1,1,1,0,0,0,0,0.6243937,1,Late,High Risk
9245,2,2,4,1,224,2,1,1,10,4653,1,1,1,0,1,0,1,0.671671,1,Late,High Risk
9246,4,2,4,3,174,3,2,1,2,4069,1,1,1,0,0,1,0,0.49284938,0,On Time,Medium Risk
9247,3,2,4,5,209,3,2,0,4,4809,0,1,1,0,0,1,0,0.66257674,1,Late,High Risk
9248,4,2,4,3,256,2,2,0,3,4679,1,1,1,0,1,0,0,0.51316506,1,Late,Medium Risk
9249,0,2,4,2,231,4,2,1,9,5194,0,1,1,0,1,1,1,0.71300393,1,Late,High Risk
9250,1,2,2,1,228,2,1,0,2,5435,0,0,1,0,1,0,1,0.64496744,1,Late,High Risk
9251,2,2,4,2,198,3,2,1,10,5487,1,1,1,0,0,1,1,0.6852657,1,Late,High Risk
9252,4,2,5,5,223,3,2,0,3,4382,0,1,1,0,1,1,0,0.5833793,1,Late,Medium Risk
9253,3,2,3,4,257,4,2,0,8,4780,0,0,1,0,1,1,0,0.6328733,1,Late,High Risk
9254,4,2,4,4,265,3,1,1,10,4741,0,1,1,0,1,1,0,0.591781,1,Late,Medium Risk
9255,0,2,3,3,258,3,2,0,7,4068,1,0,1,0,1,1,0,0.44222564,0,On Time,Medium Risk
9256,1,2,3,2,272,3,1,1,7,5657,1,0,1,0,1,1,1,0.58991164,1,Late,Medium Risk
9257,2,2,5,3,273,4,2,1,1,5119,0,1,1,0,1,1,0,0.6835202,1,Late,High Risk
9258,4,2,3,5,287,5,0,1,1,5263,1,0,1,0,1,1,0,0.57952744,1,Late,Medium Risk
9259,3,2,5,1,176,4,1,0,1,4270,1,1,1,0,0,1,1,0.7031232,1,Late,High Risk
9260,4,2,5,4,136,3,2,1,4,5413,0,1,1,0,0,1,0,0.74839383,1,Late,High Risk
9261,0,2,3,5,204,2,1,0,1,4025,1,0,1,0,0,0,0,0.44928184,0,On Time,Medium Risk
9262,1,2,4,3,213,3,2,1,2,5432,1,1,1,0,0,1,0,0.67154515,1,Late,High Risk
9263,2,2,3,3,160,3,1,1,1,4769,0,0,1,0,0,1,0,0.67601067,1,Late,High Risk
9264,4,2,3,5,148,2,2,0,9,5095,1,0,1,0,0,0,0,0.739456,1,Late,High Risk
9265,3,2,4,3,255,4,2,0,10,4740,0,1,1,0,1,1,0,0.6697969,1,Late,High Risk
9266,4,2,3,3,212,3,2,1,10,5724,1,0,1,0,0,1,0,0.55222225,1,Late,Medium Risk
9267,0,2,3,3,217,3,2,1,10,5439,0,0,1,0,1,1,0,0.6462262,1,Late,High Risk
9268,1,2,4,2,145,3,2,0,7,5823,0,1,1,0,0,1,1,0.72996795,1,Late,High Risk
9269,2,2,3,1,170,3,0,0,6,5750,0,0,1,0,0,1,1,0.6146671,1,Late,High Risk
9270,4,2,3,2,244,3,0,0,5,5781,1,0,1,0,1,1,1,0.5074635,1,Late,Medium Risk
9271,3,2,3,1,151,4,2,1,2,5016,0,0,1,0,0,1,1,0.8363384,1,Late,High Risk
9272,4,2,4,1,202,3,1,1,10,4454,0,1,1,0,0,1,1,0.7660567,1,Late,High Risk
9273,0,2,4,1,195,3,2,1,2,4682,0,1,1,0,0,1,1,0.64004725,1,Late,High Risk
9274,1,2,3,3,150,3,2,1,9,5852,0,0,1,0,0,1,0,0.85324514,1,Late,High Risk
9275,2,2,4,3,225,2,2,0,10,5523,1,1,1,0,1,0,0,0.6209655,1,Late,High Risk
9276,4,2,4,5,142,4,2,0,6,5027,0,1,1,0,0,1,0,0.73267686,1,Late,High Risk
9277,3,2,3,3,262,4,1,1,5,4782,0,0,1,0,1,1,0,0.6323502,1,Late,High Risk
9278,4,2,3,1,251,6,2,1,10,4912,0,0,1,0,1,1,1,0.6774259,1,Late,High Risk
9279,0,2,5,5,221,2,2,1,10,4255,1,1,1,0,1,0,0,0.6645364,1,Late,High Risk
9280,1,2,3,2,202,2,2,0,7,5328,0,0,1,0,0,0,1,0.6900225,1,Late,High Risk
9281,2,2,4,3,216,4,2,1,3,4750,0,1,1,0,1,1,0,0.61575764,1,Late,High Risk
9282,4,2,4,2,239,3,1,0,4,5916,0,1,1,0,1,1,1,0.7443422,1,Late,High Risk
9283,3,2,2,3,192,3,1,1,4,5524,0,0,1,0,0,1,0,0.7265652,1,Late,High Risk
9284,4,2,3,4,185,2,2,1,5,4574,0,0,1,0,0,0,0,0.7583411,1,Late,High Risk
9285,0,2,5,4,235,3,1,1,3,4411,1,1,1,0,1,1,0,0.6121173,1,Late,High Risk
9286,1,2,3,2,253,2,1,1,8,5608,0,0,1,0,1,0,1,0.65444887,1,Late,High Risk
9287,2,2,3,4,180,3,1,1,2,5659,1,0,1,0,0,1,0,0.7513001,1,Late,High Risk
9288,4,2,3,5,150,2,2,1,10,5187,0,0,1,0,0,0,0,0.7161361,1,Late,High Risk
9289,3,2,4,2,168,6,2,0,9,4030,0,1,1,0,0,1,1,0.6349677,1,Late,High Risk
9290,4,1,5,4,274,3,2,0,1,4030,0,1,1,0,1,1,0,0.48215178,0,On Time,Medium Risk
9291,0,1,3,2,179,3,2,1,9,5224,1,0,1,0,0,1,1,0.5941002,1,Late,Medium Risk
9292,1,1,6,1,237,5,2,1,3,5299,1,1,1,0,1,1,1,0.5809617,1,Late,Medium Risk
9293,2,1,3,4,160,3,1,1,10,4602,0,0,1,0,0,1,0,0.73614293,1,Late,High Risk
9294,4,1,4,1,225,2,1,1,4,4102,0,1,1,0,1,0,1,0.55664754,1,Late,Medium Risk
9295,3,1,4,2,217,2,1,1,4,5539,0,1,1,0,1,0,1,0.727957,1,Late,High Risk
9296,4,1,3,5,263,3,2,1,1,4645,0,0,1,0,1,1,0,0.71040004,1,Late,High Risk
9297,0,1,4,4,128,6,2,0,3,5459,0,1,1,0,0,1,0,0.5818837,1,Late,Medium Risk
9298,1,1,3,3,167,3,1,0,8,4420,0,0,1,0,0,1,0,0.6929732,1,Late,High Risk
9299,2,1,3,2,221,2,1,0,10,4312,0,0,1,0,1,0,1,0.67786336,1,Late,High Risk
9300,4,1,3,3,173,2,1,1,5,4703,0,0,1,0,0,0,0,0.64131325,1,Late,High Risk
9301,3,1,4,2,149,6,1,0,6,4904,0,1,1,0,0,1,1,0.7512807,1,Late,High Risk
9302,4,1,3,5,234,2,2,0,8,5241,1,0,1,0,1,0,0,0.67213356,1,Late,High Risk
9303,0,1,3,3,237,3,2,1,6,4918,0,0,1,0,1,1,0,0.573394,1,Late,Medium Risk
9304,1,1,2,4,269,4,1,1,2,4267,1,0,1,0,1,1,0,0.5753387,1,Late,Medium Risk
9305,2,1,3,5,182,3,0,1,5,4183,1,0,1,0,0,1,0,0.44573686,0,On Time,Medium Risk
9306,4,1,6,3,199,4,2,0,1,5204,0,1,1,0,0,1,0,0.62304443,1,Late,High Risk
9307,3,1,4,1,264,4,1,0,6,4863,0,1,1,0,1,1,1,0.69968283,1,Late,High Risk
9308,4,1,6,5,167,3,1,0,2,5761,1,1,1,0,0,1,0,0.48929518,0,On Time,Medium Risk
9309,0,1,4,4,155,3,2,0,6,5778,1,1,1,0,0,1,0,0.54146516,1,Late,Medium Risk
9310,1,1,5,1,274,2,0,0,8,4647,1,1,1,0,1,0,1,0.5618108,1,Late,Medium Risk
9311,2,1,4,1,213,5,1,1,10,5492,0,1,1,0,0,1,1,0.7772809,1,Late,High Risk
9312,4,0,3,2,204,2,0,1,8,4562,1,0,1,0,0,0,1,0.7492864,1,Late,High Risk
9313,3,0,5,2,259,2,2,1,7,4764,0,1,1,0,1,0,1,0.59395266,1,Late,Medium Risk
9314,4,0,3,1,174,3,2,0,2,4972,0,0,1,0,0,1,1,0.6782409,1,Late,High Risk
9315,0,0,3,1,230,2,1,0,4,4387,1,0,1,0,1,0,1,0.5650605,1,Late,Medium Risk
9316,1,0,5,4,260,4,1,1,4,5911,1,1,1,0,1,1,0,0.5073608,1,Late,Medium Risk
9317,2,0,4,5,176,2,1,0,1,4155,0,1,1,0,0,0,0,0.73844457,1,Late,High Risk
9318,4,0,5,2,217,2,2,0,6,4120,1,1,1,0,1,0,1,0.5376068,1,Late,Medium Risk
9319,3,0,4,2,219,3,1,0,9,5703,0,1,1,0,1,1,1,0.62529147,1,Late,High Risk
9320,4,0,4,1,189,3,2,1,5,4133,0,1,1,0,0,1,1,0.5967892,1,Late,Medium Risk
9321,0,0,4,1,252,4,1,0,7,5459,1,1,1,0,1,1,1,0.59803176,1,Late,Medium Risk
9322,1,0,3,2,189,3,2,0,2,4152,1,0,1,0,0,1,1,0.7281185,1,Late,High Risk
9323,2,0,5,2,159,3,1,1,5,4930,0,1,1,0,0,1,1,0.67312,1,Late,High Risk
9324,4,0,4,2,262,3,1,1,6,5381,0,1,1,0,1,1,1,0.6714826,1,Late,High Risk
9325,3,0,6,1,191,5,1,1,8,5156,1,1,1,0,0,1,1,0.5301345,1,Late,Medium Risk
9326,4,0,4,1,271,4,2,0,2,4133,1,1,1,0,1,1,1,0.563161,1,Late,Medium Risk
9327,0,0,4,5,196,5,1,0,2,5840,0,1,1,0,0,1,0,0.6334241,1,Late,High Risk
9328,1,0,4,3,261,6,1,0,6,5068,0,1,1,0,1,1,0,0.5534219,1,Late,Medium Risk
9329,2,0,4,5,233,6,2,1,1,5284,0,1,1,0,1,1,0,0.7078046,1,Late,High Risk
9330,4,0,5,4,235,4,1,1,5,4506,0,1,1,0,1,1,0,0.6962163,1,Late,High Risk
9331,3,0,3,2,154,3,1,0,8,5149,1,0,1,0,0,1,1,0.5777334,1,Late,Medium Risk
9332,4,0,4,5,167,4,1,1,3,4658,0,1,1,0,0,1,0,0.58075094,1,Late,Medium Risk
9333,0,0,6,4,144,4,1,0,5,4631,0,1,1,0,0,1,0,0.84811795,1,Late,High Risk
9334,1,2,5,3,194,4,1,1,9,5851,0,1,1,0,0,1,0,0.7810718,1,Late,High Risk
9335,2,2,5,4,242,4,2,0,5,5375,0,1,1,0,1,1,0,0.6754561,1,Late,High Risk
9336,4,2,3,3,144,3,2,1,8,5727,0,0,1,0,0,1,0,0.6590049,1,Late,High Risk
9337,3,2,5,4,157,7,2,0,9,4272,0,1,1,0,0,1,0,0.66868323,1,Late,High Risk
9338,4,2,4,3,184,7,2,1,5,5920,1,1,1,0,0,1,0,0.52547204,1,Late,Medium Risk
9339,0,2,5,1,151,3,2,1,2,4172,1,1,1,0,0,1,1,0.7232586,1,Late,High Risk
9340,1,2,4,1,175,3,2,1,2,5861,0,1,1,0,0,1,1,0.8146322,1,Late,High Risk
9341,2,2,3,2,177,3,1,0,5,5941,0,0,1,0,0,1,1,0.766521,1,Late,High Risk
9342,4,2,6,1,141,3,1,0,2,5144,0,1,1,0,0,1,1,0.75734067,1,Late,High Risk
9343,3,2,4,2,210,3,1,1,5,4746,0,1,1,0,0,1,1,0.63487786,1,Late,High Risk
9344,4,2,2,4,224,2,1,1,8,4754,0,0,1,0,1,0,0,0.6574436,1,Late,High Risk
9345,0,2,4,1,253,3,2,0,9,5502,1,1,1,0,1,1,1,0.6616629,1,Late,High Risk
9346,1,2,4,1,157,2,2,0,7,4690,1,1,1,0,0,0,1,0.6764398,1,Late,High Risk
9347,2,2,3,2,172,3,2,0,8,4982,1,0,1,0,0,1,1,0.6803235,1,Late,High Risk
9348,4,2,3,5,193,10,0,1,6,5247,1,0,1,0,0,1,0,0.6183865,1,Late,High Risk
9349,3,2,6,2,255,4,1,1,9,1157,0,1,1,1,1,1,1,0.7229518,1,Late,High Risk
9350,4,2,7,5,255,4,1,0,2,1826,1,1,1,1,1,1,0,0.46276706,0,On Time,Medium Risk
9351,0,2,6,4,286,4,2,0,1,1570,0,1,1,1,1,1,0,0.67792875,1,Late,High Risk
9352,1,2,7,1,267,4,2,1,9,1261,1,1,1,1,1,1,1,0.4207736,0,On Time,Medium Risk
9353,2,2,5,4,226,6,1,0,3,1223,1,1,1,1,1,1,0,0.6552757,1,Late,High Risk
9354,4,2,6,3,285,4,2,0,1,1606,0,1,1,1,1,1,0,0.6896291,1,Late,High Risk
9355,3,2,6,4,276,4,1,1,4,1662,1,1,1,1,1,1,0,0.556205,1,Late,Medium Risk
9356,4,2,6,4,257,4,1,0,4,1451,0,1,1,1,1,1,0,0.65130275,1,Late,High Risk
9357,0,2,6,4,287,4,2,1,7,1141,1,1,1,1,1,1,0,0.411164,0,On Time,Medium Risk
9358,1,2,6,1,283,5,1,0,9,1311,1,1,1,1,1,1,1,0.58767587,1,Late,Medium Risk
9359,2,2,6,1,309,4,2,0,10,1904,1,1,1,1,1,1,1,0.8249448,1,Late,High Risk
9360,4,2,4,5,274,5,1,1,7,1225,0,1,1,1,1,1,0,0.5906535,1,Late,Medium Risk
9361,3,2,7,2,244,4,2,0,8,1477,1,1,1,1,1,1,1,0.4510713,0,On Time,Medium Risk
9362,4,2,5,4,222,6,1,0,9,1003,0,1,1,1,1,1,0,0.81026804,1,Late,High Risk
9363,0,2,6,1,264,4,1,1,9,1243,0,1,1,1,1,1,1,0.6485666,1,Late,High Risk
9364,1,2,4,1,232,5,2,0,7,1899,1,1,1,1,1,1,1,0.7015976,1,Late,High Risk
9365,2,2,5,1,217,2,2,0,10,4264,0,1,1,0,1,0,1,0.75318325,1,Late,High Risk
9366,4,2,4,5,219,3,1,0,1,5221,0,1,1,0,1,1,0,0.6860671,1,Late,High Risk
9367,3,2,4,3,189,3,2,0,4,5613,1,1,1,0,0,1,0,0.66599804,1,Late,High Risk
9368,4,2,4,2,252,4,1,1,1,4705,1,1,1,0,1,1,1,0.63274956,1,Late,High Risk
9369,0,2,3,3,189,3,2,0,1,5896,1,0,1,0,0,1,0,0.5457413,1,Late,Medium Risk
9370,1,2,5,3,159,3,1,1,7,5462,1,1,1,0,0,1,0,0.58292896,1,Late,Medium Risk
9371,2,2,4,3,262,3,1,0,3,4176,0,1,1,0,1,1,0,0.5721455,1,Late,Medium Risk
9372,4,2,6,2,191,5,1,1,1,4314,0,1,1,0,0,1,1,0.666807,1,Late,High Risk
9373,3,2,4,5,271,4,2,1,9,5057,0,1,1,0,1,1,0,0.6850184,1,Late,High Risk
9374,4,2,4,2,196,5,1,1,5,4994,0,1,1,0,0,1,1,0.7318492,1,Late,High Risk
9375,0,2,4,1,261,6,1,0,6,5861,0,1,1,0,1,1,1,0.7585471,1,Late,High Risk
9376,1,2,4,1,233,6,2,0,2,5406,0,1,1,0,1,1,1,0.7360036,1,Late,High Risk
9377,2,2,5,4,235,4,1,1,10,4880,0,1,1,0,1,1,0,0.69488096,1,Late,High Risk
9378,4,2,3,1,154,3,1,1,5,4720,1,0,1,0,0,1,1,0.536226,1,Late,Medium Risk
9379,3,2,4,4,167,4,1,1,2,5908,1,1,1,0,0,1,0,0.44799605,0,On Time,Medium Risk
9380,4,2,6,1,144,4,1,0,5,5121,0,1,1,0,0,1,1,0.78552634,1,Late,High Risk
9381,0,2,5,2,194,4,1,1,8,5650,1,1,1,0,0,1,1,0.7131904,1,Late,High Risk
9382,1,2,5,3,242,4,2,0,8,4410,1,1,1,0,1,1,0,0.67013216,1,Late,High Risk
9383,2,2,3,5,144,3,2,0,9,5912,0,0,1,0,0,1,0,0.7812456,1,Late,High Risk
9384,4,2,5,4,157,7,2,1,3,4723,0,1,1,0,0,1,0,0.5547187,1,Late,Medium Risk
9385,3,2,4,1,184,7,2,0,6,4956,0,1,1,0,0,1,1,0.70315754,1,Late,High Risk
9386,4,2,5,1,151,3,2,0,9,5667,0,1,1,0,0,1,1,0.76983875,1,Late,High Risk
9387,0,2,4,4,175,3,2,1,2,4004,0,1,1,0,0,1,0,0.50219923,1,Late,Medium Risk
9388,1,2,3,2,177,3,1,0,9,5427,0,0,1,0,0,1,1,0.7224978,1,Late,High Risk
9389,2,2,6,3,141,3,1,1,7,5222,1,1,1,0,0,1,0,0.64377487,1,Late,High Risk
9390,4,2,4,2,210,3,1,0,9,4102,1,1,1,0,0,1,1,0.6663421,1,Late,High Risk
9391,3,2,2,3,224,2,1,0,5,5050,0,0,1,0,1,0,0,0.6581222,1,Late,High Risk
9392,4,2,4,4,253,3,2,0,4,5236,0,1,1,0,1,1,0,0.64193547,1,Late,High Risk
9393,0,2,4,5,157,2,2,0,1,5054,0,1,1,0,0,0,0,0.669354,1,Late,High Risk
9394,1,2,3,1,172,3,2,1,5,5696,1,0,1,0,0,1,1,0.67527825,1,Late,High Risk
9395,2,2,3,1,193,10,0,0,1,4459,0,0,1,0,0,1,1,0.6109641,1,Late,High Risk
9396,4,2,6,3,255,4,1,1,6,1654,1,1,1,1,1,1,0,0.6046283,1,Late,High Risk
9397,3,2,7,5,255,4,1,1,7,1104,0,1,1,1,1,1,0,0.55819196,1,Late,Medium Risk
9398,4,2,6,4,286,4,2,0,1,1539,1,1,1,1,1,1,0,0.54334736,1,Late,Medium Risk
9399,0,2,7,3,267,4,2,0,10,1548,0,1,1,1,1,1,0,0.6888706,1,Late,High Risk
9400,1,2,5,4,226,6,1,1,1,1327,0,1,1,1,1,1,0,0.6230567,1,Late,High Risk
9401,2,2,6,4,285,4,2,1,4,1244,1,1,1,1,1,1,0,0.4134125,0,On Time,Medium Risk
9402,4,2,6,3,276,4,1,0,8,1754,1,1,1,1,1,1,0,0.48185053,0,On Time,Medium Risk
9403,3,2,6,3,257,4,1,0,2,1694,0,1,1,1,1,1,0,0.5777991,1,Late,Medium Risk
9404,4,2,6,1,287,4,2,1,5,1791,1,1,1,1,1,1,1,0.44348785,0,On Time,Medium Risk
9405,0,2,6,1,283,5,1,0,5,1298,0,1,1,1,1,1,1,0.68768233,1,Late,High Risk
9406,1,2,6,2,309,4,2,0,8,1930,0,1,1,1,1,1,1,0.82079726,1,Late,High Risk
9407,2,2,4,1,274,5,1,0,5,1581,1,1,1,1,1,1,1,0.64576334,1,Late,High Risk
9408,4,2,7,3,244,4,2,1,10,1629,0,1,1,1,1,1,0,0.46350613,0,On Time,Medium Risk
9409,3,2,5,5,222,6,1,1,1,1962,0,1,1,1,1,1,0,0.57861465,1,Late,Medium Risk
9410,4,2,7,1,264,4,2,0,5,1238,0,1,1,1,1,1,1,0.6542542,1,Late,High Risk
9411,0,2,4,4,258,5,1,1,7,1261,1,1,1,1,1,1,0,0.52810925,1,Late,Medium Risk
9412,1,2,5,5,236,5,1,0,7,1137,0,1,1,1,1,1,0,0.71984065,1,Late,High Risk
9413,2,2,6,3,304,4,1,0,9,1401,0,1,1,1,1,1,0,0.63896924,1,Late,High Risk
9414,4,2,6,3,244,5,2,0,5,1092,0,1,1,1,1,1,0,0.6720142,1,Late,High Risk
9415,3,2,7,1,301,4,1,1,10,1869,0,1,1,1,1,1,1,0.6619115,1,Late,High Risk
9416,4,2,4,4,275,5,2,1,5,1117,0,1,1,1,1,1,0,0.71119267,1,Late,High Risk
9417,0,2,5,4,236,5,1,1,6,1829,1,1,1,1,1,1,0,0.62493706,1,Late,High Risk
9418,1,2,6,3,286,4,2,1,4,1169,0,1,1,1,1,1,0,0.5387519,1,Late,Medium Risk
9419,2,2,5,4,238,6,1,1,6,1850,1,1,1,1,1,1,0,0.5869192,1,Late,Medium Risk
9420,4,2,7,3,300,4,2,0,5,1244,0,1,1,1,1,1,0,0.69506204,1,Late,High Risk
9421,3,2,6,2,292,4,2,1,2,1149,1,1,1,1,1,1,1,0.53212696,1,Late,Medium Risk
9422,4,2,5,2,172,2,1,1,9,1097,0,1,1,1,0,0,1,0.31744665,0,On Time,Medium Risk
9423,0,2,2,1,181,5,2,1,3,1038,0,0,1,1,0,1,1,0.7313539,1,Late,High Risk
9424,1,2,7,5,289,4,1,1,9,1904,0,1,1,1,1,1,0,0.46105814,0,On Time,Medium Risk
9425,2,2,7,5,256,4,2,1,4,1139,1,1,1,1,1,1,0,0.5497562,1,Late,Medium Risk
9426,4,2,4,5,251,5,2,1,10,1683,1,1,1,1,1,1,0,0.63761383,1,Late,High Risk
9427,3,1,6,5,245,4,1,1,3,1716,0,1,1,1,1,1,0,0.6315807,1,Late,High Risk
9428,4,1,5,2,266,5,2,1,8,1367,0,1,1,1,1,1,1,0.77894175,1,Late,High Risk
9429,0,1,4,1,220,5,1,0,9,1817,0,1,1,1,1,1,1,0.69488627,1,Late,High Risk
9430,1,1,4,2,274,5,1,0,8,1246,0,1,1,1,1,1,1,0.68340427,1,Late,High Risk
9431,2,1,7,5,301,4,1,1,9,1660,1,1,1,1,1,1,0,0.64721525,1,Late,High Risk
9432,4,1,6,5,285,4,1,1,8,1028,1,1,1,1,1,1,0,0.42831463,0,On Time,Medium Risk
9433,3,1,6,3,271,4,1,0,2,1364,1,1,1,1,1,1,0,0.6366222,1,Late,High Risk
9434,4,1,4,3,241,5,1,0,2,1442,0,1,1,1,1,1,0,0.6172955,1,Late,High Risk
9435,0,1,3,1,146,5,1,1,10,1737,0,0,1,1,0,1,1,0.37301612,0,On Time,Medium Risk
9436,1,1,6,4,256,4,2,0,9,1791,0,1,1,1,1,1,0,0.7162148,1,Late,High Risk
9437,2,1,6,2,235,5,1,0,5,1051,1,1,1,1,1,1,1,0.7713607,1,Late,High Risk
9438,4,1,5,5,275,3,1,0,9,1691,1,1,1,1,1,1,0,0.27258983,0,On Time,Low Risk
9439,3,1,6,4,205,4,1,0,10,1974,1,1,1,1,0,1,0,0.5662057,1,Late,Medium Risk
9440,4,1,5,4,244,5,2,0,1,1320,0,1,1,1,1,1,0,0.61120516,1,Late,High Risk
9441,0,1,5,2,269,6,2,0,5,1097,0,1,1,1,1,1,1,0.81370306,1,Late,High Risk
9442,1,1,4,1,238,5,2,0,3,1913,0,1,1,1,1,1,1,0.7498222,1,Late,High Risk
9443,2,1,5,4,217,5,1,0,8,1803,0,1,1,1,1,1,0,0.7091503,1,Late,High Risk
9444,4,1,5,2,258,5,1,1,3,1824,0,1,1,1,1,1,1,0.6982567,1,Late,High Risk
9445,3,1,7,1,269,5,2,0,5,1402,0,1,1,1,1,1,1,0.8587189,1,Late,High Risk
9446,4,1,4,2,259,5,1,1,6,1827,1,1,1,1,1,1,1,0.6274276,1,Late,High Risk
9447,0,1,6,5,260,4,1,0,8,1347,1,1,1,1,1,1,0,0.71444154,1,Late,High Risk
9448,1,1,5,5,227,5,2,0,2,1436,1,1,1,1,1,1,0,0.59416527,1,Late,Medium Risk
9449,2,0,4,2,223,6,1,0,10,1650,1,1,1,1,1,1,1,0.57308185,1,Late,Medium Risk
9450,4,0,5,2,221,5,2,1,10,1160,0,1,1,1,1,1,1,0.73360276,1,Late,High Risk
9451,3,0,7,4,296,4,1,0,10,1033,0,1,1,1,1,1,0,0.59436226,1,Late,Medium Risk
9452,4,0,5,3,228,5,0,1,9,1924,0,1,1,1,1,1,0,0.5809492,1,Late,Medium Risk
9453,0,0,4,4,275,5,2,1,7,1562,1,1,1,1,1,1,0,0.55960464,1,Late,Medium Risk
9454,1,0,5,3,230,5,2,1,4,1123,0,1,1,1,1,1,0,0.76496685,1,Late,High Risk
9455,2,0,5,1,241,5,2,1,3,1379,0,1,1,1,1,1,1,0.6865986,1,Late,High Risk
9456,4,0,4,2,270,5,1,0,5,1747,1,1,1,1,1,1,1,0.61875355,1,Late,High Risk
9457,3,0,6,4,264,5,2,0,7,1220,1,1,1,1,1,1,0,0.5690141,1,Late,Medium Risk
9458,4,0,4,4,260,5,1,0,5,1178,1,1,1,1,1,1,0,0.6846188,1,Late,High Risk
9459,0,0,5,1,271,5,1,1,4,1353,0,1,1,1,1,1,1,0.7104449,1,Late,High Risk
9460,1,0,5,5,286,4,0,0,10,1071,1,1,1,1,1,1,0,0.33011264,0,On Time,Medium Risk
9461,2,0,6,1,279,4,1,0,4,1263,1,1,1,1,1,1,1,0.5099851,1,Late,Medium Risk
9462,4,0,6,3,271,4,1,0,6,1934,0,1,1,1,1,1,0,0.61852235,1,Late,High Risk
9463,3,0,3,5,206,4,1,1,6,5038,0,0,1,0,0,1,0,0.7116254,1,Late,High Risk
9464,4,0,5,2,205,3,2,0,1,4351,0,1,1,0,0,1,1,0.68928665,1,Late,High Risk
9465,0,0,5,2,233,3,2,0,10,4233,1,1,1,0,1,1,1,0.59246695,1,Late,Medium Risk
9466,1,0,5,1,207,3,1,0,1,4112,0,1,1,0,0,1,1,0.5350051,1,Late,Medium Risk
9467,2,0,4,1,174,4,1,1,3,5295,0,1,1,0,0,1,1,0.7319986,1,Late,High Risk
9468,4,0,3,4,191,3,2,0,10,4667,0,0,1,0,0,1,0,0.6730708,1,Late,High Risk
9469,3,0,4,4,156,2,2,0,7,5938,0,1,1,0,0,0,0,0.71665114,1,Late,High Risk
9470,4,0,4,4,137,3,2,0,8,4066,1,1,1,0,0,1,0,0.35855237,0,On Time,Medium Risk
9471,0,2,3,3,251,3,1,1,8,4246,0,0,1,0,1,1,0,0.60173774,1,Late,High Risk
9472,1,2,5,3,194,3,1,1,7,5545,0,1,1,0,0,1,0,0.561023,1,Late,Medium Risk
9473,2,2,4,1,141,3,1,0,6,5273,0,1,1,0,0,1,1,0.7243643,1,Late,High Risk
9474,4,2,5,1,137,3,2,0,10,4641,0,1,1,0,0,1,1,0.7186341,1,Late,High Risk
9475,3,2,3,1,221,3,2,1,10,5696,1,0,1,0,1,1,1,0.6467849,1,Late,High Risk
9476,4,2,3,1,270,2,2,1,6,4966,0,0,1,0,1,0,1,0.70787907,1,Late,High Risk
9477,0,2,3,3,133,3,1,0,2,4926,0,0,1,0,0,1,0,0.7187816,1,Late,High Risk
9478,1,2,4,4,181,3,2,0,9,4425,1,1,1,0,0,1,0,0.68745345,1,Late,High Risk
9479,2,2,6,4,147,3,1,1,4,4549,1,1,1,0,0,1,0,0.7967703,1,Late,High Risk
9480,4,2,4,3,250,2,0,0,10,4885,1,1,1,0,1,0,0,0.61035156,1,Late,High Risk
9481,3,2,3,5,184,2,0,1,3,4883,0,0,1,0,0,0,0,0.563406,1,Late,Medium Risk
9482,4,2,5,1,234,3,1,0,4,5033,0,1,1,0,1,1,1,0.73479503,1,Late,High Risk
9483,0,2,3,3,126,6,1,1,8,5084,1,0,1,0,0,1,0,0.55956036,1,Late,Medium Risk
9484,1,2,3,2,241,3,2,0,9,4301,0,0,1,0,1,1,1,0.6813499,1,Late,High Risk
9485,2,2,3,5,218,2,2,0,6,4072,0,0,1,0,1,0,0,0.5715153,1,Late,Medium Risk
9486,4,2,3,5,98,3,2,0,3,5553,1,0,1,0,0,1,0,0.687519,1,Late,High Risk
9487,3,2,3,5,211,2,2,0,9,4577,1,0,1,0,0,0,0,0.73794234,1,Late,High Risk
9488,4,2,4,2,216,3,1,1,2,4750,1,1,1,0,1,1,1,0.64221233,1,Late,High Risk
9489,0,2,3,3,203,3,2,0,4,5548,0,0,1,0,0,1,0,0.70207703,1,Late,High Risk
9490,1,2,3,4,266,3,2,1,9,5908,1,0,1,0,1,1,0,0.73163986,1,Late,High Risk
9491,2,2,4,1,155,3,2,1,9,4443,0,1,1,0,0,1,1,0.76690054,1,Late,High Risk
9492,4,2,3,5,156,2,2,0,8,5848,0,0,1,0,0,0,0,0.76135844,1,Late,High Risk
9493,3,2,5,2,169,5,2,0,2,4542,0,1,1,0,0,1,1,0.76895213,1,Late,High Risk
9494,4,2,4,5,241,4,2,0,10,4126,1,1,1,0,1,1,0,0.57135165,1,Late,Medium Risk
9495,0,2,4,5,199,4,2,1,1,5585,1,1,1,0,0,1,0,0.6617475,1,Late,High Risk
9496,1,2,4,3,184,3,1,0,9,5602,0,1,1,0,0,1,0,0.637731,1,Late,High Risk
9497,2,2,3,3,221,3,1,0,5,4388,0,0,1,0,1,1,0,0.58308274,1,Late,Medium Risk
9498,4,2,4,3,258,3,2,0,7,4887,1,1,1,0,1,1,0,0.4925306,0,On Time,Medium Risk
9499,3,2,5,4,193,3,2,1,3,4559,0,1,1,0,0,1,0,0.7247127,1,Late,High Risk
9500,4,2,2,2,156,4,0,1,9,4184,1,0,1,0,0,1,1,0.5069892,1,Late,Medium Risk
9501,0,2,4,2,201,3,2,0,4,4613,0,1,1,0,0,1,1,0.7646281,1,Late,High Risk
9502,1,2,4,2,171,3,2,1,4,5859,0,1,1,0,0,1,1,0.8029116,1,Late,High Risk
9503,2,2,3,4,193,6,1,1,2,5584,0,0,1,0,0,1,0,0.68721193,1,Late,High Risk
9504,4,2,5,2,254,2,2,1,4,4180,1,1,1,0,1,0,1,0.64856046,1,Late,High Risk
9505,3,2,4,4,251,3,2,0,9,5350,1,1,1,0,1,1,0,0.61427766,1,Late,High Risk
9506,4,2,5,3,171,3,1,0,7,4946,0,1,1,0,0,1,0,0.6087519,1,Late,High Risk
9507,0,2,4,1,243,3,2,1,10,5832,0,1,1,0,1,1,1,0.72946876,1,Late,High Risk
9508,1,2,3,4,253,3,2,1,4,4269,0,0,1,0,1,1,0,0.6194742,1,Late,High Risk
9509,2,2,3,5,137,3,1,1,3,5497,1,0,1,0,0,1,0,0.6940138,1,Late,High Risk
9510,4,2,5,2,149,2,1,0,6,4661,0,1,1,0,0,0,1,0.7778855,1,Late,High Risk
9511,3,2,4,1,183,3,1,1,3,5178,1,1,1,0,0,1,1,0.7033689,1,Late,High Risk
9512,4,2,4,5,171,3,1,0,10,4752,1,1,1,0,0,1,0,0.5979506,1,Late,Medium Risk
9513,0,2,4,5,102,5,1,0,3,5767,0,1,1,0,0,1,0,0.7019715,1,Late,High Risk
9514,1,2,3,3,249,4,1,1,7,5868,1,0,1,0,1,1,0,0.6384122,1,Late,High Risk
9515,2,2,3,4,255,3,2,0,10,5291,1,0,1,0,1,1,0,0.54081905,1,Late,Medium Risk
9516,4,2,3,1,150,2,1,0,6,5697,0,0,1,0,0,0,1,0.7587784,1,Late,High Risk
9517,3,2,4,4,169,4,2,0,8,5493,0,1,1,0,0,1,0,0.6956115,1,Late,High Risk
9518,4,2,4,1,208,3,2,0,8,4890,1,1,1,0,0,1,1,0.7168066,1,Late,High Risk
9519,0,2,3,3,154,4,0,0,2,4921,1,0,1,0,0,1,0,0.43851694,0,On Time,Medium Risk
9520,1,2,2,2,101,5,2,0,6,4196,0,0,1,0,0,1,1,0.8057364,1,Late,High Risk
9521,2,2,5,1,203,3,1,1,10,4750,0,1,1,0,0,1,1,0.7138008,1,Late,High Risk
9522,4,2,5,3,234,6,2,0,8,5003,0,1,1,0,1,1,0,0.7081788,1,Late,High Risk
9523,3,2,3,1,133,4,2,0,6,5162,0,0,1,0,0,1,1,0.7419287,1,Late,High Risk
9524,4,2,3,3,222,4,1,0,6,5284,1,0,1,0,1,1,0,0.663727,1,Late,High Risk
9525,0,2,3,5,258,3,1,0,5,4494,0,0,1,0,1,1,0,0.579813,1,Late,Medium Risk
9526,1,2,3,5,251,3,1,1,1,5073,0,0,1,0,1,1,0,0.5815502,1,Late,Medium Risk
9527,2,2,4,2,241,6,2,1,5,4880,1,1,1,0,1,1,1,0.56802315,1,Late,Medium Risk
9528,4,2,4,1,164,4,2,1,3,5318,1,1,1,0,0,1,1,0.7540135,1,Late,High Risk
9529,3,2,5,4,273,2,1,0,1,5008,1,1,1,0,1,0,0,0.56233704,1,Late,Medium Risk
9530,4,2,3,1,266,3,1,1,6,4010,0,0,1,0,1,1,1,0.5207127,1,Late,Medium Risk
9531,0,2,4,2,144,5,1,0,3,5807,1,1,1,0,0,1,1,0.6781332,1,Late,High Risk
9532,1,2,2,1,208,2,1,1,10,4671,1,0,1,0,0,0,1,0.71988547,1,Late,High Risk
9533,2,2,2,4,178,4,2,0,8,4620,0,0,1,0,0,1,0,0.86038375,1,Late,High Risk
9534,4,2,3,3,246,4,1,0,3,4316,0,0,1,0,1,1,0,0.59186023,1,Late,Medium Risk
9535,3,2,3,1,131,6,2,1,8,5352,0,0,1,0,0,1,1,0.71517956,1,Late,High Risk
9536,4,2,2,2,156,3,1,0,5,4151,1,0,1,0,0,1,1,0.5038193,1,Late,Medium Risk
9537,0,2,3,2,222,4,2,1,10,5720,0,0,1,0,1,1,1,0.6715523,1,Late,High Risk
9538,1,2,3,3,275,3,2,1,7,4968,0,0,1,0,1,1,0,0.6209479,1,Late,High Risk
9539,2,2,3,2,212,3,2,1,10,4117,0,0,1,0,0,1,1,0.668395,1,Late,High Risk
9540,4,2,5,4,275,2,2,1,7,5292,0,1,1,0,1,0,0,0.5717303,1,Late,Medium Risk
9541,3,2,5,1,189,2,2,1,8,5219,0,1,1,0,0,0,1,0.7908171,1,Late,High Risk
9542,4,2,3,4,171,3,1,1,10,4839,0,0,1,0,0,1,0,0.65965766,1,Late,High Risk
9543,0,2,3,1,242,5,1,0,3,4026,0,0,1,0,1,1,1,0.6078663,1,Late,High Risk
9544,1,2,3,5,247,3,2,0,7,4966,0,0,1,0,1,1,0,0.6559464,1,Late,High Risk
9545,2,2,3,3,149,2,1,1,8,4556,0,0,1,0,0,0,0,0.81035155,1,Late,High Risk
9546,4,2,3,3,190,3,1,0,9,5279,0,0,1,0,0,1,0,0.5792563,1,Late,Medium Risk
9547,3,2,3,2,189,2,1,1,6,4488,1,0,1,0,0,0,1,0.70616454,1,Late,High Risk
9548,4,2,3,2,153,4,0,1,7,4750,1,0,1,0,0,1,1,0.60937965,1,Late,High Risk
9549,0,2,4,1,173,2,1,1,5,4688,0,1,1,0,0,0,1,0.7250968,1,Late,High Risk
9550,1,2,5,3,117,4,1,0,3,5078,0,1,1,0,0,1,0,0.778296,1,Late,High Risk
9551,2,2,6,5,204,3,2,1,7,4119,0,1,1,0,0,1,0,0.6060497,1,Late,High Risk
9552,4,2,3,1,274,4,1,1,3,5979,0,0,1,0,1,1,1,0.7461141,1,Late,High Risk
9553,3,2,6,1,276,2,1,1,10,5108,0,1,1,0,1,0,1,0.67706275,1,Late,High Risk
9554,4,2,3,1,189,4,1,0,4,4785,0,0,1,0,0,1,1,0.7322665,1,Late,High Risk
9555,0,2,3,2,204,2,1,0,2,5033,1,0,1,0,0,0,1,0.66131294,1,Late,High Risk
9556,1,2,3,3,229,3,2,0,8,4549,0,0,1,0,1,1,0,0.65434897,1,Late,High Risk
9557,2,2,3,1,257,2,2,0,2,5815,0,0,1,0,1,0,1,0.70974904,1,Late,High Risk
9558,4,2,4,5,184,3,1,1,5,4039,1,1,1,0,0,1,0,0.38076907,0,On Time,Medium Risk
9559,3,2,3,5,157,4,2,0,2,4640,0,0,1,0,0,1,0,0.7840683,1,Late,High Risk
9560,4,2,4,3,173,3,2,1,5,5331,1,1,1,0,0,1,0,0.6663284,1,Late,High Risk
9561,0,2,3,2,236,2,2,1,2,4239,1,0,1,0,1,0,1,0.6458405,1,Late,High Risk
9562,1,2,4,1,234,3,1,1,2,4282,0,1,1,0,1,1,1,0.67894435,1,Late,High Risk
9563,2,2,4,4,237,3,2,1,2,4760,0,1,1,0,1,1,0,0.644575,1,Late,High Risk
9564,4,1,4,5,191,2,1,1,10,5068,1,1,1,0,0,0,0,0.6377921,1,Late,High Risk
9565,3,1,4,4,222,3,2,1,2,5140,0,1,1,0,1,1,0,0.66629994,1,Late,High Risk
9566,4,1,4,4,153,2,1,0,8,4248,0,1,1,0,0,0,0,0.56910354,1,Late,Medium Risk
9567,0,1,4,1,224,2,2,1,2,4581,1,1,1,0,1,0,1,0.6056724,1,Late,High Risk
9568,1,1,5,4,201,2,1,1,5,5593,1,1,1,0,0,0,0,0.64210886,1,Late,High Risk
9569,2,1,4,2,169,3,1,1,10,4309,1,1,1,0,0,1,1,0.74573624,1,Late,High Risk
9570,4,1,3,2,133,5,2,1,9,5744,1,0,1,0,0,1,1,0.59799767,1,Late,Medium Risk
9571,3,1,4,4,146,2,2,0,5,4356,0,1,1,0,0,0,0,0.5949375,1,Late,Medium Risk
9572,4,1,4,1,230,3,1,1,8,4107,1,1,1,0,1,1,1,0.5969867,1,Late,Medium Risk
9573,0,1,3,1,195,5,1,0,4,4034,0,0,1,0,0,1,1,0.6518096,1,Late,High Risk
9574,1,1,4,4,204,3,1,0,9,4757,0,1,1,0,0,1,0,0.68610567,1,Late,High Risk
9575,2,1,6,2,191,6,2,1,7,5333,1,1,1,0,0,1,1,0.30764407,0,On Time,Medium Risk
9576,4,1,5,5,199,3,0,1,6,5547,1,1,1,0,0,1,0,0.6525085,1,Late,High Risk
9577,3,1,3,4,192,4,2,1,3,4030,0,0,1,0,0,1,0,0.4190345,0,On Time,Medium Risk
9578,4,1,3,1,187,2,1,0,10,5064,1,0,1,0,0,0,1,0.68704504,1,Late,High Risk
9579,0,1,3,1,236,3,2,0,8,5341,1,0,1,0,1,1,1,0.6232631,1,Late,High Risk
9580,1,1,4,5,176,3,0,0,1,5096,1,1,1,0,0,1,0,0.54952615,1,Late,Medium Risk
9581,2,1,6,2,239,4,2,0,7,4589,0,1,1,0,1,1,1,0.68300205,1,Late,High Risk
9582,4,1,4,4,280,3,2,1,5,5624,0,1,1,0,1,1,0,0.6910387,1,Late,High Risk
9583,3,1,5,5,184,2,2,1,9,4649,1,1,1,0,0,0,0,0.7978725,1,Late,High Risk
9584,4,1,3,2,145,2,1,1,3,4409,0,0,1,0,0,0,1,0.7167794,1,Late,High Risk
9585,0,1,6,5,248,3,1,0,3,5709,1,1,1,0,1,1,0,0.42632422,0,On Time,Medium Risk
9586,1,0,2,4,184,5,2,1,9,5812,0,0,1,0,0,1,0,0.81062853,1,Late,High Risk
9587,2,0,4,5,265,2,1,1,9,5040,0,1,1,0,1,0,0,0.6844721,1,Late,High Risk
9588,4,0,5,1,170,4,2,1,4,5113,1,1,1,0,0,1,1,0.7117166,1,Late,High Risk
9589,3,0,2,1,181,4,1,0,2,4747,0,0,1,0,0,1,1,0.71207106,1,Late,High Risk
9590,4,0,3,4,166,4,1,0,1,5533,1,0,1,0,0,1,0,0.6967049,1,Late,High Risk
9591,0,0,4,4,137,4,2,0,5,5095,0,1,1,0,0,1,0,0.75808537,1,Late,High Risk
9592,1,0,4,1,173,5,1,0,5,5049,1,1,1,0,0,1,1,0.70020014,1,Late,High Risk
9593,2,0,4,3,249,4,2,1,10,5614,0,1,1,0,1,1,0,0.58938813,1,Late,Medium Risk
9594,4,0,5,4,205,3,1,0,3,4157,1,1,1,0,0,1,0,0.65870434,1,Late,High Risk
9595,3,0,4,5,251,5,0,1,8,4573,0,1,1,0,1,1,0,0.73035413,1,Late,High Risk
9596,4,0,4,5,249,3,1,0,7,5509,0,1,1,0,1,1,0,0.5719148,1,Late,Medium Risk
9597,0,0,4,3,177,3,1,0,7,4834,1,1,1,0,0,1,0,0.55261034,1,Late,Medium Risk
9598,1,0,3,5,268,3,1,1,7,4910,0,0,1,0,1,1,0,0.6529258,1,Late,High Risk
9599,2,0,6,1,215,4,1,1,1,4581,1,1,1,0,1,1,1,0.57189804,1,Late,Medium Risk
9600,4,0,4,1,149,3,1,1,2,4499,0,1,1,0,0,1,1,0.7423965,1,Late,High Risk
9601,3,0,4,4,132,3,2,0,5,4613,0,1,1,0,0,1,0,0.81916326,1,Late,High Risk
9602,4,0,3,1,246,3,1,0,10,4707,1,0,1,0,1,1,1,0.5732045,1,Late,Medium Risk
9603,0,0,3,4,155,3,2,1,9,5718,1,0,1,0,0,1,0,0.52427655,1,Late,Medium Risk
9604,1,0,5,3,206,2,2,1,7,4531,1,1,1,0,0,0,0,0.60079676,1,Late,High Risk
9605,2,0,4,2,134,3,2,0,1,4064,1,1,1,0,0,1,1,0.5198266,1,Late,Medium Risk
9606,4,0,5,2,255,2,2,1,9,5609,0,1,1,0,1,0,1,0.7517043,1,Late,High Risk
9607,3,0,3,1,168,4,2,0,9,5136,0,0,1,0,0,1,1,0.7224273,1,Late,High Risk
9608,4,2,4,1,140,2,1,1,8,4926,0,1,1,0,0,0,1,0.7158877,1,Late,High Risk
9609,0,2,5,3,191,3,0,0,6,4244,0,1,1,0,0,1,0,0.34502444,0,On Time,Medium Risk
9610,1,2,4,3,231,3,2,0,8,5069,1,1,1,0,1,1,0,0.581426,1,Late,Medium Risk
9611,2,2,3,3,264,2,1,1,2,4350,0,0,1,0,1,0,0,0.63952184,1,Late,High Risk
9612,4,2,5,3,137,3,1,1,6,5357,0,1,1,0,0,1,0,0.69563353,1,Late,High Risk
9613,3,2,5,3,170,3,2,0,4,4446,1,1,1,0,0,1,0,0.558276,1,Late,Medium Risk
9614,4,2,4,4,256,3,1,0,5,5399,0,1,1,0,1,1,0,0.6822171,1,Late,High Risk
9615,0,2,5,1,176,6,2,1,9,4839,1,1,1,0,0,1,1,0.5534622,1,Late,Medium Risk
9616,1,2,3,2,198,4,1,0,3,4172,1,0,1,0,0,1,1,0.6413387,1,Late,High Risk
9617,2,2,4,1,272,2,1,1,1,5666,0,1,1,0,1,0,1,0.67481124,1,Late,High Risk
9618,4,2,4,4,149,3,2,0,2,4241,1,1,1,0,0,1,0,0.7082484,1,Late,High Risk
9619,3,2,5,3,192,7,2,1,10,5976,0,1,1,0,0,1,0,0.71547055,1,Late,High Risk
9620,4,2,6,5,117,7,2,1,6,5529,1,1,1,0,0,1,0,0.4165733,0,On Time,Medium Risk
9621,0,2,2,4,180,2,1,0,6,5579,0,0,1,0,0,0,0,0.80269134,1,Late,High Risk
9622,1,2,3,2,158,2,2,0,8,5907,0,0,1,0,0,0,1,0.7910348,1,Late,High Risk
9623,2,2,5,2,266,10,0,1,9,4784,1,1,1,0,1,1,1,0.51665896,1,Late,Medium Risk
9624,4,2,6,3,304,4,1,1,3,1752,1,1,1,1,1,1,0,0.43059725,0,On Time,Medium Risk
9625,3,2,6,3,244,5,2,0,1,1847,1,1,1,1,1,1,0,0.4950245,0,On Time,Medium Risk
9626,4,2,7,4,301,4,1,0,1,1150,0,1,1,1,1,1,0,0.6555681,1,Late,High Risk
9627,0,2,4,2,275,5,2,1,5,1900,0,1,1,1,1,1,1,0.71091944,1,Late,High Risk
9628,1,2,5,5,236,5,1,1,3,1933,1,1,1,1,1,1,0,0.60053134,1,Late,High Risk
9629,2,2,6,1,286,4,2,1,10,1177,1,1,1,1,1,1,1,0.40121788,0,On Time,Medium Risk
9630,4,2,5,5,238,6,1,1,3,1351,0,1,1,1,1,1,0,0.6727006,1,Late,High Risk
9631,3,2,7,1,300,4,2,0,10,1148,1,1,1,1,1,1,1,0.5426773,1,Late,Medium Risk
9632,4,2,6,4,292,4,2,1,8,1779,1,1,1,1,1,1,0,0.32486838,0,On Time,Medium Risk
9633,0,2,5,1,172,2,1,0,9,1723,0,1,1,1,0,0,1,0.41669786,0,On Time,Medium Risk
9634,1,2,2,4,181,5,2,0,9,1368,0,0,1,1,0,1,0,0.7372352,1,Late,High Risk
9635,2,2,7,3,289,4,1,0,3,1037,1,1,1,1,1,1,0,0.2848259,0,On Time,Low Risk
9636,4,2,7,3,256,4,2,1,4,1628,0,1,1,1,1,1,0,0.5953769,1,Late,Medium Risk
9637,3,2,4,4,251,5,2,0,2,1329,1,1,1,1,1,1,0,0.6321404,1,Late,High Risk
9638,4,2,6,5,245,4,1,1,2,1832,1,1,1,1,1,1,0,0.5246275,1,Late,Medium Risk
9639,0,2,4,4,140,2,1,1,6,4703,0,1,1,0,0,0,0,0.7260032,1,Late,High Risk
9640,1,2,5,4,191,3,0,0,7,4435,1,1,1,0,0,1,0,0.36076006,0,On Time,Medium Risk
9641,2,2,4,3,231,3,2,1,8,4991,0,1,1,0,1,1,0,0.57648474,1,Late,Medium Risk
9642,4,2,3,2,264,2,1,1,6,5702,1,0,1,0,1,0,1,0.67456466,1,Late,High Risk
9643,3,2,5,2,137,3,1,0,1,5242,0,1,1,0,0,1,1,0.73510975,1,Late,High Risk
9644,4,2,5,3,170,3,2,1,6,5226,0,1,1,0,0,1,0,0.64904964,1,Late,High Risk
9645,0,2,4,1,256,3,1,1,6,5818,0,1,1,0,1,1,1,0.7243655,1,Late,High Risk
9646,1,2,5,4,176,6,2,1,9,4605,0,1,1,0,0,1,0,0.7946705,1,Late,High Risk
9647,2,2,3,5,198,4,1,0,10,4829,0,0,1,0,0,1,0,0.6256306,1,Late,High Risk
9648,4,2,4,1,272,2,1,1,2,5022,0,1,1,0,1,0,1,0.73067856,1,Late,High Risk
9649,3,2,4,3,149,3,2,0,5,4031,0,1,1,0,0,1,0,0.46942702,0,On Time,Medium Risk
9650,4,2,5,2,192,7,2,1,2,4045,1,1,1,0,0,1,1,0.4326601,0,On Time,Medium Risk
9651,0,2,6,1,117,7,2,0,4,4211,0,1,1,0,0,1,1,0.77970463,1,Late,High Risk
9652,1,2,2,4,180,2,1,0,5,4010,1,0,1,0,0,0,0,0.4293273,0,On Time,Medium Risk
9653,2,2,3,2,158,2,2,1,9,4881,0,0,1,0,0,0,1,0.6996395,1,Late,High Risk
9654,4,2,5,5,266,10,0,0,2,5890,0,1,1,0,1,1,0,0.6501833,1,Late,High Risk
9655,3,2,6,3,304,4,1,1,5,1215,1,1,1,1,1,1,0,0.5461738,1,Late,Medium Risk
9656,4,2,6,3,244,5,2,0,4,1121,1,1,1,1,1,1,0,0.53901565,1,Late,Medium Risk
9657,0,2,7,2,301,4,1,1,1,1339,0,1,1,1,1,1,1,0.6651564,1,Late,High Risk
9658,1,2,4,3,275,5,2,1,5,1329,0,1,1,1,1,1,0,0.7405098,1,Late,High Risk
9659,2,2,5,4,236,5,1,1,1,1682,0,1,1,1,1,1,0,0.65712327,1,Late,High Risk
9660,4,2,6,5,286,4,2,0,3,1773,1,1,1,1,1,1,0,0.38731998,0,On Time,Medium Risk
9661,3,2,5,1,238,6,1,0,9,1192,0,1,1,1,1,1,1,0.7128146,1,Late,High Risk
9662,4,2,7,2,300,4,2,1,3,1070,1,1,1,1,1,1,1,0.55207,1,Late,Medium Risk
9663,0,2,6,4,292,4,2,0,1,1372,1,1,1,1,1,1,0,0.5714668,1,Late,Medium Risk
9664,1,2,5,2,172,2,1,0,2,1680,0,1,1,1,0,0,1,0.41584525,0,On Time,Medium Risk
9665,2,2,2,5,181,5,2,0,5,1043,0,0,1,1,0,1,0,0.8228291,1,Late,High Risk
9666,4,2,7,5,289,4,1,0,10,1074,1,1,1,1,1,1,0,0.33008918,0,On Time,Medium Risk
9667,3,2,7,5,256,4,2,0,2,1396,0,1,1,1,1,1,0,0.6647298,1,Late,High Risk
9668,4,2,4,5,251,5,2,0,6,1434,0,1,1,1,1,1,0,0.6980096,1,Late,High Risk
9669,0,2,6,4,279,4,1,0,1,1621,0,1,1,1,1,1,0,0.6737057,1,Late,High Risk
9670,1,2,6,5,271,4,1,1,3,1710,1,1,1,1,1,1,0,0.5891366,1,Late,Medium Risk
9671,2,2,4,2,258,5,2,1,1,1920,0,1,1,1,1,1,1,0.6504807,1,Late,High Risk
9672,4,2,6,5,245,4,1,0,7,1521,0,1,1,1,1,1,0,0.66579425,1,Late,High Risk
9673,3,2,6,4,296,4,1,1,7,1969,0,1,1,1,1,1,0,0.7174283,1,Late,High Risk
9674,4,2,5,3,267,5,1,0,1,1505,0,1,1,1,1,1,0,0.58675504,1,Late,Medium Risk
9675,0,2,6,5,268,4,2,1,2,1462,0,1,1,1,1,1,0,0.6994806,1,Late,High Risk
9676,1,2,7,2,277,5,1,0,1,1700,1,1,1,1,1,1,1,0.44050625,0,On Time,Medium Risk
9677,2,2,6,2,259,4,1,1,5,1771,1,1,1,1,1,1,1,0.6301619,1,Late,High Risk
9678,4,2,5,1,275,5,1,0,3,1062,0,1,1,1,1,1,1,0.5686454,1,Late,Medium Risk
9679,3,2,6,5,298,4,1,1,3,1009,1,1,1,1,1,1,0,0.4752778,0,On Time,Medium Risk
9680,4,2,5,2,243,5,2,0,4,1013,1,1,1,1,1,1,1,0.6254469,1,Late,High Risk
9681,0,2,7,3,255,4,2,0,4,1373,0,1,1,1,1,1,0,0.6412625,1,Late,High Risk
9682,1,2,4,3,232,5,1,0,9,1856,0,1,1,1,1,1,0,0.63355255,1,Late,High Risk
9683,2,2,6,5,254,4,2,1,4,1887,1,1,1,1,1,1,0,0.61265635,1,Late,High Risk
9684,4,2,4,1,234,5,1,1,3,1134,0,1,1,1,1,1,1,0.7762989,1,Late,High Risk
9685,3,2,6,1,303,4,1,0,9,1080,0,1,1,1,1,1,1,0.63372195,1,Late,High Risk
9686,4,2,6,3,262,4,1,0,5,1563,0,1,1,1,1,1,0,0.6623052,1,Late,High Risk
9687,0,2,5,5,218,5,2,0,7,1692,0,1,1,1,1,1,0,0.67749375,1,Late,High Risk
9688,1,2,4,5,241,5,1,1,2,1043,0,1,1,1,1,1,0,0.55278766,1,Late,Medium Risk
9689,2,2,6,3,267,4,2,1,1,1942,1,1,1,1,1,1,0,0.60068697,1,Late,High Risk
9690,4,2,7,1,301,4,1,0,6,1052,1,1,1,1,1,1,1,0.5908256,1,Late,Medium Risk
9691,3,2,5,4,221,5,1,0,8,1927,1,1,1,1,1,1,0,0.6122581,1,Late,High Risk
9692,4,2,6,5,275,4,1,1,2,1700,1,1,1,1,1,1,0,0.5993798,1,Late,Medium Risk
9693,0,2,6,4,292,4,2,1,5,1793,0,1,1,1,1,1,0,0.6163066,1,Late,High Risk
9694,1,2,5,4,245,6,2,1,9,1660,0,1,1,1,1,1,0,0.66170835,1,Late,High Risk
9695,2,2,6,3,301,5,1,0,2,1452,1,1,1,1,1,1,0,0.59680474,1,Late,Medium Risk
9696,4,2,6,3,245,4,2,1,3,1772,1,1,1,1,1,1,0,0.640959,1,Late,High Risk
9697,3,2,7,5,288,4,1,0,1,1269,1,1,1,1,1,1,0,0.35248935,0,On Time,Medium Risk
9698,4,2,6,3,274,4,1,0,5,1452,0,1,1,1,1,1,0,0.68489933,1,Late,High Risk
9699,0,2,4,2,231,5,1,0,2,1465,1,1,1,1,1,1,1,0.6309906,1,Late,High Risk
9700,1,2,6,3,310,5,1,1,6,1139,0,1,1,1,1,1,0,0.8239111,1,Late,High Risk
9701,2,1,5,3,256,6,2,1,3,1441,0,1,1,1,1,1,0,0.5091115,1,Late,Medium Risk
9702,4,1,6,5,281,4,2,1,5,1484,0,1,1,1,1,1,0,0.7477577,1,Late,High Risk
9703,3,1,6,3,264,4,2,0,3,1498,1,1,1,1,1,1,0,0.6589464,1,Late,High Risk
9704,4,1,7,3,274,5,1,0,9,1764,0,1,1,1,1,1,0,0.6918866,1,Late,High Risk
9705,0,1,5,2,272,5,1,1,8,1317,0,1,1,1,1,1,1,0.7745844,1,Late,High Risk
9706,1,1,4,5,257,5,2,1,6,1008,0,1,1,1,1,1,0,0.8113845,1,Late,High Risk
9707,2,1,6,3,310,4,1,0,2,1189,0,1,1,1,1,1,0,0.74076235,1,Late,High Risk
9708,4,1,5,2,249,6,1,1,8,1170,1,1,1,1,1,1,1,0.5979428,1,Late,Medium Risk
9709,3,1,7,5,244,4,1,1,2,1330,1,1,1,1,1,1,0,0.35540006,0,On Time,Medium Risk
9710,4,1,4,3,219,6,2,0,2,1634,0,1,1,1,1,1,0,0.67005485,1,Late,High Risk
9711,0,1,7,1,264,4,2,0,2,1540,0,1,1,1,1,1,1,0.7505727,1,Late,High Risk
9712,1,1,4,5,217,5,1,0,3,1572,1,1,1,1,1,1,0,0.6308847,1,Late,High Risk
9713,2,1,6,1,280,4,1,0,5,1624,0,1,1,1,1,1,1,0.64980376,1,Late,High Risk
9714,4,1,4,2,247,5,1,1,10,1515,0,1,1,1,1,1,1,0.7140989,1,Late,High Risk
9715,3,1,3,4,270,6,1,0,7,4098,1,0,1,0,1,1,0,0.49895304,0,On Time,Medium Risk
9716,4,1,4,5,248,3,1,0,2,5310,1,1,1,0,1,1,0,0.53188574,1,Late,Medium Risk
9717,0,1,4,3,167,2,2,0,1,5409,1,1,1,0,0,0,0,0.7015792,1,Late,High Risk
9718,1,1,4,5,268,3,2,1,9,5521,1,1,1,0,1,1,0,0.57049793,1,Late,Medium Risk
9719,2,1,3,4,257,5,2,1,10,4901,1,0,1,0,1,1,0,0.6540834,1,Late,High Risk
9720,4,1,5,2,152,3,1,0,4,4770,1,1,1,0,0,1,1,0.61846066,1,Late,High Risk
9721,3,1,4,2,147,3,1,1,3,4152,1,1,1,0,0,1,1,0.7405523,1,Late,High Risk
9722,4,1,3,4,179,2,1,1,5,4882,1,0,1,0,0,0,0,0.61188644,1,Late,High Risk
9723,0,0,3,4,201,3,2,1,10,4032,1,0,1,0,0,1,0,0.35118496,0,On Time,Medium Risk
9724,1,0,3,2,140,3,2,1,8,5724,0,0,1,0,0,1,1,0.6620213,1,Late,High Risk
9725,2,0,5,1,139,3,2,1,2,5632,0,1,1,0,0,1,1,0.72809607,1,Late,High Risk
9726,4,0,4,1,152,5,2,1,8,5711,0,1,1,0,0,1,1,0.689841,1,Late,High Risk
9727,3,0,6,4,171,5,2,1,9,4376,1,1,1,0,0,1,0,0.68335515,1,Late,High Risk
9728,4,0,5,4,97,3,2,0,8,4577,0,1,1,0,0,1,0,0.76697487,1,Late,High Risk
9729,0,0,4,2,257,3,2,1,8,5772,0,1,1,0,1,1,1,0.5279896,1,Late,Medium Risk
9730,1,0,4,1,154,4,2,1,1,5480,0,1,1,0,0,1,1,0.6669931,1,Late,High Risk
9731,2,0,3,5,138,2,2,1,1,4881,1,0,1,0,0,0,0,0.6551373,1,Late,High Risk
9732,4,0,5,5,173,2,1,1,7,4716,0,1,1,0,0,0,0,0.69248945,1,Late,High Risk
9733,3,0,3,5,252,3,2,0,8,4557,1,0,1,0,1,1,0,0.6540443,1,Late,High Risk
9734,4,0,5,2,251,2,1,1,2,4245,1,1,1,0,1,0,1,0.58678335,1,Late,Medium Risk
9735,0,0,3,5,223,4,0,0,7,5042,1,0,1,0,1,1,0,0.50152135,1,Late,Medium Risk
9736,1,0,5,2,261,3,0,1,3,5303,1,1,1,0,1,1,1,0.4170711,0,On Time,Medium Risk
9737,2,0,4,2,111,2,0,0,4,5393,0,1,1,0,0,0,1,0.68141365,1,Late,High Risk
9738,4,0,3,2,210,3,1,0,9,4731,1,0,1,0,0,1,1,0.62133807,1,Late,High Risk
9739,3,0,4,1,161,3,1,1,1,4789,0,1,1,0,0,1,1,0.6988347,1,Late,High Risk
9740,4,0,3,4,143,3,1,1,10,5261,0,0,1,0,0,1,0,0.7495584,1,Late,High Risk
9741,0,0,4,3,170,2,1,1,2,5607,0,1,1,0,0,0,0,0.71175295,1,Late,High Risk
9742,1,0,2,5,151,3,2,1,9,4767,1,0,1,0,0,1,0,0.7410922,1,Late,High Risk
9743,2,0,3,3,154,2,1,1,1,5884,1,0,1,0,0,0,0,0.5127947,1,Late,Medium Risk
9744,4,0,4,4,146,3,2,0,6,4672,1,1,1,0,0,1,0,0.5931386,1,Late,Medium Risk
9745,3,2,5,1,238,5,1,0,5,5854,0,1,1,0,1,1,1,0.78722167,1,Late,High Risk
9746,4,2,4,2,264,2,1,0,9,4490,0,1,1,0,1,0,1,0.7067508,1,Late,High Risk
9747,0,2,4,5,196,3,1,0,4,5610,0,1,1,0,0,1,0,0.6955092,1,Late,High Risk
9748,1,2,5,4,164,3,1,1,9,5135,1,1,1,0,0,1,0,0.65595067,1,Late,High Risk
9749,2,2,4,2,144,4,2,0,2,4316,0,1,1,0,0,1,1,0.774948,1,Late,High Risk
9750,4,2,3,5,147,2,2,1,6,4350,0,0,1,0,0,0,0,0.7106046,1,Late,High Risk
9751,3,2,3,4,181,3,0,0,9,5470,0,0,1,0,0,1,0,0.67906564,1,Late,High Risk
9752,4,2,4,3,212,3,1,0,1,4518,0,1,1,0,0,1,0,0.7431173,1,Late,High Risk
9753,0,2,2,3,258,2,1,1,4,5052,1,0,1,0,1,0,0,0.618253,1,Late,High Risk
9754,1,2,3,5,202,2,2,0,8,4552,1,0,1,0,0,0,0,0.7684718,1,Late,High Risk
9755,2,2,4,5,143,3,2,1,2,5286,1,1,1,0,0,1,0,0.6829432,1,Late,High Risk
9756,4,2,5,3,175,3,2,0,7,5047,1,1,1,0,0,1,0,0.598965,1,Late,Medium Risk
9757,3,2,5,1,135,3,1,0,10,5301,1,1,1,0,0,1,1,0.7267331,1,Late,High Risk
9758,4,2,2,5,249,3,1,0,3,4169,0,0,1,0,1,1,0,0.6489477,1,Late,High Risk
9759,0,2,4,2,202,3,2,1,7,5821,0,1,1,0,0,1,1,0.7014867,1,Late,High Risk
9760,1,2,4,5,135,3,1,0,6,4557,0,1,1,0,0,1,0,0.7789906,1,Late,High Risk
9761,2,2,3,2,268,4,1,1,6,4415,0,0,1,0,1,1,1,0.68913746,1,Late,High Risk
9762,4,2,4,3,103,2,1,1,4,5146,0,1,1,0,0,0,0,0.62821126,1,Late,High Risk
9763,3,2,6,4,225,4,2,1,10,4723,0,1,1,0,1,1,0,0.72933567,1,Late,High Risk
9764,4,2,6,5,211,6,1,1,3,4957,0,1,1,0,0,1,0,0.7411049,1,Late,High Risk
9765,0,2,3,5,161,2,1,0,8,5021,0,0,1,0,0,0,0,0.7754366,1,Late,High Risk
9766,1,2,4,4,155,2,2,0,6,5942,0,1,1,0,0,0,0,0.7554974,1,Late,High Risk
9767,2,2,5,2,182,4,2,0,9,5159,0,1,1,0,0,1,1,0.77222824,1,Late,High Risk
9768,4,2,5,5,124,3,1,1,10,4331,0,1,1,0,0,1,0,0.6631228,1,Late,High Risk
9769,3,2,4,3,167,3,0,0,4,6000,1,1,1,0,0,1,0,0.27227643,0,On Time,Low Risk
9770,4,2,4,4,246,3,1,0,7,4090,0,1,1,0,1,1,0,0.57105184,1,Late,Medium Risk
9771,0,2,3,2,196,5,2,0,6,5692,0,0,1,0,0,1,1,0.7247468,1,Late,High Risk
9772,1,2,3,5,211,2,1,0,5,5877,1,0,1,0,0,0,0,0.7170962,1,Late,High Risk
9773,2,2,2,1,234,4,2,0,9,5075,0,0,1,0,1,1,1,0.65724385,1,Late,High Risk
9774,4,2,3,5,174,6,1,1,6,5713,0,0,1,0,0,1,0,0.596715,1,Late,Medium Risk
9775,3,2,5,4,190,3,2,0,4,4424,1,1,1,0,0,1,0,0.5632908,1,Late,Medium Risk
9776,4,2,4,1,255,3,2,0,6,4313,1,1,1,0,1,1,1,0.6398509,1,Late,High Risk
9777,0,2,3,1,192,3,2,1,4,4997,1,0,1,0,0,1,1,0.5137733,1,Late,Medium Risk
9778,1,2,5,2,174,3,1,0,10,5973,1,1,1,0,0,1,1,0.7285111,1,Late,High Risk
9779,2,2,3,1,263,3,2,0,4,4208,0,0,1,0,1,1,1,0.6351865,1,Late,High Risk
9780,4,2,5,5,251,2,0,0,3,4741,1,1,1,0,1,0,0,0.64976203,1,Late,High Risk
9781,3,2,5,3,223,3,1,0,2,4671,1,1,1,0,1,1,0,0.48361796,0,On Time,Medium Risk
9782,4,2,3,3,168,2,1,1,1,5097,1,0,1,0,0,0,0,0.640181,1,Late,High Risk
9783,0,2,3,4,213,3,0,1,7,5516,1,0,1,0,0,1,0,0.6249979,1,Late,High Risk
9784,1,2,4,3,99,6,2,1,9,5903,0,1,1,0,0,1,0,0.8044063,1,Late,High Risk
9785,2,2,4,4,267,3,2,1,9,5254,0,1,1,0,1,1,0,0.5905905,1,Late,Medium Risk
9786,4,2,5,1,183,3,2,0,8,4531,0,1,1,0,0,1,1,0.7267932,1,Late,High Risk
9787,3,2,4,4,180,3,1,1,3,5031,0,1,1,0,0,1,0,0.6508517,1,Late,High Risk
9788,4,2,2,1,206,2,1,1,7,4721,0,0,1,0,0,0,1,0.7431495,1,Late,High Risk
9789,0,2,4,2,216,3,1,1,10,4636,0,1,1,0,1,1,1,0.71470535,1,Late,High Risk
9790,1,2,5,5,167,3,1,1,10,5591,0,1,1,0,0,1,0,0.6649518,1,Late,High Risk
9791,2,2,3,2,162,3,2,1,4,4812,1,0,1,0,0,1,1,0.65234375,1,Late,High Risk
9792,4,2,3,1,250,3,2,0,6,5832,0,0,1,0,1,1,1,0.7527566,1,Late,High Risk
9793,3,2,4,2,245,3,2,1,1,4731,1,1,1,0,1,1,1,0.56223226,1,Late,Medium Risk
9794,4,2,3,4,226,3,1,0,7,4411,1,0,1,0,1,1,0,0.6493771,1,Late,High Risk
9795,0,2,5,1,226,2,2,1,6,5395,0,1,1,0,1,0,1,0.74159306,1,Late,High Risk
9796,1,2,5,4,222,2,0,1,8,4996,1,1,1,0,1,0,0,0.6497535,1,Late,High Risk
9797,2,2,4,1,177,2,1,1,2,5911,0,1,1,0,0,0,1,0.76794267,1,Late,High Risk
9798,4,2,4,4,223,3,0,0,5,5654,0,1,1,0,1,1,0,0.7407847,1,Late,High Risk
9799,3,2,5,5,210,6,1,1,3,5051,0,1,1,0,0,1,0,0.7352591,1,Late,High Risk
9800,4,2,4,2,170,2,1,1,3,4299,0,1,1,0,0,0,1,0.65781236,1,Late,High Risk
9801,0,2,5,5,135,4,1,1,8,5029,0,1,1,0,0,1,0,0.7972865,1,Late,High Risk
9802,1,2,3,5,192,4,2,0,7,4741,1,0,1,0,0,1,0,0.51305884,1,Late,Medium Risk
9803,2,2,4,2,204,3,2,0,3,4001,0,1,1,0,0,1,1,0.59895724,1,Late,Medium Risk
9804,4,2,3,4,244,3,2,1,4,4458,0,0,1,0,1,1,0,0.61767095,1,Late,High Risk
9805,3,2,3,2,255,4,1,0,8,5511,0,0,1,0,1,1,1,0.7096422,1,Late,High Risk
9806,4,2,4,5,160,2,2,0,8,5234,0,1,1,0,0,0,0,0.7225716,1,Late,High Risk
9807,0,2,4,1,150,2,1,1,5,4133,0,1,1,0,0,0,1,0.75587875,1,Late,High Risk
9808,1,2,4,2,242,6,2,0,10,5655,1,1,1,0,1,1,1,0.62550205,1,Late,High Risk
9809,2,2,4,5,240,6,2,0,9,5498,1,1,1,0,1,1,0,0.55130917,1,Late,Medium Risk
9810,4,2,2,4,246,2,1,1,10,5337,1,0,1,0,1,0,0,0.60094535,1,Late,High Risk
9811,3,2,3,1,232,2,1,0,3,4562,1,0,1,0,1,0,1,0.62913716,1,Late,High Risk
9812,4,2,4,3,274,3,1,0,5,4409,0,1,1,0,1,1,0,0.6982158,1,Late,High Risk
9813,0,2,4,3,253,3,1,0,5,5703,0,1,1,0,1,1,0,0.5843676,1,Late,Medium Risk
9814,1,2,5,1,229,4,2,1,1,4584,1,1,1,0,1,1,1,0.6694361,1,Late,High Risk
9815,2,2,4,4,131,3,2,0,10,4625,0,1,1,0,0,1,0,0.85321504,1,Late,High Risk
9816,4,2,4,3,125,3,1,0,10,5883,0,1,1,0,0,1,0,0.6522608,1,Late,High Risk
9817,3,2,3,3,201,3,1,0,2,5540,1,0,1,0,0,1,0,0.6895832,1,Late,High Risk
9818,4,2,4,4,207,3,2,0,1,4019,0,1,1,0,0,1,0,0.556784,1,Late,Medium Risk
9819,0,2,3,1,144,2,2,1,8,5378,1,0,1,0,0,0,1,0.6400361,1,Late,High Risk
9820,1,2,3,5,109,4,2,0,4,4308,0,0,1,0,0,1,0,0.7648597,1,Late,High Risk
9821,2,2,4,2,161,2,0,0,8,5654,1,1,1,0,0,0,1,0.5973161,1,Late,Medium Risk
9822,4,2,4,2,151,3,2,1,3,5154,1,1,1,0,0,1,1,0.75636995,1,Late,High Risk
9823,3,2,3,3,149,4,1,0,2,5282,0,0,1,0,0,1,0,0.7939747,1,Late,High Risk
9824,4,2,5,5,239,3,1,1,5,4122,0,1,1,0,1,1,0,0.54049677,1,Late,Medium Risk
9825,0,2,4,3,287,5,2,1,6,4376,1,1,1,0,1,1,0,0.62536764,1,Late,High Risk
9826,1,2,3,3,132,2,2,0,8,5810,1,0,1,0,0,0,0,0.6283548,1,Late,High Risk
9827,2,2,5,2,165,5,2,1,9,5313,0,1,1,0,0,1,1,0.7748746,1,Late,High Risk
9828,4,2,5,4,143,2,1,1,1,5872,1,1,1,0,0,0,0,0.7026314,1,Late,High Risk
9829,3,2,4,4,262,3,2,1,2,5429,0,1,1,0,1,1,0,0.6976764,1,Late,High Risk
9830,4,2,5,3,201,6,1,0,3,4025,1,1,1,0,0,1,0,0.4838554,0,On Time,Medium Risk
9831,0,2,4,3,213,4,2,1,8,4220,0,1,1,0,0,1,0,0.7006333,1,Late,High Risk
9832,1,2,2,3,269,2,1,1,3,5976,0,0,1,0,1,0,0,0.74360037,1,Late,High Risk
9833,2,2,6,5,217,4,1,0,2,4073,0,1,1,0,1,1,0,0.57350606,1,Late,Medium Risk
9834,4,2,4,3,133,2,1,0,10,4195,0,1,1,0,0,0,0,0.6912193,1,Late,High Risk
9835,3,2,3,4,248,3,2,1,7,5299,0,0,1,0,1,1,0,0.58798134,1,Late,Medium Risk
9836,4,2,4,3,244,3,1,1,9,5339,0,1,1,0,1,1,0,0.6257906,1,Late,High Risk
9837,0,2,4,1,197,3,0,1,9,4917,0,1,1,0,0,1,1,0.64562804,1,Late,High Risk
9838,1,1,5,5,268,4,1,0,9,4208,0,1,1,0,1,1,0,0.7779723,1,Late,High Risk
9839,2,1,5,5,203,4,1,1,6,4557,1,1,1,0,0,1,0,0.72848594,1,Late,High Risk
9840,4,1,4,4,224,2,1,0,3,4817,0,1,1,0,1,0,0,0.6430233,1,Late,High Risk
9841,3,1,3,4,212,3,1,1,6,5935,1,0,1,0,0,1,0,0.74726933,1,Late,High Risk
9842,4,1,5,4,208,6,2,1,8,5098,0,1,1,0,0,1,0,0.6849516,1,Late,High Risk
9843,0,1,4,5,155,3,2,1,3,5939,1,1,1,0,0,1,0,0.47480577,0,On Time,Medium Risk
9844,1,1,5,4,260,3,1,1,8,4535,0,1,1,0,1,1,0,0.70441973,1,Late,High Risk
9845,2,1,2,2,174,3,1,0,3,5348,0,0,1,0,0,1,1,0.67228377,1,Late,High Risk
9846,4,1,4,1,161,3,2,1,3,4590,0,1,1,0,0,1,1,0.7538349,1,Late,High Risk
9847,3,1,5,5,246,3,2,0,7,5167,0,1,1,0,1,1,0,0.60386366,1,Late,High Risk
9848,4,1,5,1,173,4,2,0,2,4615,0,1,1,0,0,1,1,0.8221526,1,Late,High Risk
9849,0,1,3,2,175,2,1,1,9,4859,0,0,1,0,0,0,1,0.66342694,1,Late,High Risk
9850,1,1,5,1,243,3,2,0,10,4037,0,1,1,0,1,1,1,0.592684,1,Late,Medium Risk
9851,2,1,3,2,122,4,1,0,9,5299,1,0,1,0,0,1,1,0.646544,1,Late,High Risk
9852,4,1,4,2,219,2,1,0,1,5071,1,1,1,0,1,0,1,0.70939434,1,Late,High Risk
9853,3,1,3,2,217,3,0,1,7,5910,0,0,1,0,1,1,1,0.6853822,1,Late,High Risk
9854,4,1,4,3,250,6,2,1,2,4246,0,1,1,0,1,1,0,0.6563029,1,Late,High Risk
9855,0,1,3,3,274,3,1,0,5,5981,1,0,1,0,1,1,0,0.49982268,0,On Time,Medium Risk
9856,1,1,2,2,260,3,2,0,6,4747,0,0,1,0,1,1,1,0.5683183,1,Late,Medium Risk
9857,2,1,4,4,185,2,2,0,1,4729,0,1,1,0,0,0,0,0.74295205,1,Late,High Risk
9858,4,1,4,5,270,3,1,1,1,4131,0,1,1,0,1,1,0,0.6169372,1,Late,High Risk
9859,3,1,6,3,166,5,2,0,3,4596,1,1,1,0,0,1,0,0.77096045,1,Late,High Risk
9860,4,0,4,4,160,4,1,1,1,5520,1,1,1,0,0,1,0,0.7693802,1,Late,High Risk
9861,0,0,3,2,247,3,1,1,3,4338,0,0,1,0,1,1,1,0.61421156,1,Late,High Risk
9862,1,0,4,2,272,2,1,1,1,5703,1,1,1,0,1,0,1,0.46742994,0,On Time,Medium Risk
9863,2,0,4,5,171,2,2,0,1,4439,0,1,1,0,0,0,0,0.7094314,1,Late,High Risk
9864,4,0,5,2,211,3,2,0,8,4962,0,1,1,0,0,1,1,0.69092095,1,Late,High Risk
9865,3,0,3,4,271,3,2,1,1,4444,1,0,1,0,1,1,0,0.5970466,1,Late,Medium Risk
9866,4,0,6,4,155,5,2,0,8,5982,0,1,1,0,0,1,0,0.71321726,1,Late,High Risk
9867,0,0,4,1,220,3,2,0,7,4552,1,1,1,0,1,1,1,0.6134202,1,Late,High Risk
9868,1,0,3,3,220,3,1,0,10,5234,1,0,1,0,1,1,0,0.5519657,1,Late,Medium Risk
9869,2,0,2,4,285,3,0,1,6,4427,1,0,1,0,1,1,0,0.54029316,1,Late,Medium Risk
9870,4,0,3,1,109,6,1,0,5,4374,1,0,1,0,0,1,1,0.3795389,0,On Time,Medium Risk
9871,3,0,3,4,194,3,2,1,7,4565,0,0,1,0,0,1,0,0.7100801,1,Late,High Risk
9872,4,0,3,3,214,2,2,0,9,4185,0,0,1,0,0,0,0,0.6666937,1,Late,High Risk
9873,0,0,3,5,161,3,1,0,4,5629,0,0,1,0,0,1,0,0.7922192,1,Late,High Risk
9874,1,0,3,5,202,4,2,0,7,4458,0,0,1,0,0,1,0,0.63503665,1,Late,High Risk
9875,2,0,3,3,179,8,0,0,3,5429,1,0,1,0,0,1,0,0.45717424,0,On Time,Medium Risk
9876,4,0,5,1,137,5,1,0,8,4584,0,1,1,0,0,1,1,0.76466656,1,Late,High Risk
9877,3,0,6,1,173,3,2,0,2,4892,0,1,1,0,0,1,1,0.755497,1,Late,High Risk
9878,4,0,3,4,243,3,2,1,6,4950,0,0,1,0,1,1,0,0.6534704,1,Late,High Risk
9879,0,0,4,2,258,5,2,1,2,1494,0,1,1,1,1,1,1,0.6062502,1,Late,High Risk
9880,1,0,6,3,245,4,1,0,3,1982,1,1,1,1,1,1,0,0.565611,1,Late,Medium Risk
9881,2,0,6,3,296,4,1,0,4,1650,0,1,1,1,1,1,0,0.80530596,1,Late,High Risk
9882,4,2,5,4,267,5,1,1,9,1113,0,1,1,1,1,1,0,0.632141,1,Late,High Risk
9883,3,2,6,5,268,4,2,0,1,1248,1,1,1,1,1,1,0,0.5461073,1,Late,Medium Risk
9884,4,2,7,4,277,5,1,1,4,1373,0,1,1,1,1,1,0,0.5889787,1,Late,Medium Risk
9885,0,2,6,1,259,4,1,0,4,1198,0,1,1,1,1,1,1,0.7035741,1,Late,High Risk
9886,1,2,5,1,275,5,1,1,6,1156,1,1,1,1,1,1,1,0.64578927,1,Late,High Risk
9887,2,2,6,3,298,4,1,0,9,1515,1,1,1,1,1,1,0,0.6583607,1,Late,High Risk
9888,4,2,5,2,243,5,2,0,4,1385,0,1,1,1,1,1,1,0.74642926,1,Late,High Risk
9889,3,2,7,2,255,4,2,0,10,1372,0,1,1,1,1,1,1,0.7550597,1,Late,High Risk
9890,4,2,4,5,232,5,1,0,3,1817,0,1,1,1,1,1,0,0.67350906,1,Late,High Risk
9891,0,2,3,4,247,3,1,0,4,5844,0,0,1,0,1,1,0,0.62293476,1,Late,High Risk
9892,1,2,4,4,272,2,1,1,1,4013,1,1,1,0,1,0,0,0.35398716,0,On Time,Medium Risk
9893,2,2,4,1,171,2,2,0,10,4536,0,1,1,0,0,0,1,0.7610769,1,Late,High Risk
9894,4,2,5,5,211,3,2,0,7,5983,1,1,1,0,0,1,0,0.44548115,0,On Time,Medium Risk
9895,3,2,3,1,271,3,2,1,1,5486,1,0,1,0,1,1,1,0.6107453,1,Late,High Risk
9896,4,2,6,1,155,5,2,0,8,4882,0,1,1,0,0,1,1,0.81284744,1,Late,High Risk
9897,0,2,4,5,220,3,2,0,1,4912,1,1,1,0,1,1,0,0.6118608,1,Late,High Risk
9898,1,2,3,5,220,3,1,0,5,4407,0,0,1,0,1,1,0,0.62402797,1,Late,High Risk
9899,2,2,2,1,285,3,0,0,7,4999,0,0,1,0,1,1,1,0.66732204,1,Late,High Risk
9900,4,2,3,1,109,6,1,0,6,5457,1,0,1,0,0,1,1,0.27705356,0,On Time,Low Risk
9901,3,2,3,2,194,3,2,0,7,4727,1,0,1,0,0,1,1,0.5904632,1,Late,Medium Risk
9902,4,2,3,5,214,2,2,0,6,4578,0,0,1,0,0,0,0,0.7612812,1,Late,High Risk
9903,0,2,3,5,161,3,1,0,10,5663,1,0,1,0,0,1,0,0.5898222,1,Late,Medium Risk
9904,1,2,3,3,202,4,2,1,10,5137,1,0,1,0,0,1,0,0.6795803,1,Late,High Risk
9905,2,2,3,2,179,8,0,1,3,4584,0,0,1,0,0,1,1,0.37094548,0,On Time,Medium Risk
9906,4,2,5,1,137,5,1,1,4,4586,1,1,1,0,0,1,1,0.67805386,1,Late,High Risk
9907,3,2,6,2,173,3,2,0,4,5970,0,1,1,0,0,1,1,0.859026,1,Late,High Risk
9908,4,2,3,1,243,3,2,1,6,5371,0,0,1,0,1,1,1,0.6593751,1,Late,High Risk
9909,0,2,4,5,258,5,2,1,2,1481,0,1,1,1,1,1,0,0.63860154,1,Late,High Risk
9910,1,2,6,2,245,4,1,0,9,1594,0,1,1,1,1,1,1,0.7682124,1,Late,High Risk
9911,2,2,6,4,296,4,1,1,4,1973,0,1,1,1,1,1,0,0.7459799,1,Late,High Risk
9912,4,2,5,5,267,5,1,0,1,1352,1,1,1,1,1,1,0,0.58800644,1,Late,Medium Risk
9913,3,2,6,1,268,4,2,1,10,1958,0,1,1,1,1,1,1,0.7061069,1,Late,High Risk
9914,4,2,7,2,277,5,1,0,7,1260,1,1,1,1,1,1,1,0.4364475,0,On Time,Medium Risk
9915,0,2,6,2,259,4,1,0,10,2000,1,1,1,1,1,1,1,0.45455933,0,On Time,Medium Risk
9916,1,2,5,3,275,5,1,0,2,1816,0,1,1,1,1,1,0,0.5672472,1,Late,Medium Risk
9917,2,2,6,2,298,4,1,1,2,1648,0,1,1,1,1,1,1,0.8095829,1,Late,High Risk
9918,4,2,5,5,243,5,2,1,2,1817,0,1,1,1,1,1,0,0.61774683,1,Late,High Risk
9919,3,2,6,5,280,4,1,0,3,1819,1,1,1,1,1,1,0,0.5576148,1,Late,Medium Risk
9920,4,2,6,3,277,4,2,1,6,1623,1,1,1,1,1,1,0,0.5877992,1,Late,Medium Risk
9921,0,2,6,4,284,4,1,0,7,1518,1,1,1,1,1,1,0,0.6124951,1,Late,High Risk
9922,1,2,4,1,258,5,1,1,8,1306,0,1,1,1,1,1,1,0.6579198,1,Late,High Risk
9923,2,2,7,1,254,4,1,0,5,1865,1,1,1,1,1,1,1,0.46387675,0,On Time,Medium Risk
9924,4,2,5,4,263,5,2,1,8,1548,0,1,1,1,1,1,0,0.6790131,1,Late,High Risk
9925,3,2,6,2,267,4,1,1,10,1580,0,1,1,1,1,1,1,0.75244707,1,Late,High Risk
9926,4,2,6,3,247,4,2,1,7,1626,1,1,1,1,1,1,0,0.58386904,1,Late,Medium Risk
9927,0,2,5,1,233,5,2,0,6,1631,1,1,1,1,1,1,1,0.74122,1,Late,High Risk
9928,1,2,7,2,254,4,2,0,9,1788,0,1,1,1,1,1,1,0.7588439,1,Late,High Risk
9929,2,2,6,1,289,5,2,1,7,1223,0,1,1,1,1,1,1,0.47507295,0,On Time,Medium Risk
9930,4,2,6,2,282,4,2,1,6,1674,0,1,1,1,1,1,1,0.6862508,1,Late,High Risk
9931,3,2,5,3,243,6,2,1,10,1729,1,1,1,1,1,1,0,0.64213806,1,Late,High Risk
9932,4,2,5,3,243,5,2,1,8,1223,1,1,1,1,1,1,0,0.6526966,1,Late,High Risk
9933,0,2,4,2,228,5,1,0,3,1473,1,1,1,1,1,1,1,0.6069708,1,Late,High Risk
9934,1,2,5,5,235,5,1,1,4,1758,0,1,1,1,1,1,0,0.67116016,1,Late,High Risk
9935,2,2,4,4,274,6,1,1,10,1355,1,1,1,1,1,1,0,0.4734544,0,On Time,Medium Risk
9936,4,2,6,4,254,5,2,0,10,1435,0,1,1,1,1,1,0,0.7882084,1,Late,High Risk
9937,3,2,4,5,251,6,1,0,1,1625,0,1,1,1,1,1,0,0.5891219,1,Late,Medium Risk
9938,4,2,7,1,310,4,2,0,8,1601,1,1,1,1,1,1,1,0.8469295,1,Late,High Risk
9939,0,2,7,3,288,4,2,1,3,1989,0,1,1,1,1,1,0,0.44104302,0,On Time,Medium Risk
9940,1,2,4,3,218,5,2,0,9,1024,0,1,1,1,1,1,0,0.7905482,1,Late,High Risk
9941,2,2,5,5,251,5,2,0,10,1683,0,1,1,1,1,1,0,0.6992404,1,Late,High Risk
9942,4,2,5,3,263,5,2,0,6,1192,0,1,1,1,1,1,0,0.7015167,1,Late,High Risk
9943,3,2,4,4,266,6,1,0,2,1776,1,1,1,1,1,1,0,0.5474709,1,Late,Medium Risk
9944,4,2,6,2,307,4,1,0,9,1674,0,1,1,1,1,1,1,0.7219154,1,Late,High Risk
9945,0,2,7,5,268,4,2,0,9,1754,1,1,1,1,1,1,0,0.6739828,1,Late,High Risk
9946,1,2,6,5,157,5,1,0,10,1133,0,1,1,1,0,1,0,0.57904863,1,Late,Medium Risk
9947,2,2,7,3,262,4,1,0,1,1384,1,1,1,1,1,1,0,0.47571522,0,On Time,Medium Risk
9948,4,2,4,2,245,5,2,1,10,1668,1,1,1,1,1,1,1,0.7274262,1,Late,High Risk
9949,3,2,5,5,217,6,2,1,5,1616,0,1,1,1,1,1,0,0.6643414,1,Late,High Risk
9950,4,2,6,3,259,4,0,0,7,1208,0,1,1,1,1,1,0,0.5666138,1,Late,Medium Risk
9951,0,2,5,2,238,5,1,0,4,1962,0,1,1,1,1,1,1,0.6886972,1,Late,High Risk
9952,1,2,6,4,288,4,2,0,9,1575,0,1,1,1,1,1,0,0.68057597,1,Late,High Risk
9953,2,2,7,4,284,4,1,1,3,1751,1,1,1,1,1,1,0,0.34718305,0,On Time,Medium Risk
9954,4,2,4,4,243,5,2,1,2,1842,0,1,1,1,1,1,0,0.572333,1,Late,Medium Risk
9955,3,2,6,2,260,4,1,0,8,1522,0,1,1,1,1,1,1,0.71263623,1,Late,High Risk
9956,4,2,4,3,264,5,1,0,2,1541,0,1,1,1,1,1,0,0.6144195,1,Late,High Risk
9957,0,2,5,2,269,5,2,0,10,1113,1,1,1,1,1,1,1,0.56878644,1,Late,Medium Risk
9958,1,2,7,4,282,4,1,1,6,1800,0,1,1,1,1,1,0,0.545115,1,Late,Medium Risk
9959,2,2,5,2,250,6,1,1,1,1296,1,1,1,1,1,1,1,0.58202124,1,Late,Medium Risk
9960,4,2,5,5,230,5,1,0,8,1067,0,1,1,1,1,1,0,0.6939165,1,Late,High Risk
9961,3,2,6,5,254,4,0,0,10,1217,0,1,1,1,1,1,0,0.65744203,1,Late,High Risk
9962,4,2,5,4,256,5,1,1,2,1723,1,1,1,1,1,1,0,0.52644473,1,Late,Medium Risk
9963,0,2,4,2,255,5,1,0,7,1378,0,1,1,1,1,1,1,0.6896985,1,Late,High Risk
9964,1,2,7,3,306,4,1,1,2,1790,1,1,1,1,1,1,0,0.33691955,0,On Time,Medium Risk
9965,2,2,6,2,189,2,1,0,2,1837,0,1,1,1,0,0,1,0.6987746,1,Late,High Risk
9966,4,2,6,3,280,4,1,1,2,1753,0,1,1,1,1,1,0,0.5596881,1,Late,Medium Risk
9967,3,2,6,5,310,4,2,0,10,1553,0,1,1,1,1,1,0,0.70001614,1,Late,High Risk
9968,4,2,5,4,266,2,2,1,1,5494,0,1,1,0,1,0,0,0.7807289,1,Late,High Risk
9969,0,2,3,3,196,3,1,1,4,5622,0,0,1,0,0,1,0,0.66758394,1,Late,High Risk
9970,1,2,3,2,198,5,2,0,6,5443,0,0,1,0,0,1,1,0.75432605,1,Late,High Risk
9971,2,2,5,5,163,2,0,1,6,5253,1,1,1,0,0,0,0,0.67851394,1,Late,High Risk
9972,4,2,3,3,137,3,1,0,8,4742,0,0,1,0,0,1,0,0.63014686,1,Late,High Risk
9973,3,2,3,1,167,2,1,0,8,4171,1,0,1,0,0,0,1,0.69292283,1,Late,High Risk
9974,4,2,3,5,115,2,1,1,10,4200,0,0,1,0,0,0,0,0.71920633,1,Late,High Risk
9975,0,1,5,2,192,2,1,1,5,4046,0,1,1,0,0,0,1,0.5724897,1,Late,Medium Risk
9976,1,1,4,2,238,5,2,1,9,4618,0,1,1,0,1,1,1,0.84110874,1,Late,High Risk
9977,2,1,4,2,142,3,1,1,2,4790,1,1,1,0,0,1,1,0.7073807,1,Late,High Risk
9978,4,1,3,2,256,2,1,0,7,5725,1,0,1,0,1,0,1,0.57092565,1,Late,Medium Risk
9979,3,1,4,1,208,3,2,0,7,4592,0,1,1,0,0,1,1,0.73805285,1,Late,High Risk
9980,4,1,3,2,257,2,2,1,8,4242,1,0,1,0,1,0,1,0.58495206,1,Late,Medium Risk
9981,0,1,4,3,227,3,2,1,8,5829,1,1,1,0,1,1,0,0.6185708,1,Late,High Risk
9982,1,1,4,2,219,4,1,1,8,5660,0,1,1,0,1,1,1,0.71809614,1,Late,High Risk
9983,2,1,5,3,202,2,1,0,9,5645,1,1,1,0,0,0,0,0.520724,1,Late,Medium Risk
9984,4,1,4,2,158,3,2,0,9,4078,1,1,1,0,0,1,1,0.5387602,1,Late,Medium Risk
9985,3,1,6,3,235,3,1,0,7,4829,1,1,1,0,1,1,0,0.5664804,1,Late,Medium Risk
9986,4,1,4,4,233,3,1,1,9,4300,1,1,1,0,1,1,0,0.6521792,1,Late,High Risk
9987,0,1,4,5,244,3,2,1,3,5857,1,1,1,0,1,1,0,0.54571867,1,Late,Medium Risk
9988,1,1,3,5,244,5,2,0,10,4163,0,0,1,0,1,1,0,0.7639292,1,Late,High Risk
9989,2,1,3,5,148,3,1,1,4,5919,0,0,1,0,0,1,0,0.76816624,1,Late,High Risk
9990,4,1,5,5,171,2,0,1,8,4602,0,1,1,0,0,0,0,0.7067175,1,Late,High Risk
9991,3,1,5,2,197,5,1,0,4,4196,1,1,1,0,0,1,1,0.70491594,1,Late,High Risk
9992,4,1,3,1,256,3,1,0,5,5643,0,0,1,0,1,1,1,0.68037754,1,Late,High Risk
9993,0,1,6,3,223,2,2,1,7,5007,0,1,1,0,1,0,0,0.5889049,1,Late,Medium Risk
9994,1,1,5,2,271,4,1,0,4,4066,0,1,1,0,1,1,1,0.5644721,1,Late,Medium Risk
9995,2,1,2,1,135,4,2,0,8,5001,1,0,1,0,0,1,1,0.75069517,1,Late,High Risk
9996,4,1,6,4,272,2,1,1,7,4145,0,1,1,0,1,0,0,0.71483755,1,Late,High Risk
9997,3,0,3,1,265,3,2,0,10,4244,0,0,1,0,1,1,1,0.6508545,1,Late,High Risk
9998,4,0,5,5,180,2,0,1,5,4585,1,1,1,0,0,0,0,0.52604836,1,Late,Medium Risk
9999,0,0,5,3,187,3,1,1,2,5967,0,1,1,0,0,1,0,0.53539675,1,Late,Medium Risk
10000,1,0,3,3,158,3,1,1,1,5502,0,0,1,0,0,1,0,0.7261757,1,Late,High Risk
10001,2,0,4,1,234,2,2,0,4,5164,0,1,1,0,1,0,1,0.6196115,1,Late,High Risk
10002,4,0,6,4,224,5,2,1,10,5602,0,1,1,0,1,1,0,0.6878566,1,Late,High Risk
10003,3,0,4,4,153,3,2,1,3,4422,1,1,1,0,0,1,0,0.5219921,1,Late,Medium Risk
10004,4,0,3,5,125,2,1,0,2,4182,1,0,1,0,0,0,0,0.4811478,0,On Time,Medium Risk
10005,0,0,4,1,204,3,2,1,3,4310,0,1,1,0,0,1,1,0.7159953,1,Late,High Risk
10006,1,0,3,1,199,3,0,1,3,5127,0,0,1,0,0,1,1,0.5753831,1,Late,Medium Risk
10007,2,0,3,4,216,3,1,0,3,5149,0,0,1,0,1,1,0,0.631125,1,Late,High Risk
10008,4,0,4,3,183,3,1,0,6,5712,1,1,1,0,0,1,0,0.5170768,1,Late,Medium Risk
10009,3,0,4,3,136,3,2,0,4,5769,1,1,1,0,0,1,0,0.5411731,1,Late,Medium Risk
10010,4,0,4,1,269,3,1,0,3,4409,1,1,1,0,1,1,1,0.630496,1,Late,High Risk
10011,0,0,5,5,105,4,1,1,6,5135,1,1,1,0,0,1,0,0.50493723,1,Late,Medium Risk
10012,1,0,4,2,253,2,1,0,4,4502,1,1,1,0,1,0,1,0.52460337,1,Late,Medium Risk
10013,2,0,3,1,263,3,2,1,4,4616,0,0,1,0,1,1,1,0.64982504,1,Late,High Risk
10014,4,0,4,1,266,3,1,1,10,4382,0,1,1,0,1,1,1,0.6496826,1,Late,High Risk
10015,3,0,3,3,185,2,1,1,4,4746,0,0,1,0,0,0,0,0.6598619,1,Late,High Risk
10016,4,0,3,4,245,2,2,0,1,4427,0,0,1,0,1,0,0,0.5807391,1,Late,Medium Risk
10017,0,0,3,5,184,3,2,0,9,4969,0,0,1,0,0,1,0,0.66111535,1,Late,High Risk
10018,1,0,5,4,235,3,2,0,8,4636,0,1,1,0,1,1,0,0.75955546,1,Late,High Risk
10019,2,2,3,2,247,3,2,1,8,5194,0,0,1,0,1,1,1,0.6412202,1,Late,High Risk
10020,4,2,4,4,145,2,2,1,9,5070,0,1,1,0,0,0,0,0.6701716,1,Late,High Risk
10021,3,2,3,3,158,2,1,0,4,5960,0,0,1,0,0,0,0,0.78299516,1,Late,High Risk
10022,4,2,4,5,268,2,1,1,2,4721,1,1,1,0,1,0,0,0.64383507,1,Late,High Risk
10023,0,2,3,1,186,3,2,0,4,5515,1,0,1,0,0,1,1,0.73996365,1,Late,High Risk
10024,1,2,2,3,226,3,2,1,8,5106,1,0,1,0,1,1,0,0.6049551,1,Late,High Risk
10025,2,2,5,1,258,3,2,1,7,4466,1,1,1,0,1,1,1,0.52472216,1,Late,Medium Risk
10026,4,2,3,4,189,3,0,1,2,5464,0,0,1,0,0,1,0,0.761627,1,Late,High Risk
10027,3,2,5,3,255,4,2,0,4,4178,1,1,1,0,1,1,0,0.5618451,1,Late,Medium Risk
10028,4,2,5,5,207,4,1,0,1,5035,0,1,1,0,0,1,0,0.7398237,1,Late,High Risk
10029,0,2,3,5,271,3,1,1,2,5229,1,0,1,0,1,1,0,0.50946593,1,Late,Medium Risk
10030,1,2,3,4,239,4,2,0,10,5455,1,0,1,0,1,1,0,0.62962544,1,Late,High Risk
10031,2,2,4,4,186,3,1,0,8,4969,1,1,1,0,0,1,0,0.60473627,1,Late,High Risk
10032,4,2,4,1,139,3,2,0,7,4275,0,1,1,0,0,1,1,0.6507853,1,Late,High Risk
10033,3,2,3,3,224,6,2,1,10,4221,0,0,1,0,1,1,0,0.7313836,1,Late,High Risk
10034,4,2,4,2,198,2,0,1,2,5662,0,1,1,0,0,0,1,0.7983184,1,Late,High Risk
10035,0,2,4,4,102,3,0,0,9,5644,1,1,1,0,0,1,0,0.44871286,0,On Time,Medium Risk
10036,1,2,3,3,219,3,0,1,5,4321,0,0,1,0,1,1,0,0.46868402,0,On Time,Medium Risk
10037,2,2,4,5,240,5,2,1,8,4314,0,1,1,0,1,1,0,0.64306974,1,Late,High Risk
10038,4,2,3,2,222,2,2,1,1,4021,1,0,1,0,1,0,1,0.5953326,1,Late,Medium Risk
10039,3,2,2,2,221,2,2,0,3,4500,1,0,1,0,1,0,1,0.54390687,1,Late,Medium Risk
10040,4,2,5,3,229,2,2,0,1,5294,1,1,1,0,1,0,0,0.7029245,1,Late,High Risk
10041,0,2,5,2,146,3,1,0,5,4725,0,1,1,0,0,1,1,0.69095993,1,Late,High Risk
10042,1,2,3,3,165,2,1,1,1,5661,0,0,1,0,0,0,0,0.77517045,1,Late,High Risk
10043,2,2,4,4,200,3,1,0,7,5807,1,1,1,0,0,1,0,0.6773774,1,Late,High Risk
10044,4,2,4,2,232,2,1,1,5,4907,0,1,1,0,1,0,1,0.6574336,1,Late,High Risk
10045,3,2,5,5,240,2,1,0,2,5655,0,1,1,0,1,0,0,0.7643432,1,Late,High Risk
10046,4,2,5,4,240,4,2,1,7,4552,1,1,1,0,1,1,0,0.6974476,1,Late,High Risk
10047,0,2,3,2,187,3,2,0,7,5334,0,0,1,0,0,1,1,0.6937639,1,Late,High Risk
10048,1,2,5,4,239,3,1,0,7,4960,0,1,1,0,1,1,0,0.58803016,1,Late,Medium Risk
10049,2,2,3,1,171,4,2,0,6,5398,0,0,1,0,0,1,1,0.8015418,1,Late,High Risk
10050,4,2,4,2,239,4,2,1,8,4039,0,1,1,0,1,1,1,0.6601612,1,Late,High Risk
10051,3,2,4,2,166,5,1,1,8,4493,0,1,1,0,0,1,1,0.7904373,1,Late,High Risk
10052,4,2,6,1,113,2,2,0,7,5234,1,1,1,0,0,0,1,0.3205498,0,On Time,Medium Risk
10053,0,2,4,3,104,5,1,0,6,4617,1,1,1,0,0,1,0,0.6765854,1,Late,High Risk
10054,1,2,3,4,270,3,2,0,10,5417,0,0,1,0,1,1,0,0.5917904,1,Late,Medium Risk
10055,2,2,5,1,145,2,2,1,8,4485,1,1,1,0,0,0,1,0.7478707,1,Late,High Risk
10056,4,2,3,5,171,3,2,1,5,4075,1,0,1,0,0,1,0,0.51780134,1,Late,Medium Risk
10057,3,2,4,5,160,3,1,0,9,5799,1,1,1,0,0,1,0,0.6586389,1,Late,High Risk
10058,4,2,4,2,210,2,2,0,1,5437,1,1,1,0,0,0,1,0.7747597,1,Late,High Risk
10059,0,2,4,1,256,4,2,0,3,5324,0,1,1,0,1,1,1,0.6587012,1,Late,High Risk
10060,1,2,4,5,155,3,1,0,10,5315,1,1,1,0,0,1,0,0.5085001,1,Late,Medium Risk
10061,2,2,5,1,126,5,2,0,2,5659,1,1,1,0,0,1,1,0.61075914,1,Late,High Risk
10062,4,2,3,1,189,3,1,1,1,4886,0,0,1,0,0,1,1,0.69760257,1,Late,High Risk
10063,3,2,4,1,206,3,0,1,2,5013,1,1,1,0,0,1,1,0.6169993,1,Late,High Risk
10064,4,2,4,3,242,2,2,1,2,5879,0,1,1,0,1,0,0,0.631179,1,Late,High Risk
10065,0,2,3,1,258,2,1,0,4,5262,0,0,1,0,1,0,1,0.63402784,1,Late,High Risk
10066,1,2,4,4,196,4,1,0,10,4871,1,1,1,0,0,1,0,0.6737337,1,Late,High Risk
10067,2,2,3,3,209,3,1,1,1,5186,0,0,1,0,0,1,0,0.67571074,1,Late,High Risk
10068,4,2,4,4,259,2,1,1,6,4308,1,1,1,0,1,0,0,0.61766654,1,Late,High Risk
10069,3,2,2,1,140,2,2,0,8,4965,0,0,1,0,0,0,1,0.56916684,1,Late,Medium Risk
10070,4,2,5,3,141,2,2,0,10,4651,0,1,1,0,0,0,0,0.78902185,1,Late,High Risk
10071,0,2,3,1,160,2,2,1,5,4435,1,0,1,0,0,0,1,0.7170613,1,Late,High Risk
10072,1,2,5,4,208,4,2,0,8,4116,0,1,1,0,0,1,0,0.60291505,1,Late,High Risk
10073,2,2,3,4,198,3,1,0,3,5322,0,0,1,0,0,1,0,0.7118671,1,Late,High Risk
10074,4,2,4,4,264,3,1,1,6,5959,1,1,1,0,1,1,0,0.7768897,1,Late,High Risk
10075,3,2,4,3,136,4,1,1,10,5911,0,1,1,0,0,1,0,0.8248958,1,Late,High Risk
10076,4,2,4,4,221,4,1,0,2,5595,1,1,1,0,1,1,0,0.71504825,1,Late,High Risk
10077,0,2,5,3,242,3,1,0,10,4889,1,1,1,0,1,1,0,0.63143283,1,Late,High Risk
10078,1,2,4,2,162,3,1,1,7,5614,0,1,1,0,0,1,1,0.70280325,1,Late,High Risk
10079,2,2,4,5,258,3,1,0,3,5422,1,1,1,0,1,1,0,0.6153815,1,Late,High Risk
10080,4,2,5,3,172,3,2,0,3,4056,0,1,1,0,0,1,0,0.6046561,1,Late,High Risk
10081,3,2,4,4,222,4,2,1,6,4733,0,1,1,0,1,1,0,0.6641826,1,Late,High Risk
10082,4,2,3,2,215,2,1,0,7,4305,0,0,1,0,1,0,1,0.71042025,1,Late,High Risk
10083,0,2,3,4,164,2,1,1,1,4067,1,0,1,0,0,0,0,0.55697507,1,Late,Medium Risk
10084,1,2,5,1,233,3,1,0,6,5560,0,1,1,0,1,1,1,0.70428467,1,Late,High Risk
10085,2,2,4,4,249,3,2,0,1,5743,0,1,1,0,1,1,0,0.5193237,1,Late,Medium Risk
10086,4,2,4,5,217,3,1,0,3,5380,1,1,1,0,1,1,0,0.7394616,1,Late,High Risk
10087,3,2,4,3,260,3,1,1,1,4796,0,1,1,0,1,1,0,0.63437295,1,Late,High Risk
10088,4,2,4,1,219,2,2,1,6,5314,0,1,1,0,1,0,1,0.7778709,1,Late,High Risk
10089,0,2,4,1,267,4,2,1,2,4024,0,1,1,0,1,1,1,0.61267376,1,Late,High Risk
10090,1,2,5,3,137,4,1,0,9,4754,0,1,1,0,0,1,0,0.6515583,1,Late,High Risk
10091,2,2,4,5,141,2,1,1,1,4395,1,1,1,0,0,0,0,0.7196001,1,Late,High Risk
10092,4,2,4,2,201,2,2,1,6,5729,0,1,1,0,0,0,1,0.74124545,1,Late,High Risk
10093,3,2,5,1,125,4,2,1,3,5595,0,1,1,0,0,1,1,0.71870875,1,Late,High Risk
10094,4,2,3,1,173,2,2,0,1,5927,1,0,1,0,0,0,1,0.69109124,1,Late,High Risk
10095,0,2,3,5,271,2,2,0,6,4020,1,0,1,0,1,0,0,0.4503054,0,On Time,Medium Risk
10096,1,2,4,5,243,3,1,1,9,5263,0,1,1,0,1,1,0,0.6409954,1,Late,High Risk
10097,2,2,5,1,151,3,1,0,9,4895,0,1,1,0,0,1,1,0.76340336,1,Late,High Risk
10098,4,2,4,4,224,4,2,0,2,4503,1,1,1,0,1,1,0,0.6704074,1,Late,High Risk
10099,3,2,3,2,141,3,1,1,7,4682,0,0,1,0,0,1,1,0.7105862,1,Late,High Risk
10100,4,2,3,2,133,3,2,1,10,5803,0,0,1,0,0,1,1,0.737409,1,Late,High Risk
10101,0,2,3,2,239,3,1,1,4,5628,1,0,1,0,1,1,1,0.6049971,1,Late,High Risk
10102,1,2,4,3,203,2,1,1,8,5597,0,1,1,0,0,0,0,0.67961127,1,Late,High Risk
10103,2,2,4,2,220,3,1,0,9,5896,0,1,1,0,1,1,1,0.78886455,1,Late,High Risk
10104,4,2,4,3,212,2,1,1,8,5513,0,1,1,0,0,0,0,0.7387654,1,Late,High Risk
10105,3,2,2,4,252,4,2,1,4,4787,0,0,1,0,1,1,0,0.6901185,1,Late,High Risk
10106,4,2,5,5,265,3,1,1,3,5637,0,1,1,0,1,1,0,0.6943592,1,Late,High Risk
10107,0,2,4,2,199,3,1,1,7,5342,0,1,1,0,0,1,1,0.6827551,1,Late,High Risk
10108,1,2,3,5,209,3,0,0,4,5413,0,0,1,0,0,1,0,0.6434225,1,Late,High Risk
10109,2,2,4,5,254,3,1,0,7,4363,0,1,1,0,1,1,0,0.62913483,1,Late,High Risk
10110,4,2,2,3,216,3,0,1,9,4032,1,0,1,0,1,1,0,0.4303864,0,On Time,Medium Risk
10111,3,2,5,4,196,2,2,1,2,5515,0,1,1,0,0,0,0,0.77674776,1,Late,High Risk
10112,4,1,4,4,258,3,0,1,2,5420,0,1,1,0,1,1,0,0.659019,1,Late,High Risk
10113,0,1,3,3,137,3,0,1,7,5794,1,0,1,0,0,1,0,0.38335577,0,On Time,Medium Risk
10114,1,1,6,5,282,4,1,1,10,4901,0,1,1,0,1,1,0,0.7602114,1,Late,High Risk
10115,2,1,3,2,156,2,2,1,10,4276,0,0,1,0,0,0,1,0.64209175,1,Late,High Risk
10116,4,1,4,5,237,5,2,1,4,4917,0,1,1,0,1,1,0,0.7241944,1,Late,High Risk
10117,3,1,4,5,170,3,2,1,3,4695,1,1,1,0,0,1,0,0.5674815,1,Late,Medium Risk
10118,4,1,4,1,243,3,0,0,9,4277,0,1,1,0,1,1,1,0.7049302,1,Late,High Risk
10119,0,1,4,5,163,3,2,0,2,4887,0,1,1,0,0,1,0,0.7440522,1,Late,High Risk
10120,1,1,3,4,257,3,1,0,4,4883,0,0,1,0,1,1,0,0.51855767,1,Late,Medium Risk
10121,2,1,5,4,179,6,2,1,1,5433,0,1,1,0,0,1,0,0.5620767,1,Late,Medium Risk
10122,4,1,3,3,274,4,2,0,7,4828,0,0,1,0,1,1,0,0.68756,1,Late,High Risk
10123,3,1,3,4,174,2,1,0,4,4295,1,0,1,0,0,0,0,0.6138369,1,Late,High Risk
10124,4,1,4,2,162,6,1,0,4,4094,0,1,1,0,0,1,1,0.51936805,1,Late,Medium Risk
10125,0,1,6,2,269,6,2,1,4,4423,0,1,1,0,1,1,1,0.70943254,1,Late,High Risk
10126,1,1,4,1,147,2,1,1,8,4600,1,1,1,0,0,0,1,0.811226,1,Late,High Risk
10127,2,1,6,4,286,4,2,0,5,4262,0,1,1,0,1,1,0,0.5974993,1,Late,Medium Risk
10128,4,1,2,5,271,3,1,0,6,5471,1,0,1,0,1,1,0,0.63145477,1,Late,High Risk
10129,3,1,5,2,130,4,0,1,4,4371,0,1,1,0,0,1,1,0.76487666,1,Late,High Risk
10130,4,1,4,5,258,2,2,0,2,4303,1,1,1,0,1,0,0,0.6416788,1,Late,High Risk
10131,0,1,5,1,151,3,2,0,1,4981,0,1,1,0,0,1,1,0.7422517,1,Late,High Risk
10132,1,1,5,4,208,8,2,0,4,5155,1,1,1,0,0,1,0,0.5287013,1,Late,Medium Risk
10133,2,1,6,2,137,10,1,0,5,4510,0,1,1,0,0,1,1,0.8175719,1,Late,High Risk
10134,4,0,3,1,250,3,2,0,8,5509,0,0,1,0,1,1,1,0.64758486,1,Late,High Risk
10135,3,0,4,5,211,2,1,0,4,4106,1,1,1,0,0,0,0,0.52566993,1,Late,Medium Risk
10136,4,0,4,1,196,3,2,0,9,5216,1,1,1,0,0,1,1,0.69956523,1,Late,High Risk
10137,0,0,3,4,174,3,1,0,3,5366,1,0,1,0,0,1,0,0.7072513,1,Late,High Risk
10138,1,0,6,5,277,4,2,0,5,1845,1,1,1,1,1,1,0,0.5279439,1,Late,Medium Risk
10139,2,0,6,2,284,4,1,0,7,1181,1,1,1,1,1,1,1,0.5593435,1,Late,Medium Risk
10140,4,0,4,5,258,5,1,1,3,1162,0,1,1,1,1,1,0,0.7290291,1,Late,High Risk
10141,3,0,7,1,254,4,1,1,9,1876,0,1,1,1,1,1,1,0.72988695,1,Late,High Risk
10142,4,0,5,5,263,5,2,1,10,1789,1,1,1,1,1,1,0,0.6232789,1,Late,High Risk
10143,0,0,6,5,267,4,1,1,3,1550,0,1,1,1,1,1,0,0.705302,1,Late,High Risk
10144,1,0,6,4,247,4,2,1,2,1858,1,1,1,1,1,1,0,0.583596,1,Late,Medium Risk
10145,2,0,5,1,233,5,2,1,4,1622,0,1,1,1,1,1,1,0.74590325,1,Late,High Risk
10146,4,0,7,5,254,4,2,0,6,1014,0,1,1,1,1,1,0,0.9053179,1,Late,High Risk
10147,3,0,6,3,289,5,2,0,1,1949,1,1,1,1,1,1,0,0.5624524,1,Late,Medium Risk
10148,4,0,6,2,282,4,2,0,9,1385,0,1,1,1,1,1,1,0.7222324,1,Late,High Risk
10149,0,0,5,3,243,6,2,0,10,1189,1,1,1,1,1,1,0,0.50177354,1,Late,Medium Risk
10150,1,0,5,1,243,5,2,1,8,1732,0,1,1,1,1,1,1,0.73769975,1,Late,High Risk
10151,2,0,4,5,228,5,1,1,2,1996,0,1,1,1,1,1,0,0.41595384,0,On Time,Medium Risk
10152,4,0,5,4,235,5,1,0,8,1549,0,1,1,1,1,1,0,0.7442147,1,Late,High Risk
10153,3,0,4,1,274,6,1,1,8,1141,1,1,1,1,1,1,1,0.53360724,1,Late,Medium Risk
10154,4,0,6,3,254,5,2,0,7,1615,1,1,1,1,1,1,0,0.6450646,1,Late,High Risk
10155,0,0,4,4,237,5,2,0,6,4586,0,1,1,0,1,1,0,0.7563177,1,Late,High Risk
10156,1,2,4,4,170,3,2,1,4,4062,0,1,1,0,0,1,0,0.5632164,1,Late,Medium Risk
10157,2,2,4,4,243,3,0,0,4,5082,1,1,1,0,1,1,0,0.5574166,1,Late,Medium Risk
10158,4,2,4,5,163,3,2,1,1,4049,1,1,1,0,0,1,0,0.5444647,1,Late,Medium Risk
10159,3,2,3,3,257,3,1,1,5,4937,1,0,1,0,1,1,0,0.5140635,1,Late,Medium Risk
10160,4,2,5,3,179,6,2,1,1,4930,1,1,1,0,0,1,0,0.62254685,1,Late,High Risk
10161,0,2,3,1,274,4,2,1,4,4057,0,0,1,0,1,1,1,0.7160409,1,Late,High Risk
10162,1,2,3,4,174,2,1,1,7,4596,0,0,1,0,0,0,0,0.77655536,1,Late,High Risk
10163,2,2,4,1,162,6,1,1,1,5525,1,1,1,0,0,1,1,0.5373325,1,Late,Medium Risk
10164,4,2,6,1,269,6,2,0,2,5363,0,1,1,0,1,1,1,0.68923753,1,Late,High Risk
10165,3,2,4,3,147,2,1,1,2,5431,0,1,1,0,0,0,0,0.7753911,1,Late,High Risk
10166,4,2,6,5,286,4,2,0,4,4889,0,1,1,0,1,1,0,0.6410605,1,Late,High Risk
10167,0,2,2,5,271,3,1,1,9,4185,0,0,1,0,1,1,0,0.7241269,1,Late,High Risk
10168,1,2,5,1,130,4,0,0,9,4946,1,1,1,0,0,1,1,0.55182344,1,Late,Medium Risk
10169,2,2,4,4,258,2,2,0,5,4562,0,1,1,0,1,0,0,0.7292722,1,Late,High Risk
10170,4,2,5,5,151,3,2,1,2,5506,0,1,1,0,0,1,0,0.77696806,1,Late,High Risk
10171,3,2,5,2,208,8,2,1,5,4751,0,1,1,0,0,1,1,0.6158067,1,Late,High Risk
10172,4,2,6,2,137,10,1,0,4,4490,0,1,1,0,0,1,1,0.72161126,1,Late,High Risk
10173,0,2,3,2,250,3,2,1,6,4636,0,0,1,0,1,1,1,0.69739956,1,Late,High Risk
10174,1,2,4,3,211,2,1,0,6,5473,1,1,1,0,0,0,0,0.6844935,1,Late,High Risk
10175,2,2,4,4,196,3,2,0,2,4320,1,1,1,0,0,1,0,0.6060996,1,Late,High Risk
10176,4,2,3,2,174,3,1,0,3,5207,1,0,1,0,0,1,1,0.6899166,1,Late,High Risk
10177,3,2,6,3,277,4,2,0,6,1433,0,1,1,1,1,1,0,0.70583206,1,Late,High Risk
10178,4,2,6,3,284,4,1,0,3,1291,0,1,1,1,1,1,0,0.57223326,1,Late,Medium Risk
10179,0,2,4,4,258,5,1,1,9,1947,1,1,1,1,1,1,0,0.4708141,0,On Time,Medium Risk
10180,1,2,7,2,254,4,1,1,6,1006,0,1,1,1,1,1,1,0.7981543,1,Late,High Risk
10181,2,2,5,5,263,5,2,1,2,1417,0,1,1,1,1,1,0,0.685469,1,Late,High Risk
10182,4,2,6,1,267,4,1,1,9,1146,1,1,1,1,1,1,1,0.5808887,1,Late,Medium Risk
10183,3,2,6,2,247,4,2,1,3,1118,0,1,1,1,1,1,1,0.6667924,1,Late,High Risk
10184,4,2,5,3,233,5,2,0,3,1398,0,1,1,1,1,1,0,0.80204207,1,Late,High Risk
10185,0,2,7,5,254,4,2,0,1,1347,0,1,1,1,1,1,0,0.5135934,1,Late,Medium Risk
10186,1,2,6,2,289,5,2,0,10,1607,1,1,1,1,1,1,1,0.6464526,1,Late,High Risk
10187,2,2,6,3,282,4,2,0,8,1375,0,1,1,1,1,1,0,0.65640706,1,Late,High Risk
10188,4,2,5,2,243,6,2,1,7,1752,0,1,1,1,1,1,1,0.6304569,1,Late,High Risk
10189,3,2,5,4,243,5,2,0,4,1813,0,1,1,1,1,1,0,0.6603309,1,Late,High Risk
10190,4,2,4,1,228,5,1,0,6,1874,0,1,1,1,1,1,1,0.6915515,1,Late,High Risk
10191,0,2,5,5,235,5,1,1,8,1332,1,1,1,1,1,1,0,0.7065172,1,Late,High Risk
10192,1,2,7,3,306,4,1,0,4,1630,0,1,1,1,1,1,0,0.682707,1,Late,High Risk
10193,2,2,6,1,189,2,1,0,6,1269,0,1,1,1,0,0,1,0.64772385,1,Late,High Risk
10194,4,2,6,4,280,4,1,1,4,1831,1,1,1,1,1,1,0,0.5404374,1,Late,Medium Risk
10195,3,2,6,4,310,4,2,1,1,1494,1,1,1,1,1,1,0,0.37538472,0,On Time,Medium Risk
10196,4,2,4,3,264,6,2,0,10,1962,1,1,1,1,1,1,0,0.5004516,1,Late,Medium Risk
10197,0,2,5,5,243,6,1,1,9,1348,0,1,1,1,1,1,0,0.57835335,1,Late,Medium Risk
10198,1,2,5,5,245,5,1,1,5,1252,0,1,1,1,1,1,0,0.6155795,1,Late,High Risk
10199,2,2,5,5,239,6,1,1,1,1384,0,1,1,1,1,1,0,0.5548088,1,Late,Medium Risk
10200,4,2,4,3,248,5,1,0,7,1789,1,1,1,1,1,1,0,0.5658192,1,Late,Medium Risk
10201,3,2,6,1,268,4,1,0,1,1654,1,1,1,1,1,1,1,0.6364737,1,Late,High Risk
10202,4,2,6,4,271,4,1,0,6,1503,0,1,1,1,1,1,0,0.6342302,1,Late,High Risk
10203,0,2,4,5,233,5,1,0,8,1040,1,1,1,1,1,1,0,0.61557835,1,Late,High Risk
10204,1,2,5,1,245,5,1,1,9,1694,1,1,1,1,1,1,1,0.7133895,1,Late,High Risk
10205,2,2,5,2,248,5,2,0,1,1845,1,1,1,1,1,1,1,0.5800005,1,Late,Medium Risk
10206,4,2,5,2,234,5,2,1,6,1703,0,1,1,1,1,1,1,0.80115277,1,Late,High Risk
10207,3,2,4,2,259,5,2,0,2,1054,0,1,1,1,1,1,1,0.6144805,1,Late,High Risk
10208,4,2,5,1,259,6,1,0,2,1876,0,1,1,1,1,1,1,0.55012274,1,Late,Medium Risk
10209,0,2,5,2,263,6,1,1,2,1851,0,1,1,1,1,1,1,0.46707577,0,On Time,Medium Risk
10210,1,2,3,1,158,5,1,1,4,1171,1,0,1,1,0,1,1,0.34449163,0,On Time,Medium Risk
10211,2,2,5,5,270,5,1,1,5,1852,1,1,1,1,1,1,0,0.5445412,1,Late,Medium Risk
10212,4,2,4,3,271,5,1,1,6,1555,1,1,1,1,1,1,0,0.6176672,1,Late,High Risk
10213,3,2,5,5,237,5,2,0,9,1709,0,1,1,1,1,1,0,0.7506516,1,Late,High Risk
10214,4,2,6,1,250,4,2,1,5,1747,0,1,1,1,1,1,1,0.6664983,1,Late,High Risk
10215,0,2,4,2,270,5,1,0,10,1340,0,1,1,1,1,1,1,0.67613,1,Late,High Risk
10216,1,2,4,5,242,6,1,0,9,1858,0,1,1,1,1,1,0,0.5566096,1,Late,Medium Risk
10217,2,2,5,1,271,5,1,0,4,1557,1,1,1,1,1,1,1,0.6203691,1,Late,High Risk
10218,4,2,4,3,254,5,1,0,8,1851,0,1,1,1,1,1,0,0.66954833,1,Late,High Risk
10219,3,2,5,3,274,5,2,1,7,1696,1,1,1,1,1,1,0,0.5512504,1,Late,Medium Risk
10220,4,2,4,3,249,5,1,0,10,1067,1,1,1,1,1,1,0,0.4603038,0,On Time,Medium Risk
10221,0,2,4,3,245,5,1,1,7,1182,0,1,1,1,1,1,0,0.710339,1,Late,High Risk
10222,1,2,4,5,237,5,1,0,9,1978,1,1,1,1,1,1,0,0.5510421,1,Late,Medium Risk
10223,2,2,4,3,238,6,1,1,2,1898,0,1,1,1,1,1,0,0.60530055,1,Late,High Risk
10224,4,2,5,3,242,5,1,0,6,1681,0,1,1,1,1,1,0,0.71367997,1,Late,High Risk
10225,3,2,5,5,217,6,2,1,1,1761,0,1,1,1,1,1,0,0.7002363,1,Late,High Risk
10226,4,2,4,2,242,6,1,0,10,1531,1,1,1,1,1,1,1,0.5502212,1,Late,Medium Risk
10227,0,2,6,1,265,4,1,0,1,1345,1,1,1,1,1,1,1,0.56003714,1,Late,Medium Risk
10228,1,2,3,4,267,3,1,0,3,4566,0,0,1,0,1,1,0,0.6424338,1,Late,High Risk
10229,2,2,3,1,238,2,1,1,9,5158,0,0,1,0,1,0,1,0.6968989,1,Late,High Risk
10230,4,2,5,3,284,5,2,0,4,5343,1,1,1,0,1,1,0,0.5052684,1,Late,Medium Risk
10231,3,2,4,3,137,3,2,1,5,4854,1,1,1,0,0,1,0,0.5618508,1,Late,Medium Risk
10232,4,2,2,1,232,6,1,0,2,5281,1,0,1,0,1,1,1,0.6142425,1,Late,High Risk
10233,0,2,3,3,262,2,1,0,10,5951,1,0,1,0,1,0,0,0.63783413,1,Late,High Risk
10234,1,2,5,1,158,2,2,1,6,4873,0,1,1,0,0,0,1,0.71598744,1,Late,High Risk
10235,2,2,5,5,226,4,1,0,10,5676,1,1,1,0,1,1,0,0.59027916,1,Late,Medium Risk
10236,4,2,4,3,199,2,1,1,4,5855,0,1,1,0,0,0,0,0.7395157,1,Late,High Risk
10237,3,2,4,4,175,2,2,0,10,4927,0,1,1,0,0,0,0,0.66577923,1,Late,High Risk
10238,4,2,5,1,233,3,1,0,9,5039,0,1,1,0,1,1,1,0.77541393,1,Late,High Risk
10239,0,2,2,5,111,2,1,0,5,4038,1,0,1,0,0,0,0,0.2748279,0,On Time,Low Risk
10240,1,2,5,2,218,3,1,1,4,5363,1,1,1,0,1,1,1,0.593995,1,Late,Medium Risk
10241,2,2,5,1,189,4,1,0,10,4166,1,1,1,0,0,1,1,0.7586772,1,Late,High Risk
10242,4,2,4,3,257,3,1,1,8,5944,0,1,1,0,1,1,0,0.72132844,1,Late,High Risk
10243,3,2,4,2,160,3,1,1,5,4492,0,1,1,0,0,1,1,0.6884349,1,Late,High Risk
10244,4,2,3,3,197,3,1,0,4,4858,1,0,1,0,0,1,0,0.6226034,1,Late,High Risk
10245,0,2,3,5,283,2,1,1,2,4207,0,0,1,0,1,0,0,0.63508976,1,Late,High Risk
10246,1,2,5,5,197,4,1,0,7,4141,1,1,1,0,0,1,0,0.686941,1,Late,High Risk
10247,2,2,3,1,259,4,1,0,9,4084,1,0,1,0,1,1,1,0.5381613,1,Late,Medium Risk
10248,4,2,4,3,195,3,2,1,5,5863,0,1,1,0,0,1,0,0.74202913,1,Late,High Risk
10249,3,1,3,1,159,2,2,1,5,4906,1,0,1,0,0,0,1,0.67308486,1,Late,High Risk
10250,4,1,3,1,267,3,2,0,8,5415,1,0,1,0,1,1,1,0.5746172,1,Late,Medium Risk
10251,0,1,5,2,155,3,1,0,10,4485,1,1,1,0,0,1,1,0.5749997,1,Late,Medium Risk
10252,1,1,3,1,267,2,1,0,9,5744,0,0,1,0,1,0,1,0.606852,1,Late,High Risk
10253,2,1,4,1,239,3,2,0,9,4930,1,1,1,0,1,1,1,0.6514655,1,Late,High Risk
10254,4,1,3,1,263,3,0,1,10,4911,0,0,1,0,1,1,1,0.6115706,1,Late,High Risk
10255,3,1,3,5,217,3,2,1,3,5433,0,0,1,0,1,1,0,0.69584894,1,Late,High Risk
10256,4,1,4,3,173,3,1,1,4,4793,1,1,1,0,0,1,0,0.6378665,1,Late,High Risk
10257,0,1,2,2,163,3,1,1,5,5887,0,0,1,0,0,1,1,0.7268162,1,Late,High Risk
10258,1,1,5,5,232,5,1,0,2,5561,0,1,1,0,1,1,0,0.7023238,1,Late,High Risk
10259,2,1,3,3,155,3,2,1,5,4957,1,0,1,0,0,1,0,0.5470925,1,Late,Medium Risk
10260,4,1,3,4,160,4,1,1,1,5341,0,0,1,0,0,1,0,0.7654334,1,Late,High Risk
10261,3,1,5,4,200,3,2,1,3,4225,0,1,1,0,0,1,0,0.63293874,1,Late,High Risk
10262,4,1,4,1,160,2,2,1,1,5741,1,1,1,0,0,0,1,0.6391125,1,Late,High Risk
10263,0,1,3,3,220,3,1,1,7,5323,1,0,1,0,1,1,0,0.586782,1,Late,Medium Risk
10264,1,1,3,3,160,2,2,0,3,4665,0,0,1,0,0,0,0,0.7470073,1,Late,High Risk
10265,2,1,3,4,136,3,1,0,4,5368,0,0,1,0,0,1,0,0.76297003,1,Late,High Risk
10266,4,1,5,1,252,3,0,0,2,5032,0,1,1,0,1,1,1,0.6200445,1,Late,High Risk
10267,3,1,3,4,138,5,2,0,5,5690,0,0,1,0,0,1,0,0.6598482,1,Late,High Risk
10268,4,1,4,4,173,3,1,1,10,4616,0,1,1,0,0,1,0,0.71837556,1,Late,High Risk
10269,0,1,4,5,198,3,1,1,2,4272,0,1,1,0,0,1,0,0.6547247,1,Late,High Risk
10270,1,1,4,1,194,2,2,0,3,5503,0,1,1,0,0,0,1,0.7341483,1,Late,High Risk
10271,2,0,4,5,157,3,2,1,10,5898,1,1,1,0,0,1,0,0.5582399,1,Late,Medium Risk
10272,4,0,3,3,220,3,1,0,2,5065,1,0,1,0,1,1,0,0.59313,1,Late,Medium Risk
10273,3,0,4,4,160,3,2,1,5,4440,0,1,1,0,0,1,0,0.71940035,1,Late,High Risk
10274,4,0,3,4,214,2,1,1,7,5256,1,0,1,0,0,0,0,0.688159,1,Late,High Risk
10275,0,0,5,5,213,3,2,1,5,5247,0,1,1,0,0,1,0,0.6793858,1,Late,High Risk
10276,1,0,3,5,146,3,2,1,8,5637,1,0,1,0,0,1,0,0.65178,1,Late,High Risk
10277,2,0,4,3,176,5,1,1,2,5751,1,1,1,0,0,1,0,0.56871605,1,Late,Medium Risk
10278,4,0,3,2,219,4,1,0,6,4314,1,0,1,0,1,1,1,0.6437045,1,Late,High Risk
10279,3,0,4,3,164,3,2,0,4,4495,0,1,1,0,0,1,0,0.68359685,1,Late,High Risk
10280,4,0,3,4,168,2,2,0,7,4699,1,0,1,0,0,0,0,0.6263465,1,Late,High Risk
10281,0,0,5,3,167,3,1,1,9,5026,0,1,1,0,0,1,0,0.6742816,1,Late,High Risk
10282,1,0,3,2,152,3,2,0,7,4244,0,0,1,0,0,1,1,0.6847096,1,Late,High Risk
10283,2,0,5,4,248,3,1,1,7,5335,1,1,1,0,1,1,0,0.49552482,0,On Time,Medium Risk
10284,4,0,3,5,177,2,1,0,2,4906,1,0,1,0,0,0,0,0.65518147,1,Late,High Risk
10285,3,0,4,4,148,3,1,1,4,5716,1,1,1,0,0,1,0,0.64938605,1,Late,High Risk
10286,4,0,4,2,107,2,1,0,8,4460,0,1,1,0,0,0,1,0.6476674,1,Late,High Risk
10287,0,0,6,2,196,2,1,1,10,5180,1,1,1,0,0,0,1,0.50437826,1,Late,Medium Risk
10288,1,0,3,3,215,2,1,0,2,5661,0,0,1,0,1,0,0,0.6702599,1,Late,High Risk
10289,2,0,4,5,260,3,1,1,10,4331,0,1,1,0,1,1,0,0.5476345,1,Late,Medium Risk
10290,4,0,5,5,156,2,1,0,8,4817,0,1,1,0,0,0,0,0.6894921,1,Late,High Risk
10291,3,0,4,1,266,2,0,1,4,5116,0,1,1,0,1,0,1,0.7042756,1,Late,High Risk
10292,4,0,4,1,146,3,1,0,1,4831,1,1,1,0,0,1,1,0.7004608,1,Late,High Risk
10293,0,2,4,2,210,3,2,0,10,5354,0,1,1,0,0,1,1,0.69939566,1,Late,High Risk
10294,1,2,2,4,144,2,2,1,5,5867,0,0,1,0,0,0,0,0.7247842,1,Late,High Risk
10295,2,2,3,5,181,4,1,0,1,5812,0,0,1,0,0,1,0,0.7431524,1,Late,High Risk
10296,4,2,5,5,132,4,1,0,8,4339,1,1,1,0,0,1,0,0.5370511,1,Late,Medium Risk
10297,3,2,5,3,243,6,2,0,9,5640,0,1,1,0,1,1,0,0.72299325,1,Late,High Risk
10298,4,2,4,3,166,4,2,0,1,4536,0,1,1,0,0,1,0,0.75986403,1,Late,High Risk
10299,0,2,5,5,148,4,2,0,4,5909,0,1,1,0,0,1,0,0.7159974,1,Late,High Risk
10300,1,2,6,4,221,5,1,1,9,4360,0,1,1,0,1,1,0,0.68191355,1,Late,High Risk
10301,2,2,4,2,207,3,2,0,5,4702,1,1,1,0,0,1,1,0.60854244,1,Late,High Risk
10302,4,2,4,1,228,3,2,1,4,5347,1,1,1,0,1,1,1,0.72089946,1,Late,High Risk
10303,3,2,3,2,161,3,2,1,2,4174,1,0,1,0,0,1,1,0.67057717,1,Late,High Risk
10304,4,2,4,2,259,2,0,0,10,5265,0,1,1,0,1,0,1,0.63825125,1,Late,High Risk
10305,0,2,4,5,272,2,1,0,10,4962,0,1,1,0,1,0,0,0.65415156,1,Late,High Risk
10306,1,2,4,4,154,3,1,1,4,5393,1,1,1,0,0,1,0,0.52115023,1,Late,Medium Risk
10307,2,2,4,2,174,3,1,1,4,5625,0,1,1,0,0,1,1,0.7561698,1,Late,High Risk
10308,4,2,4,2,225,2,2,0,5,5943,0,1,1,0,1,0,1,0.80005527,1,Late,High Risk
10309,3,2,3,5,209,3,2,1,8,5591,0,0,1,0,0,1,0,0.70012033,1,Late,High Risk
10310,4,2,6,1,208,5,1,1,6,4537,0,1,1,0,0,1,1,0.82120514,1,Late,High Risk
10311,0,2,4,4,163,3,1,1,8,4921,1,1,1,0,0,1,0,0.68651545,1,Late,High Risk
10312,1,2,3,5,174,3,1,1,7,5672,1,0,1,0,0,1,0,0.6766619,1,Late,High Risk
10313,2,2,3,5,236,3,2,0,1,5220,0,0,1,0,1,1,0,0.66297185,1,Late,High Risk
10314,4,2,3,2,229,6,2,0,3,5689,1,0,1,0,1,1,1,0.57306635,1,Late,Medium Risk
10315,3,2,3,4,195,2,1,0,5,4660,1,0,1,0,0,0,0,0.6278849,1,Late,High Risk
10316,4,2,4,2,146,3,1,0,9,5871,1,1,1,0,0,1,1,0.6828775,1,Late,High Risk
10317,0,2,3,2,211,2,1,1,4,4978,1,0,1,0,0,0,1,0.6211233,1,Late,High Risk
10318,1,2,2,2,161,3,1,0,5,5999,1,0,1,0,0,1,1,0.5871531,1,Late,Medium Risk
10319,2,2,2,5,243,3,2,0,9,4182,0,0,1,0,1,1,0,0.7162875,1,Late,High Risk
10320,4,2,3,3,169,2,2,0,8,4281,1,0,1,0,0,0,0,0.66104984,1,Late,High Risk
10321,3,2,3,4,273,3,0,0,8,4530,1,0,1,0,1,1,0,0.577801,1,Late,Medium Risk
10322,4,2,4,2,137,2,2,1,3,4622,1,1,1,0,0,0,1,0.76987123,1,Late,High Risk
10323,0,2,2,1,96,2,0,0,9,4449,1,0,1,0,0,0,1,0.46034253,0,On Time,Medium Risk
10324,1,2,5,5,177,4,2,0,2,4873,0,1,1,0,0,1,0,0.70019317,1,Late,High Risk
10325,2,2,4,1,269,3,1,0,7,5211,1,1,1,0,1,1,1,0.62981856,1,Late,High Risk
10326,4,2,3,2,188,5,2,1,7,5673,0,0,1,0,0,1,1,0.71118945,1,Late,High Risk
10327,3,2,4,1,238,3,1,0,10,4172,0,1,1,0,1,1,1,0.75849015,1,Late,High Risk
10328,4,2,5,2,172,5,2,0,5,4805,0,1,1,0,0,1,1,0.72285706,1,Late,High Risk
10329,0,2,4,4,134,5,2,1,2,5865,1,1,1,0,0,1,0,0.5393697,1,Late,Medium Risk
10330,1,2,4,2,191,2,2,0,8,4806,1,1,1,0,0,0,1,0.5006908,1,Late,Medium Risk
10331,2,2,5,3,210,6,1,1,6,4203,1,1,1,0,0,1,0,0.6039559,1,Late,High Risk
10332,4,2,4,5,161,3,2,0,2,5378,0,1,1,0,0,1,0,0.7280546,1,Late,High Risk
10333,3,2,5,4,161,5,2,1,1,5779,1,1,1,0,0,1,0,0.5928487,1,Late,Medium Risk
10334,4,2,4,1,166,5,1,0,9,4472,0,1,1,0,0,1,1,0.7731064,1,Late,High Risk
10335,0,2,4,3,170,4,2,0,9,4375,0,1,1,0,0,1,0,0.7404021,1,Late,High Risk
10336,1,2,3,1,251,3,2,0,4,5291,0,0,1,0,1,1,1,0.585316,1,Late,Medium Risk
10337,2,2,3,3,214,3,2,1,3,4056,1,0,1,0,0,1,0,0.64111763,1,Late,High Risk
10338,4,2,4,3,197,3,2,0,6,5395,0,1,1,0,0,1,0,0.7482334,1,Late,High Risk
10339,3,2,3,3,227,2,0,1,5,4269,1,0,1,0,1,0,0,0.53406394,1,Late,Medium Risk
10340,4,2,4,5,265,2,1,0,6,4660,1,1,1,0,1,0,0,0.6307664,1,Late,High Risk
10341,0,2,6,5,287,5,1,1,2,5611,1,1,1,0,1,1,0,0.5476517,1,Late,Medium Risk
10342,1,2,3,5,206,2,1,1,3,5113,1,0,1,0,0,0,0,0.6827379,1,Late,High Risk
10343,2,2,4,2,192,3,1,0,4,5578,1,1,1,0,0,1,1,0.56829923,1,Late,Medium Risk
10344,4,2,2,1,109,4,1,0,3,5264,1,0,1,0,0,1,1,0.3521735,0,On Time,Medium Risk
10345,3,2,4,3,180,2,2,1,7,5546,1,1,1,0,0,0,0,0.6216337,1,Late,High Risk
10346,4,2,3,2,224,3,2,1,2,4015,0,0,1,0,1,1,1,0.56637734,1,Late,Medium Risk
10347,0,2,3,2,259,6,2,1,1,5873,0,0,1,0,1,1,1,0.6472322,1,Late,High Risk
10348,1,2,3,4,269,3,2,1,8,5364,1,0,1,0,1,1,0,0.55089015,1,Late,Medium Risk
10349,2,2,5,4,187,4,2,0,1,4147,0,1,1,0,0,1,0,0.76161927,1,Late,High Risk
10350,4,2,4,4,185,3,1,0,2,5288,1,1,1,0,0,1,0,0.6650189,1,Late,High Risk
10351,3,2,5,2,241,2,2,0,2,5448,0,1,1,0,1,0,1,0.6640461,1,Late,High Risk
10352,4,2,2,5,228,3,1,1,8,5643,1,0,1,0,1,1,0,0.68704796,1,Late,High Risk
10353,0,2,3,2,214,2,2,0,9,4512,0,0,1,0,0,0,1,0.78522944,1,Late,High Risk
10354,1,2,3,2,196,6,1,1,6,5414,0,0,1,0,0,1,1,0.6896636,1,Late,High Risk
10355,2,2,3,1,175,3,1,1,6,4695,0,0,1,0,0,1,1,0.66414696,1,Late,High Risk
10356,4,2,3,5,171,3,2,0,7,5318,1,0,1,0,0,1,0,0.6712062,1,Late,High Risk
10357,3,2,4,2,185,2,2,1,5,4066,0,1,1,0,0,0,1,0.5537858,1,Late,Medium Risk
10358,4,2,2,4,226,3,1,1,9,4098,1,0,1,0,1,1,0,0.55952954,1,Late,Medium Risk
10359,0,2,4,1,265,3,1,0,4,4249,0,1,1,0,1,1,1,0.68044513,1,Late,High Risk
10360,1,2,4,4,205,4,2,0,2,4690,1,1,1,0,0,1,0,0.63289976,1,Late,High Risk
10361,2,2,4,3,189,3,2,0,9,4825,0,1,1,0,0,1,0,0.6323347,1,Late,High Risk
10362,4,2,3,4,141,3,2,1,2,5512,0,0,1,0,0,1,0,0.78938127,1,Late,High Risk
10363,3,2,3,3,217,3,1,0,6,4887,0,0,1,0,1,1,0,0.5979588,1,Late,Medium Risk
10364,4,2,4,2,198,3,1,0,4,5863,0,1,1,0,0,1,1,0.8066533,1,Late,High Risk
10365,0,2,4,4,246,3,2,0,2,4150,0,1,1,0,1,1,0,0.7074789,1,Late,High Risk
10366,1,2,3,4,261,4,2,0,7,5731,0,0,1,0,1,1,0,0.6282657,1,Late,High Risk
10367,2,2,4,3,160,2,1,1,9,5940,0,1,1,0,0,0,0,0.72583926,1,Late,High Risk
10368,4,2,5,5,135,3,1,0,4,5734,0,1,1,0,0,1,0,0.6728639,1,Late,High Risk
10369,3,2,5,2,213,3,1,1,9,5526,0,1,1,0,0,1,1,0.7614549,1,Late,High Risk
10370,4,2,3,4,189,6,1,0,9,4668,1,0,1,0,0,1,0,0.6635058,1,Late,High Risk
10371,0,2,4,1,259,3,1,1,9,5148,1,1,1,0,1,1,1,0.56867206,1,Late,Medium Risk
10372,1,2,4,5,170,3,1,1,2,5671,0,1,1,0,0,1,0,0.72093385,1,Late,High Risk
10373,2,2,3,3,257,2,2,1,5,4681,1,0,1,0,1,0,0,0.48483515,0,On Time,Medium Risk
10374,4,2,3,5,143,2,1,1,8,4754,1,0,1,0,0,0,0,0.6940484,1,Late,High Risk
10375,3,2,4,1,258,3,1,0,10,4906,0,1,1,0,1,1,1,0.59048194,1,Late,Medium Risk
10376,4,2,4,3,216,2,1,1,4,5997,0,1,1,0,1,0,0,0.7633795,1,Late,High Risk
10377,0,2,4,3,169,3,1,0,8,4613,0,1,1,0,0,1,0,0.7465849,1,Late,High Risk
10378,1,2,4,3,165,2,1,1,2,5210,0,1,1,0,0,0,0,0.7139285,1,Late,High Risk
10379,2,2,4,4,245,3,2,0,7,4480,1,1,1,0,1,1,0,0.640203,1,Late,High Risk
10380,4,2,4,1,171,2,1,0,6,5719,1,1,1,0,0,0,1,0.7046521,1,Late,High Risk
10381,3,2,2,5,238,4,2,1,9,4086,0,0,1,0,1,1,0,0.6630931,1,Late,High Risk
10382,4,2,4,2,265,3,2,0,1,5385,0,1,1,0,1,1,1,0.66316,1,Late,High Risk
10383,0,2,4,3,207,2,2,1,5,4286,0,1,1,0,0,0,0,0.6423907,1,Late,High Risk
10384,1,2,3,4,257,3,2,1,10,4670,1,0,1,0,1,1,0,0.58632344,1,Late,Medium Risk
10385,2,2,3,4,252,2,0,1,9,4278,0,0,1,0,1,0,0,0.6874981,1,Late,High Risk
10386,4,1,5,5,272,2,1,0,4,5342,0,1,1,0,1,0,0,0.6995204,1,Late,High Risk
10387,3,1,3,2,180,6,2,1,3,5780,1,0,1,0,0,1,1,0.48254842,0,On Time,Medium Risk
10388,4,1,5,1,217,2,1,0,9,4345,0,1,1,0,1,0,1,0.7710155,1,Late,High Risk
10389,0,1,3,1,149,3,2,0,9,5952,1,0,1,0,0,1,1,0.67660147,1,Late,High Risk
10390,1,1,4,5,185,2,1,1,6,4610,0,1,1,0,0,0,0,0.80617464,1,Late,High Risk
10391,2,1,5,2,222,3,2,1,10,5644,1,1,1,0,1,1,1,0.61685276,1,Late,High Risk
10392,4,1,4,3,180,3,2,1,4,5471,0,1,1,0,0,1,0,0.6694905,1,Late,High Risk
10393,3,1,4,2,156,3,2,1,1,4097,1,1,1,0,0,1,1,0.5355769,1,Late,Medium Risk
10394,4,1,3,5,241,3,2,1,10,5099,1,0,1,0,1,1,0,0.6371669,1,Late,High Risk
10395,0,1,4,1,170,10,2,0,3,5211,1,1,1,0,0,1,1,0.49811813,0,On Time,Medium Risk
10396,1,1,3,2,286,6,0,0,1,5035,1,0,1,0,1,1,1,0.61520463,1,Late,High Risk
10397,2,1,3,4,232,5,2,1,7,5653,1,0,1,0,1,1,0,0.5932022,1,Late,Medium Risk
10398,4,1,5,2,171,3,1,1,6,4656,1,1,1,0,0,1,1,0.6527474,1,Late,High Risk
10399,3,1,4,4,146,10,1,0,3,4152,1,1,1,0,0,1,0,0.6121048,1,Late,High Risk
10400,4,1,4,2,189,10,2,0,5,5470,0,1,1,0,0,1,1,0.61253005,1,Late,High Risk
10401,0,1,2,1,235,3,0,1,8,4522,1,0,1,0,1,1,1,0.5671015,1,Late,Medium Risk
10402,1,1,4,2,187,3,0,0,5,4897,1,1,1,0,0,1,1,0.54323614,1,Late,Medium Risk
10403,2,1,3,5,166,3,0,0,5,5206,0,0,1,0,0,1,0,0.656805,1,Late,High Risk
10404,4,1,4,4,264,6,2,0,6,1748,1,1,1,1,1,1,0,0.63630265,1,Late,High Risk
10405,3,1,5,3,243,6,1,0,1,1856,0,1,1,1,1,1,0,0.5456603,1,Late,Medium Risk
10406,4,1,5,2,245,5,1,0,9,1466,0,1,1,1,1,1,1,0.7892234,1,Late,High Risk
10407,0,1,5,5,239,6,1,0,1,1984,0,1,1,1,1,1,0,0.55383396,1,Late,Medium Risk
10408,1,0,4,3,248,5,1,1,3,1093,0,1,1,1,1,1,0,0.67613703,1,Late,High Risk
10409,2,0,6,4,268,4,1,1,9,1793,0,1,1,1,1,1,0,0.725945,1,Late,High Risk
10410,4,0,6,2,271,4,1,0,2,1893,1,1,1,1,1,1,1,0.65529597,1,Late,High Risk
10411,3,0,4,3,233,5,1,1,2,1079,0,1,1,1,1,1,0,0.7464136,1,Late,High Risk
10412,4,0,5,1,245,5,1,0,7,1092,0,1,1,1,1,1,1,0.80757,1,Late,High Risk
10413,0,0,5,5,248,5,2,1,8,1881,1,1,1,1,1,1,0,0.625306,1,Late,High Risk
10414,1,0,5,1,234,5,2,1,2,1030,1,1,1,1,1,1,1,0.6852016,1,Late,High Risk
10415,2,0,4,5,259,5,2,1,2,1066,1,1,1,1,1,1,0,0.5635629,1,Late,Medium Risk
10416,4,0,5,4,259,6,1,1,1,1206,1,1,1,1,1,1,0,0.597496,1,Late,Medium Risk
10417,3,0,5,2,263,6,1,0,6,1511,1,1,1,1,1,1,1,0.6493871,1,Late,High Risk
10418,4,0,3,1,158,5,1,1,9,1537,1,0,1,1,0,1,1,0.3574723,0,On Time,Medium Risk
10419,0,0,5,3,270,5,1,0,1,1568,1,1,1,1,1,1,0,0.5009552,1,Late,Medium Risk
10420,1,0,2,1,238,4,2,0,4,4780,0,0,1,0,1,1,1,0.6555045,1,Late,High Risk
10421,2,0,4,1,265,3,2,1,3,5177,0,1,1,0,1,1,1,0.65161806,1,Late,High Risk
10422,4,0,4,3,207,2,2,1,4,5227,1,1,1,0,0,0,0,0.61421525,1,Late,High Risk
10423,3,0,3,2,257,3,2,1,9,5236,0,0,1,0,1,1,1,0.6135833,1,Late,High Risk
10424,4,0,3,3,252,2,0,1,1,5707,1,0,1,0,1,0,0,0.40715468,0,On Time,Medium Risk
10425,0,0,5,5,272,2,1,1,1,4883,1,1,1,0,1,0,0,0.50121266,1,Late,Medium Risk
10426,1,0,3,4,180,6,2,0,3,5605,0,0,1,0,0,1,0,0.60363966,1,Late,High Risk
10427,2,0,5,4,217,2,1,1,2,5469,1,1,1,0,1,0,0,0.64751434,1,Late,High Risk
10428,4,0,3,4,149,3,2,0,3,4540,0,0,1,0,0,1,0,0.82860374,1,Late,High Risk
10429,3,0,4,5,185,2,1,0,4,5428,0,1,1,0,0,0,0,0.76980484,1,Late,High Risk
10430,4,2,5,4,222,3,2,1,8,5559,1,1,1,0,1,1,0,0.6896737,1,Late,High Risk
10431,0,2,4,2,180,3,2,1,6,4417,0,1,1,0,0,1,1,0.67941594,1,Late,High Risk
10432,1,2,4,2,156,3,2,1,5,4946,1,1,1,0,0,1,1,0.60147345,1,Late,High Risk
10433,2,2,3,3,241,3,2,0,10,5275,1,0,1,0,1,1,0,0.49566787,0,On Time,Medium Risk
10434,4,2,4,2,170,10,2,0,4,4696,1,1,1,0,0,1,1,0.4785013,0,On Time,Medium Risk
10435,3,2,3,5,286,6,0,1,8,4777,0,0,1,0,1,1,0,0.5351832,1,Late,Medium Risk
10436,4,2,3,3,232,5,2,1,10,5580,0,0,1,0,1,1,0,0.736862,1,Late,High Risk
10437,0,2,5,4,171,3,1,0,1,5011,0,1,1,0,0,1,0,0.70904326,1,Late,High Risk
10438,1,2,4,4,146,10,1,1,1,4351,0,1,1,0,0,1,0,0.6590894,1,Late,High Risk
10439,2,2,4,1,189,10,2,0,2,4505,1,1,1,0,0,1,1,0.65549827,1,Late,High Risk
10440,4,2,2,5,235,3,0,0,10,5775,1,0,1,0,1,1,0,0.33040866,0,On Time,Medium Risk
10441,3,2,4,4,187,3,0,1,6,4567,0,1,1,0,0,1,0,0.6282147,1,Late,High Risk
10442,4,2,3,4,166,3,0,1,6,4247,0,0,1,0,0,1,0,0.67533886,1,Late,High Risk
10443,0,2,4,3,264,6,2,0,7,1178,1,1,1,1,1,1,0,0.5056841,1,Late,Medium Risk
10444,1,2,5,3,243,6,1,0,10,1078,1,1,1,1,1,1,0,0.5598375,1,Late,Medium Risk
10445,2,2,5,2,245,5,1,1,8,1528,0,1,1,1,1,1,1,0.7129936,1,Late,High Risk
10446,4,2,5,5,239,6,1,1,9,1417,1,1,1,1,1,1,0,0.62864846,1,Late,High Risk
10447,3,2,4,5,248,5,1,0,6,1754,0,1,1,1,1,1,0,0.5989284,1,Late,Medium Risk
10448,4,2,6,5,268,4,1,1,7,1600,1,1,1,1,1,1,0,0.6648808,1,Late,High Risk
10449,0,2,6,4,271,4,1,0,6,1091,0,1,1,1,1,1,0,0.74691486,1,Late,High Risk
10450,1,2,4,3,233,5,1,1,5,1799,1,1,1,1,1,1,0,0.6181106,1,Late,High Risk
10451,2,2,5,1,245,5,1,1,7,1038,0,1,1,1,1,1,1,0.7075866,1,Late,High Risk
10452,4,2,5,5,248,5,2,0,1,1945,1,1,1,1,1,1,0,0.53452504,1,Late,Medium Risk
10453,3,2,5,5,234,5,2,1,9,1812,0,1,1,1,1,1,0,0.7506286,1,Late,High Risk
10454,4,2,4,3,259,5,2,1,2,1574,0,1,1,1,1,1,0,0.63322705,1,Late,High Risk
10455,0,2,5,5,259,6,1,1,5,1382,1,1,1,1,1,1,0,0.4386873,0,On Time,Medium Risk
10456,1,2,5,1,263,6,1,0,3,1665,1,1,1,1,1,1,1,0.5030634,1,Late,Medium Risk
10457,2,2,5,4,217,6,2,1,6,1483,1,1,1,1,1,1,0,0.6195004,1,Late,High Risk
10458,4,2,4,3,242,6,1,1,5,1411,0,1,1,1,1,1,0,0.5373401,1,Late,Medium Risk
10459,3,2,4,4,255,6,1,0,2,1430,1,1,1,1,1,1,0,0.4779203,0,On Time,Medium Risk
10460,4,2,2,3,277,3,2,0,1,1738,0,0,1,1,1,1,0,0.4846095,0,On Time,Medium Risk
10461,0,2,4,2,267,5,1,1,3,1933,1,1,1,1,1,1,1,0.5499696,1,Late,Medium Risk
10462,1,2,5,4,260,5,1,1,5,1370,0,1,1,1,1,1,0,0.5945495,1,Late,Medium Risk
10463,2,2,4,5,259,5,1,0,9,1951,1,1,1,1,1,1,0,0.47917193,0,On Time,Medium Risk
10464,4,2,5,5,257,5,2,0,6,1101,0,1,1,1,1,1,0,0.6493683,1,Late,High Risk
10465,3,2,5,1,228,5,1,0,2,1950,1,1,1,1,1,1,1,0.6218393,1,Late,High Risk
10466,4,2,5,1,255,6,1,0,3,1014,0,1,1,1,1,1,1,0.8466735,1,Late,High Risk
10467,0,2,5,5,262,6,1,1,10,1816,1,1,1,1,1,1,0,0.52724487,1,Late,Medium Risk
10468,1,2,5,1,262,5,2,1,4,1196,0,1,1,1,1,1,1,0.72906846,1,Late,High Risk
10469,2,2,5,1,241,5,1,1,4,1348,1,1,1,1,1,1,1,0.5738724,1,Late,Medium Risk
10470,4,2,4,2,262,6,2,0,4,1644,1,1,1,1,1,1,1,0.55900484,1,Late,Medium Risk
10471,3,2,4,2,263,6,2,0,4,1644,0,1,1,1,1,1,1,0.567188,1,Late,Medium Risk
10472,4,2,4,3,233,5,1,1,4,1668,0,1,1,1,1,1,0,0.7251183,1,Late,High Risk
10473,0,2,5,3,221,5,1,0,8,1109,0,1,1,1,1,1,0,0.70875853,1,Late,High Risk
10474,1,2,5,5,254,5,1,1,7,1967,0,1,1,1,1,1,0,0.5791679,1,Late,Medium Risk
10475,2,2,3,4,236,4,2,1,2,1016,0,0,1,1,1,1,0,0.61578363,1,Late,High Risk
10476,4,2,5,1,258,5,0,0,9,1856,1,1,1,1,1,1,1,0.45598805,0,On Time,Medium Risk
10477,3,2,4,2,223,5,2,0,8,1559,1,1,1,1,1,1,1,0.7245067,1,Late,High Risk
10478,4,2,5,1,248,5,1,1,3,1642,1,1,1,1,1,1,1,0.50679237,1,Late,Medium Risk
10479,0,2,4,1,204,4,1,0,3,1667,0,1,1,1,0,1,1,0.5671873,1,Late,Medium Risk
10480,1,2,4,1,276,5,1,0,2,1246,0,1,1,1,1,1,1,0.6472911,1,Late,High Risk
10481,2,2,5,4,241,5,2,1,1,1924,1,1,1,1,1,1,0,0.5387313,1,Late,Medium Risk
10482,4,2,5,4,263,5,1,1,5,1181,0,1,1,1,1,1,0,0.69902587,1,Late,High Risk
10483,3,2,5,2,265,5,2,0,5,1864,0,1,1,1,1,1,1,0.6720609,1,Late,High Risk
10484,4,2,4,2,253,5,2,0,3,1092,0,1,1,1,1,1,1,0.73383695,1,Late,High Risk
10485,0,2,5,1,257,5,0,0,2,1323,0,1,1,1,1,1,1,0.54599226,1,Late,Medium Risk
10486,1,2,4,2,259,6,2,1,8,1096,1,1,1,1,1,1,1,0.5834676,1,Late,Medium Risk
10487,2,2,6,4,206,5,2,0,10,1680,0,1,1,1,0,1,0,0.7484953,1,Late,High Risk
10488,4,2,5,2,254,5,2,0,4,1030,0,1,1,1,1,1,1,0.82847774,1,Late,High Risk
10489,3,2,5,1,143,3,2,0,3,4907,1,1,1,0,0,1,1,0.639267,1,Late,High Risk
10490,4,2,3,2,169,2,1,1,6,4033,0,0,1,0,0,0,1,0.5806847,1,Late,Medium Risk
10491,0,2,3,1,194,4,1,0,8,4308,0,0,1,0,0,1,1,0.75443006,1,Late,High Risk
10492,1,2,4,5,248,3,1,1,7,5853,0,1,1,0,1,1,0,0.66438967,1,Late,High Risk
10493,2,2,4,1,153,3,2,1,5,5952,0,1,1,0,0,1,1,0.74948835,1,Late,High Risk
10494,4,2,3,3,151,3,1,1,9,5082,0,0,1,0,0,1,0,0.72914374,1,Late,High Risk
10495,3,2,3,4,148,3,2,1,7,4531,0,0,1,0,0,1,0,0.8054779,1,Late,High Risk
10496,4,2,4,2,214,6,2,1,9,4736,1,1,1,0,0,1,1,0.66837937,1,Late,High Risk
10497,0,2,4,1,251,2,1,0,2,4839,1,1,1,0,1,0,1,0.6165528,1,Late,High Risk
10498,1,2,2,3,136,3,1,1,10,4933,0,0,1,0,0,1,0,0.7849566,1,Late,High Risk
10499,2,2,3,4,247,3,2,1,8,5792,0,0,1,0,1,1,0,0.65405273,1,Late,High Risk
10500,4,2,3,4,239,2,1,0,10,5674,1,0,1,0,1,0,0,0.6140595,1,Late,High Risk
10501,3,2,4,1,247,3,1,1,5,5636,1,1,1,0,1,1,1,0.7118589,1,Late,High Risk
10502,4,2,2,1,184,2,0,0,3,4331,0,0,1,0,0,0,1,0.7206872,1,Late,High Risk
10503,0,2,3,1,248,3,2,1,7,5588,0,0,1,0,1,1,1,0.64568275,1,Late,High Risk
10504,1,2,5,5,244,3,2,1,7,4078,1,1,1,0,1,1,0,0.5148512,1,Late,Medium Risk
10505,2,2,5,2,252,3,1,1,7,5058,0,1,1,0,1,1,1,0.6357955,1,Late,High Risk
10506,4,2,4,2,136,4,1,0,3,4190,0,1,1,0,0,1,1,0.779127,1,Late,High Risk
10507,3,2,4,5,200,4,1,0,1,4885,0,1,1,0,0,1,0,0.6884212,1,Late,High Risk
10508,4,2,3,1,187,2,1,1,6,5448,0,0,1,0,0,0,1,0.7836162,1,Late,High Risk
10509,0,2,4,2,222,2,2,1,10,5115,1,1,1,0,1,0,1,0.63493735,1,Late,High Risk
10510,1,2,3,4,247,2,1,1,2,4975,1,0,1,0,1,0,0,0.52150923,1,Late,Medium Risk
10511,2,2,3,2,195,2,0,1,2,4669,1,0,1,0,0,0,1,0.45641682,0,On Time,Medium Risk
10512,4,2,4,3,190,2,1,0,7,5834,1,1,1,0,0,0,0,0.53802127,1,Late,Medium Risk
10513,3,2,4,5,226,2,1,1,10,4706,1,1,1,0,1,0,0,0.6147975,1,Late,High Risk
10514,4,2,3,4,205,3,1,0,7,4490,0,0,1,0,0,1,0,0.716104,1,Late,High Risk
10515,0,2,4,1,225,3,2,1,9,4242,1,1,1,0,1,1,1,0.72497296,1,Late,High Risk
10516,1,2,2,3,275,3,2,1,10,4183,1,0,1,0,1,1,0,0.6209885,1,Late,High Risk
10517,2,2,3,4,154,2,0,0,2,4998,0,0,1,0,0,0,0,0.46055108,0,On Time,Medium Risk
10518,4,2,5,5,141,3,1,1,4,4534,0,1,1,0,0,1,0,0.7488502,1,Late,High Risk
10519,3,2,3,2,198,2,2,1,8,5889,0,0,1,0,0,0,1,0.75073785,1,Late,High Risk
10520,4,2,4,3,263,2,1,1,9,4210,0,1,1,0,1,0,0,0.70742726,1,Late,High Risk
10521,0,2,4,4,184,3,2,0,9,4500,0,1,1,0,0,1,0,0.69337124,1,Late,High Risk
10522,1,2,3,2,221,2,2,1,9,4466,0,0,1,0,1,0,1,0.7093629,1,Late,High Risk
10523,2,1,3,5,259,3,2,1,7,4480,1,0,1,0,1,1,0,0.57512677,1,Late,Medium Risk
10524,4,1,4,4,238,4,0,1,1,5702,1,1,1,0,1,1,0,0.5356098,1,Late,Medium Risk
10525,3,1,3,5,188,3,0,0,6,4234,1,0,1,0,0,1,0,0.5502128,1,Late,Medium Risk
10526,4,1,3,2,164,2,2,0,3,4666,0,0,1,0,0,0,1,0.6928965,1,Late,High Risk
10527,0,1,4,1,204,6,1,1,1,4943,0,1,1,0,0,1,1,0.71323633,1,Late,High Risk
10528,1,1,5,5,237,3,2,1,5,4285,1,1,1,0,1,1,0,0.5918536,1,Late,Medium Risk
10529,2,1,6,1,235,6,2,1,3,5591,0,1,1,0,1,1,1,0.64804286,1,Late,High Risk
10530,4,1,3,2,235,2,2,0,9,5116,0,0,1,0,1,0,1,0.71071726,1,Late,High Risk
10531,3,1,3,5,263,3,2,1,4,4081,1,0,1,0,1,1,0,0.46710736,0,On Time,Medium Risk
10532,4,1,5,4,236,4,2,1,6,4457,0,1,1,0,1,1,0,0.7280152,1,Late,High Risk
10533,0,1,5,2,146,2,1,1,2,4075,0,1,1,0,0,0,1,0.6106533,1,Late,High Risk
10534,1,1,3,2,188,3,2,1,8,5709,0,0,1,0,0,1,1,0.6445595,1,Late,High Risk
10535,2,1,5,1,152,3,2,0,3,5981,0,1,1,0,0,1,1,0.727736,1,Late,High Risk
10536,4,1,4,1,211,3,2,0,7,4083,1,1,1,0,0,1,1,0.5458765,1,Late,Medium Risk
10537,3,1,4,3,195,3,1,1,1,4236,1,1,1,0,0,1,0,0.5886205,1,Late,Medium Risk
10538,4,1,4,4,180,4,2,0,7,5609,1,1,1,0,0,1,0,0.57540005,1,Late,Medium Risk
10539,0,1,3,2,213,6,2,1,9,5418,1,0,1,0,0,1,1,0.64920133,1,Late,High Risk
10540,1,1,4,1,171,3,2,1,10,5971,0,1,1,0,0,1,1,0.7728464,1,Late,High Risk
10541,2,1,3,5,253,4,2,0,5,4761,1,0,1,0,1,1,0,0.63306093,1,Late,High Risk
10542,4,1,5,4,228,4,1,0,8,4831,1,1,1,0,1,1,0,0.6738705,1,Late,High Risk
10543,3,1,3,4,158,2,1,1,8,4086,0,0,1,0,0,0,0,0.5820646,1,Late,Medium Risk
10544,4,1,3,5,158,3,1,1,10,4861,0,0,1,0,0,1,0,0.6232637,1,Late,High Risk
10545,0,0,4,1,195,2,1,0,3,4165,0,1,1,0,0,0,1,0.6971715,1,Late,High Risk
10546,1,0,5,1,202,4,1,0,2,5748,0,1,1,0,0,1,1,0.5969595,1,Late,Medium Risk
10547,2,0,4,4,209,3,2,1,7,4717,1,1,1,0,0,1,0,0.58766186,1,Late,Medium Risk
10548,4,0,2,5,156,5,2,1,7,5780,0,0,1,0,0,1,0,0.71379185,1,Late,High Risk
10549,3,0,3,4,199,3,2,1,10,4925,1,0,1,0,0,1,0,0.6546787,1,Late,High Risk
10550,4,0,6,2,205,5,0,1,6,4756,0,1,1,0,0,1,1,0.74336857,1,Late,High Risk
10551,0,0,6,3,165,4,1,0,10,5965,0,1,1,0,0,1,0,0.7883669,1,Late,High Risk
10552,1,0,5,3,119,2,1,1,8,5290,1,1,1,0,0,0,0,0.5253322,1,Late,Medium Risk
10553,2,0,3,1,185,2,2,0,9,4316,0,0,1,0,0,0,1,0.7090657,1,Late,High Risk
10554,4,0,6,3,178,5,1,0,5,4567,0,1,1,0,0,1,0,0.6431009,1,Late,High Risk
10555,3,0,4,3,248,3,2,0,5,4667,0,1,1,0,1,1,0,0.59402287,1,Late,Medium Risk
10556,4,0,3,5,190,3,2,1,4,5069,0,0,1,0,0,1,0,0.6512983,1,Late,High Risk
10557,0,0,4,1,227,3,0,1,8,4795,0,1,1,0,1,1,1,0.5986158,1,Late,Medium Risk
10558,1,0,4,2,255,5,1,0,6,4053,0,1,1,0,1,1,1,0.6340482,1,Late,High Risk
10559,2,0,3,5,214,2,2,0,4,4077,1,0,1,0,0,0,0,0.44523865,0,On Time,Medium Risk
10560,4,0,4,5,134,3,2,1,3,5000,1,1,1,0,0,1,0,0.69246566,1,Late,High Risk
10561,3,0,3,4,216,3,1,0,3,5817,0,0,1,0,1,1,0,0.60529333,1,Late,High Risk
10562,4,0,2,4,183,2,1,1,5,5335,1,0,1,0,0,0,0,0.67871517,1,Late,High Risk
10563,0,0,3,5,190,5,0,0,7,4457,0,0,1,0,0,1,0,0.6582424,1,Late,High Risk
10564,1,0,4,5,219,2,1,1,4,4197,1,1,1,0,1,0,0,0.6047726,1,Late,High Risk
10565,2,0,3,2,207,2,2,0,10,4070,1,0,1,0,0,0,1,0.49147522,0,On Time,Medium Risk
10566,4,0,5,4,135,4,2,1,4,4541,0,1,1,0,0,1,0,0.84957385,1,Late,High Risk
10567,3,2,3,4,254,2,2,1,2,5957,0,0,1,0,1,0,0,0.7464134,1,Late,High Risk
10568,4,2,3,5,233,4,1,0,9,4541,0,0,1,0,1,1,0,0.75184596,1,Late,High Risk
10569,0,2,4,4,233,3,1,0,5,5421,0,1,1,0,1,1,0,0.72339964,1,Late,High Risk
10570,1,2,4,4,156,2,1,0,5,5216,0,1,1,0,0,0,0,0.6089032,1,Late,High Risk
10571,2,2,5,1,262,2,2,1,4,5761,0,1,1,0,1,0,1,0.61156887,1,Late,High Risk
10572,4,2,3,1,201,3,2,0,8,4315,0,0,1,0,0,1,1,0.72048634,1,Late,High Risk
10573,3,2,5,1,208,2,1,0,9,4887,0,1,1,0,0,0,1,0.79891086,1,Late,High Risk
10574,4,2,3,1,174,3,1,0,9,4380,1,0,1,0,0,1,1,0.72293895,1,Late,High Risk
10575,0,2,3,2,144,4,2,1,8,4867,1,0,1,0,0,1,1,0.6912173,1,Late,High Risk
10576,1,2,4,3,184,3,1,0,5,4712,1,1,1,0,0,1,0,0.60533583,1,Late,High Risk
10577,2,2,3,5,196,3,1,0,5,4891,0,0,1,0,0,1,0,0.62133145,1,Late,High Risk
10578,4,2,6,3,251,4,1,1,10,4889,1,1,1,0,1,1,0,0.69944924,1,Late,High Risk
10579,3,2,4,4,160,3,1,1,1,4770,0,1,1,0,0,1,0,0.6481858,1,Late,High Risk
10580,4,2,5,2,176,4,1,1,10,5532,0,1,1,0,0,1,1,0.7665809,1,Late,High Risk
10581,0,2,3,1,235,3,1,0,9,5735,0,0,1,0,1,1,1,0.66727906,1,Late,High Risk
10582,1,2,4,2,152,4,2,0,3,4006,0,1,1,0,0,1,1,0.68138003,1,Late,High Risk
10583,2,2,4,3,184,4,1,1,4,4030,1,1,1,0,0,1,0,0.50006,1,Late,Medium Risk
10584,4,2,3,2,209,2,1,1,5,5713,0,0,1,0,0,0,1,0.67982256,1,Late,High Risk
10585,3,2,5,5,187,3,2,0,5,4613,0,1,1,0,0,1,0,0.757202,1,Late,High Risk
10586,4,2,4,4,160,5,1,1,6,4055,0,1,1,0,0,1,0,0.6937417,1,Late,High Risk
10587,0,2,4,2,258,3,1,0,5,5393,1,1,1,0,1,1,1,0.616132,1,Late,High Risk
10588,1,2,3,5,166,3,2,0,9,5275,1,0,1,0,0,1,0,0.61586994,1,Late,High Risk
10589,2,2,4,1,193,3,1,0,3,5919,0,1,1,0,0,1,1,0.7792257,1,Late,High Risk
10590,4,2,3,2,167,2,1,1,3,4722,1,0,1,0,0,0,1,0.6079392,1,Late,High Risk
10591,3,2,4,5,272,2,2,1,9,5055,1,1,1,0,1,0,0,0.68376976,1,Late,High Risk
10592,4,2,4,2,222,2,1,1,1,5028,1,1,1,0,1,0,1,0.71614444,1,Late,High Risk
10593,0,2,5,5,189,3,1,0,10,5554,1,1,1,0,0,1,0,0.63778657,1,Late,High Risk
10594,1,2,2,5,188,2,2,0,9,4610,0,0,1,0,0,0,0,0.8806548,1,Late,High Risk
10595,2,2,3,2,183,2,2,0,6,4313,1,0,1,0,0,0,1,0.6678038,1,Late,High Risk
10596,4,2,4,5,183,2,1,0,1,4741,0,1,1,0,0,0,0,0.72527707,1,Late,High Risk
10597,3,2,3,1,167,3,1,0,4,5943,1,0,1,0,0,1,1,0.55970824,1,Late,Medium Risk
10598,4,2,2,2,258,3,2,0,3,5365,1,0,1,0,1,1,1,0.6352649,1,Late,High Risk
10599,0,2,4,2,177,3,2,1,5,5757,0,1,1,0,0,1,1,0.71190214,1,Late,High Risk
10600,1,2,3,1,226,3,2,0,8,5000,0,0,1,0,1,1,1,0.6623194,1,Late,High Risk
10601,2,2,5,1,240,5,2,0,5,4144,0,1,1,0,1,1,1,0.7050382,1,Late,High Risk
10602,4,2,3,3,158,3,1,0,6,5261,1,0,1,0,0,1,0,0.64881915,1,Late,High Risk
10603,3,2,5,2,176,4,1,1,1,5810,0,1,1,0,0,1,1,0.80312335,1,Late,High Risk
10604,4,2,6,4,230,4,1,1,3,4736,1,1,1,0,1,1,0,0.6761698,1,Late,High Risk
10605,0,2,4,2,238,3,1,0,3,5265,1,1,1,0,1,1,1,0.6709644,1,Late,High Risk
10606,1,2,5,2,254,3,1,0,9,5714,1,1,1,0,1,1,1,0.6521215,1,Late,High Risk
10607,2,2,4,4,209,3,0,0,5,5979,0,1,1,0,0,1,0,0.67134595,1,Late,High Risk
10608,4,2,4,3,245,4,2,0,5,4660,0,1,1,0,1,1,0,0.63456815,1,Late,High Risk
10609,3,2,3,1,133,3,1,0,10,5640,0,0,1,0,0,1,1,0.7972657,1,Late,High Risk
10610,4,2,4,4,233,2,0,0,1,5320,0,1,1,0,1,0,0,0.7625255,1,Late,High Risk
10611,0,2,3,1,257,4,1,1,8,4692,1,0,1,0,1,1,1,0.6065057,1,Late,High Risk
10612,1,2,5,3,262,5,1,1,7,4157,0,1,1,0,1,1,0,0.6585029,1,Late,High Risk
10613,2,2,5,2,252,3,1,1,6,4013,1,1,1,0,1,1,1,0.5970458,1,Late,Medium Risk
10614,4,2,3,3,231,3,1,0,3,4649,1,0,1,0,1,1,0,0.536144,1,Late,Medium Risk
10615,3,2,3,5,228,4,1,0,7,4068,1,0,1,0,1,1,0,0.5402651,1,Late,Medium Risk
10616,4,2,3,2,100,4,1,0,10,5163,0,0,1,0,0,1,1,0.64640856,1,Late,High Risk
10617,0,2,4,2,253,3,2,0,7,5813,1,1,1,0,1,1,1,0.65265626,1,Late,High Risk
10618,1,2,3,4,160,3,2,1,3,5662,0,0,1,0,0,1,0,0.78320754,1,Late,High Risk
10619,2,2,6,3,153,6,2,0,7,4975,1,1,1,0,0,1,0,0.4168274,0,On Time,Medium Risk
10620,4,2,4,1,270,2,1,1,4,4369,0,1,1,0,1,0,1,0.7145844,1,Late,High Risk
10621,3,2,4,3,156,3,2,0,8,4701,1,1,1,0,0,1,0,0.53409106,1,Late,Medium Risk
10622,4,2,4,1,132,2,2,1,1,5025,1,1,1,0,0,0,1,0.57455516,1,Late,Medium Risk
10623,0,2,5,5,98,2,2,1,2,4125,1,1,1,0,0,0,0,0.49774253,0,On Time,Medium Risk
10624,1,2,5,5,161,3,0,0,7,5338,1,1,1,0,0,1,0,0.50411767,1,Late,Medium Risk
10625,2,2,4,1,258,3,2,1,10,5916,0,1,1,0,1,1,1,0.76323336,1,Late,High Risk
10626,4,2,3,2,228,2,2,1,2,5640,0,0,1,0,1,0,1,0.7591289,1,Late,High Risk
10627,3,2,5,4,180,2,1,0,9,5208,0,1,1,0,0,0,0,0.7460271,1,Late,High Risk
10628,4,2,3,5,136,3,2,0,7,4147,0,0,1,0,0,1,0,0.6345894,1,Late,High Risk
10629,0,2,3,3,228,2,1,1,5,4470,0,0,1,0,1,0,0,0.60167575,1,Late,High Risk
10630,1,2,4,5,274,4,1,1,3,5145,0,1,1,0,1,1,0,0.74066037,1,Late,High Risk
10631,2,2,3,2,208,2,1,0,6,5344,0,0,1,0,0,0,1,0.77352124,1,Late,High Risk
10632,4,2,4,2,230,3,0,0,5,5888,0,1,1,0,1,1,1,0.7662083,1,Late,High Risk
10633,3,2,2,3,273,4,1,1,3,5079,0,0,1,0,1,1,0,0.79076654,1,Late,High Risk
10634,4,2,5,1,253,2,2,1,3,5159,1,1,1,0,1,0,1,0.7081982,1,Late,High Risk
10635,0,2,3,1,241,3,1,0,10,4120,0,0,1,0,1,1,1,0.61640215,1,Late,High Risk
10636,1,2,4,2,205,2,2,1,10,4641,1,1,1,0,0,0,1,0.7259372,1,Late,High Risk
10637,2,2,5,5,132,3,1,0,2,5552,0,1,1,0,0,1,0,0.677069,1,Late,High Risk
10638,4,2,5,4,151,3,1,0,10,4611,0,1,1,0,0,1,0,0.687012,1,Late,High Risk
10639,3,2,4,3,163,4,2,1,5,5593,0,1,1,0,0,1,0,0.7406159,1,Late,High Risk
10640,4,2,3,3,176,8,2,0,1,4895,1,0,1,0,0,1,0,0.5519741,1,Late,Medium Risk
10641,0,2,3,5,169,3,1,1,1,4636,1,0,1,0,0,1,0,0.72672635,1,Late,High Risk
10642,1,2,3,4,133,4,1,0,10,4571,0,0,1,0,0,1,0,0.89404386,1,Late,High Risk
10643,2,2,5,3,184,5,1,1,3,5219,1,1,1,0,0,1,0,0.71933496,1,Late,High Risk
10644,4,2,2,4,258,3,2,1,3,4811,0,0,1,0,1,1,0,0.6647634,1,Late,High Risk
10645,3,2,2,2,237,5,1,0,6,4622,1,0,1,0,1,1,1,0.6845132,1,Late,High Risk
10646,4,2,4,3,260,3,2,0,4,5770,1,1,1,0,1,1,0,0.55553603,1,Late,Medium Risk
10647,0,2,3,2,159,2,2,1,8,4326,0,0,1,0,0,0,1,0.72268647,1,Late,High Risk
10648,1,2,3,3,223,10,1,0,7,4273,1,0,1,0,1,1,0,0.65300894,1,Late,High Risk
10649,2,2,3,3,207,10,1,0,7,4423,0,0,1,0,0,1,0,0.729512,1,Late,High Risk
10650,4,2,4,5,261,10,1,1,7,5208,0,1,1,0,1,1,0,0.7000869,1,Late,High Risk
10651,3,2,4,4,239,3,2,0,7,5297,1,1,1,0,1,1,0,0.55175006,1,Late,Medium Risk
10652,4,2,3,4,222,3,1,1,6,5819,0,0,1,0,1,1,0,0.78863317,1,Late,High Risk
10653,0,2,3,2,143,4,1,0,3,5845,0,0,1,0,0,1,1,0.73110443,1,Late,High Risk
10654,1,2,2,2,157,3,2,0,9,4547,1,0,1,0,0,1,1,0.6878088,1,Late,High Risk
10655,2,2,5,1,251,4,1,1,1,5011,1,1,1,0,1,1,1,0.6493032,1,Late,High Risk
10656,4,2,4,4,255,6,1,1,5,1708,1,1,1,1,1,1,0,0.51785594,1,Late,Medium Risk
10657,3,2,2,5,277,3,2,1,6,1032,0,0,1,1,1,1,0,0.47428533,0,On Time,Medium Risk
10658,4,2,4,5,267,5,1,1,7,1983,0,1,1,1,1,1,0,0.4993075,0,On Time,Medium Risk
10659,0,2,5,4,260,5,1,0,2,1178,1,1,1,1,1,1,0,0.6297242,1,Late,High Risk
10660,1,1,4,4,259,5,1,0,5,1065,1,1,1,1,1,1,0,0.6088094,1,Late,High Risk
10661,2,1,5,1,257,5,2,0,8,1128,1,1,1,1,1,1,1,0.5837208,1,Late,Medium Risk
10662,4,1,5,1,228,5,1,0,4,1316,0,1,1,1,1,1,1,0.77363074,1,Late,High Risk
10663,3,1,5,2,255,6,1,1,6,1610,0,1,1,1,1,1,1,0.61919516,1,Late,High Risk
10664,4,1,5,4,262,6,1,1,3,1700,0,1,1,1,1,1,0,0.6596594,1,Late,High Risk
10665,0,1,5,2,262,5,2,1,1,1483,0,1,1,1,1,1,1,0.65496206,1,Late,High Risk
10666,1,1,5,1,241,5,1,0,1,1146,0,1,1,1,1,1,1,0.660234,1,Late,High Risk
10667,2,1,4,5,262,6,2,1,1,1249,0,1,1,1,1,1,0,0.728711,1,Late,High Risk
10668,4,1,4,3,263,6,2,1,8,1123,1,1,1,1,1,1,0,0.5406679,1,Late,Medium Risk
10669,3,1,4,4,233,5,1,0,10,1173,1,1,1,1,1,1,0,0.69189066,1,Late,High Risk
10670,4,1,5,2,221,5,1,0,2,1855,0,1,1,1,1,1,1,0.72768134,1,Late,High Risk
10671,0,1,5,3,254,5,1,1,10,1501,1,1,1,1,1,1,0,0.70095116,1,Late,High Risk
10672,1,1,3,1,236,4,2,0,10,1551,0,0,1,1,1,1,1,0.71727824,1,Late,High Risk
10673,2,1,5,2,258,5,0,1,6,1059,0,1,1,1,1,1,1,0.62367857,1,Late,High Risk
10674,4,1,4,2,223,5,2,1,3,1395,1,1,1,1,1,1,1,0.781677,1,Late,High Risk
10675,3,1,3,4,208,2,1,0,3,5811,1,0,1,0,0,0,0,0.6578958,1,Late,High Risk
10676,4,1,4,3,230,3,0,0,1,5114,1,1,1,0,1,1,0,0.64768374,1,Late,High Risk
10677,0,1,2,4,273,4,1,0,7,4743,1,0,1,0,1,1,0,0.6610552,1,Late,High Risk
10678,1,1,5,2,253,2,2,0,9,5530,0,1,1,0,1,0,1,0.6742704,1,Late,High Risk
10679,2,1,3,3,241,3,1,0,6,5261,0,0,1,0,1,1,0,0.579821,1,Late,Medium Risk
10680,4,1,4,4,205,2,2,0,8,5876,0,1,1,0,0,0,0,0.6424777,1,Late,High Risk
10681,3,1,5,3,132,3,1,1,7,4462,1,1,1,0,0,1,0,0.4652566,0,On Time,Medium Risk
10682,4,0,5,4,151,3,1,0,4,5522,0,1,1,0,0,1,0,0.7558751,1,Late,High Risk
10683,0,0,4,2,163,4,2,0,5,5751,0,1,1,0,0,1,1,0.71577495,1,Late,High Risk
10684,1,0,3,3,176,8,2,1,10,4376,1,0,1,0,0,1,0,0.6570102,1,Late,High Risk
10685,2,0,3,5,169,3,1,0,4,5659,0,0,1,0,0,1,0,0.77877706,1,Late,High Risk
10686,4,0,3,5,133,4,1,1,10,4151,0,0,1,0,0,1,0,0.826125,1,Late,High Risk
10687,3,0,5,4,184,5,1,0,5,4782,0,1,1,0,0,1,0,0.67867,1,Late,High Risk
10688,4,0,2,4,258,3,2,1,7,5736,0,0,1,0,1,1,0,0.5873185,1,Late,Medium Risk
10689,0,0,2,2,237,5,1,1,8,4461,0,0,1,0,1,1,1,0.7500831,1,Late,High Risk
10690,1,0,4,1,260,3,2,1,6,4816,0,1,1,0,1,1,1,0.58179367,1,Late,Medium Risk
10691,2,0,3,3,159,2,2,0,6,5269,0,0,1,0,0,0,0,0.6934814,1,Late,High Risk
10692,4,0,3,4,223,10,1,0,9,4337,0,0,1,0,1,1,0,0.69197613,1,Late,High Risk
10693,3,0,3,4,207,10,1,0,6,5856,0,0,1,0,0,1,0,0.78194535,1,Late,High Risk
10694,4,0,4,3,261,10,1,0,6,4347,1,1,1,0,1,1,0,0.5597779,1,Late,Medium Risk
10695,0,0,4,3,239,3,2,1,7,5511,1,1,1,0,1,1,0,0.42973617,0,On Time,Medium Risk
10696,1,0,3,5,222,3,1,0,10,5185,1,0,1,0,1,1,0,0.56843996,1,Late,Medium Risk
10697,2,0,3,1,143,4,1,1,6,5474,0,0,1,0,0,1,1,0.79266614,1,Late,High Risk
10698,4,0,2,5,157,3,2,0,4,4888,0,0,1,0,0,1,0,0.7288455,1,Late,High Risk
10699,3,0,5,4,251,4,1,1,8,4190,1,1,1,0,1,1,0,0.6291609,1,Late,High Risk
10700,4,0,4,4,255,6,1,0,9,1322,0,1,1,1,1,1,0,0.71042156,1,Late,High Risk
10701,0,0,2,5,277,3,2,0,6,1057,0,0,1,1,1,1,0,0.3156728,0,On Time,Medium Risk
10702,1,0,4,2,267,5,1,0,2,1876,0,1,1,1,1,1,1,0.58413595,1,Late,Medium Risk
10703,2,0,5,5,260,5,1,0,2,1128,0,1,1,1,1,1,0,0.6728692,1,Late,High Risk
10704,4,2,4,3,259,5,1,1,6,1867,1,1,1,1,1,1,0,0.5283867,1,Late,Medium Risk
10705,3,2,5,1,257,5,2,1,1,1619,0,1,1,1,1,1,1,0.5793966,1,Late,Medium Risk
10706,4,2,5,4,228,5,1,1,9,1044,0,1,1,1,1,1,0,0.74444866,1,Late,High Risk
10707,0,2,5,4,255,6,1,1,4,1255,1,1,1,1,1,1,0,0.4716331,0,On Time,Medium Risk
10708,1,2,5,2,262,6,1,0,7,1774,0,1,1,1,1,1,1,0.5491921,1,Late,Medium Risk
10709,2,2,5,1,262,5,2,0,9,1893,0,1,1,1,1,1,1,0.70032316,1,Late,High Risk
10710,4,2,5,1,241,5,1,0,5,1116,1,1,1,1,1,1,1,0.67992276,1,Late,High Risk
10711,3,2,4,2,262,6,2,0,2,1069,0,1,1,1,1,1,1,0.7599887,1,Late,High Risk
10712,4,2,4,3,263,6,2,1,10,1345,1,1,1,1,1,1,0,0.545802,1,Late,Medium Risk
10713,0,2,4,2,233,5,1,0,8,1097,0,1,1,1,1,1,1,0.7375049,1,Late,High Risk
10714,1,2,5,5,221,5,1,0,8,1123,1,1,1,1,1,1,0,0.6951088,1,Late,High Risk
10715,2,2,5,4,254,5,1,1,10,1350,0,1,1,1,1,1,0,0.70475984,1,Late,High Risk
10716,4,2,5,2,254,5,2,0,4,1926,0,1,1,1,1,1,1,0.72260183,1,Late,High Risk
10717,3,2,5,2,224,5,1,0,2,1022,0,1,1,1,1,1,1,0.72288805,1,Late,High Risk
10718,4,2,4,3,225,5,1,0,10,1310,0,1,1,1,1,1,0,0.708903,1,Late,High Risk
10719,0,2,5,2,246,5,1,0,4,1072,1,1,1,1,1,1,1,0.6634031,1,Late,High Risk
10720,1,2,5,5,221,6,2,1,6,1429,0,1,1,1,1,1,0,0.62019414,1,Late,High Risk
10721,2,2,4,3,257,5,2,0,9,1080,0,1,1,1,1,1,0,0.6440782,1,Late,High Risk
10722,4,2,5,1,234,5,2,1,8,1837,0,1,1,1,1,1,1,0.7699258,1,Late,High Risk
10723,3,2,4,1,216,6,1,1,9,1678,1,1,1,1,1,1,1,0.6132605,1,Late,High Risk
10724,4,2,5,5,221,5,1,1,7,1958,1,1,1,1,1,1,0,0.61221313,1,Late,High Risk
10725,0,2,4,2,249,5,1,1,2,1195,0,1,1,1,1,1,1,0.6385928,1,Late,High Risk
10726,1,2,5,5,240,5,1,1,8,1750,1,1,1,1,1,1,0,0.6670182,1,Late,High Risk
10727,2,2,5,1,219,5,1,1,8,1419,1,1,1,1,1,1,1,0.6385756,1,Late,High Risk
10728,4,2,5,4,219,5,1,1,10,1363,1,1,1,1,1,1,0,0.7846596,1,Late,High Risk
10729,3,2,3,2,278,4,2,1,7,1879,0,0,1,1,1,1,1,0.7224966,1,Late,High Risk
10730,4,2,5,4,232,5,2,1,5,1861,0,1,1,1,1,1,0,0.7311993,1,Late,High Risk
10731,0,2,4,1,253,5,1,0,1,1235,0,1,1,1,1,1,1,0.65116745,1,Late,High Risk
10732,1,2,4,3,253,5,1,0,10,1464,0,1,1,1,1,1,0,0.71381325,1,Late,High Risk
10733,2,2,4,1,261,5,1,0,6,1129,0,1,1,1,1,1,1,0.56966734,1,Late,Medium Risk
10734,4,2,5,1,251,6,1,0,5,1827,0,1,1,1,1,1,1,0.5377599,1,Late,Medium Risk
10735,3,2,5,5,275,5,1,1,4,1646,0,1,1,1,1,1,0,0.6216097,1,Late,High Risk
10736,4,2,4,4,229,6,2,0,8,1175,0,1,1,1,1,1,0,0.7792274,1,Late,High Risk
10737,0,2,5,3,257,5,2,0,10,1812,0,1,1,1,1,1,0,0.6463993,1,Late,High Risk
10738,1,2,5,3,229,5,1,0,1,1424,0,1,1,1,1,1,0,0.52723324,1,Late,Medium Risk
10739,2,2,4,1,255,5,2,0,1,1918,1,1,1,1,1,1,1,0.598508,1,Late,Medium Risk
10740,4,2,5,3,242,5,1,0,9,1716,0,1,1,1,1,1,0,0.67438895,1,Late,High Risk
10741,3,2,4,3,192,4,1,0,3,1406,1,1,1,1,0,1,0,0.29075232,0,On Time,Low Risk
10742,4,2,5,3,218,5,2,0,4,1433,0,1,1,1,1,1,0,0.7502053,1,Late,High Risk
10743,0,2,5,3,219,6,1,0,9,1019,0,1,1,1,1,1,0,0.8221545,1,Late,High Risk
10744,1,2,5,1,261,5,2,1,3,1644,1,1,1,1,1,1,1,0.5569742,1,Late,Medium Risk
10745,2,2,5,4,236,5,2,0,7,1017,0,1,1,1,1,1,0,0.69094723,1,Late,High Risk
10746,4,2,5,1,257,6,1,1,2,1258,1,1,1,1,1,1,1,0.52090603,1,Late,Medium Risk
10747,3,2,4,4,252,5,2,1,1,1539,1,1,1,1,1,1,0,0.5301773,1,Late,Medium Risk
10748,4,2,4,2,232,5,2,0,3,1500,0,1,1,1,1,1,1,0.76248336,1,Late,High Risk
10749,0,2,5,4,229,5,1,1,9,1069,1,1,1,1,1,1,0,0.5561826,1,Late,Medium Risk
10750,1,2,3,1,202,3,2,1,5,1556,1,0,1,1,0,1,1,0.19638048,0,On Time,Low Risk
10751,2,2,4,5,228,5,2,0,4,1618,0,1,1,1,1,1,0,0.6564861,1,Late,High Risk
10752,4,2,5,5,244,6,1,0,1,1222,0,1,1,1,1,1,0,0.5960786,1,Late,Medium Risk
10753,3,2,5,1,260,5,1,1,4,1257,0,1,1,1,1,1,1,0.58178,1,Late,Medium Risk
10754,4,2,4,5,245,5,1,1,8,1841,0,1,1,1,1,1,0,0.6312792,1,Late,High Risk
10755,0,2,5,5,227,5,2,1,5,1186,0,1,1,1,1,1,0,0.7860047,1,Late,High Risk
10756,1,2,4,1,300,5,2,1,6,1027,0,1,1,1,1,1,1,0.81259245,1,Late,High Risk
10757,2,2,2,4,160,5,1,0,3,1645,0,0,1,1,0,1,0,0.5763511,1,Late,Medium Risk
10758,4,2,5,4,274,5,1,1,6,1969,0,1,1,1,1,1,0,0.60166615,1,Late,High Risk
10759,3,2,4,4,260,5,1,0,5,1952,1,1,1,1,1,1,0,0.53777397,1,Late,Medium Risk
10760,4,2,4,3,253,5,1,1,6,1367,1,1,1,1,1,1,0,0.6658968,1,Late,High Risk
10761,0,2,4,5,218,5,1,1,8,1574,1,1,1,1,1,1,0,0.66266614,1,Late,High Risk
10762,1,2,5,1,220,5,1,0,4,1156,1,1,1,1,1,1,1,0.72006196,1,Late,High Risk
10763,2,2,5,2,253,5,2,1,6,1326,0,1,1,1,1,1,1,0.75436175,1,Late,High Risk
10764,4,2,5,1,259,5,1,0,7,1871,1,1,1,1,1,1,1,0.57303077,1,Late,Medium Risk
10765,3,2,5,1,235,5,1,1,4,1259,1,1,1,1,1,1,1,0.7181756,1,Late,High Risk
10766,4,2,5,1,274,5,1,0,2,1558,1,1,1,1,1,1,1,0.6055314,1,Late,High Risk
10767,0,2,5,2,264,5,2,1,4,1318,0,1,1,1,1,1,1,0.7493411,1,Late,High Risk
10768,1,2,4,2,258,5,2,0,1,1010,0,1,1,1,1,1,1,0.7992748,1,Late,High Risk
10769,2,2,4,1,237,5,2,1,5,1154,1,1,1,1,1,1,1,0.7007512,1,Late,High Risk
10770,4,2,4,1,273,6,2,1,1,1826,0,1,1,1,1,1,1,0.6443286,1,Late,High Risk
10771,3,2,4,1,249,6,2,1,7,1415,1,1,1,1,1,1,1,0.42346987,0,On Time,Medium Risk
10772,4,2,4,1,250,6,2,0,7,1292,0,1,1,1,1,1,1,0.5966198,1,Late,Medium Risk
10773,0,2,4,4,229,5,2,0,7,1716,1,1,1,1,1,1,0,0.6014363,1,Late,High Risk
10774,1,2,5,4,223,5,1,0,2,1713,0,1,1,1,1,1,0,0.58275366,1,Late,Medium Risk
10775,2,2,4,1,272,5,2,0,1,1149,0,1,1,1,1,1,1,0.7283261,1,Late,High Risk
10776,4,2,5,3,230,5,1,1,7,1996,0,1,1,1,1,1,0,0.47553605,0,On Time,Medium Risk
10777,3,2,5,2,226,6,1,0,5,1981,1,1,1,1,1,1,1,0.5714488,1,Late,Medium Risk
10778,4,2,5,5,263,5,2,0,1,1114,1,1,1,1,1,1,0,0.6495982,1,Late,High Risk
10779,0,2,4,5,243,5,1,1,7,1243,1,1,1,1,1,1,0,0.639249,1,Late,High Risk
10780,1,2,5,2,269,5,2,0,9,1165,0,1,1,1,1,1,1,0.67285234,1,Late,High Risk
10781,2,2,4,4,234,5,1,1,7,1871,0,1,1,1,1,1,0,0.6231142,1,Late,High Risk
10782,4,2,4,2,267,5,2,0,2,1307,1,1,1,1,1,1,1,0.74728596,1,Late,High Risk
10783,3,2,2,1,240,2,1,1,8,1144,1,0,1,1,1,0,1,0.30108196,0,On Time,Medium Risk
10784,4,2,5,1,247,5,2,0,8,1842,1,1,1,1,1,1,1,0.6945031,1,Late,High Risk
10785,0,2,5,3,137,4,1,0,2,1034,0,1,1,1,0,1,0,0.3538229,0,On Time,Medium Risk
10786,1,2,5,1,248,5,2,0,5,1861,0,1,1,1,1,1,1,0.6519127,1,Late,High Risk
10787,2,2,5,5,222,6,1,0,3,1861,0,1,1,1,1,1,0,0.5676633,1,Late,Medium Risk
10788,4,2,4,2,169,3,2,0,7,1897,0,1,1,1,0,1,1,0.2415444,0,On Time,Low Risk
10789,3,2,4,3,241,5,1,1,6,1324,0,1,1,1,1,1,0,0.6949077,1,Late,High Risk
10790,4,2,6,3,136,3,1,0,10,1826,0,1,1,1,0,1,0,0.5114881,1,Late,Medium Risk
10791,0,2,4,4,224,5,2,0,5,1184,0,1,1,1,1,1,0,0.77162063,1,Late,High Risk
10792,1,2,4,2,259,5,2,1,7,1042,1,1,1,1,1,1,1,0.6001916,1,Late,High Risk
10793,2,2,6,1,260,3,1,0,4,1338,1,1,1,1,1,1,1,0.3950347,0,On Time,Medium Risk
10794,4,2,4,2,217,5,2,1,10,1744,0,1,1,1,1,1,1,0.7395291,1,Late,High Risk
10795,3,2,5,5,224,5,1,0,7,1505,0,1,1,1,1,1,0,0.6340795,1,Late,High Risk
10796,4,2,4,3,232,5,2,0,8,1265,0,1,1,1,1,1,0,0.7615623,1,Late,High Risk
10797,0,1,3,5,156,4,1,0,6,1015,0,0,1,1,0,1,0,0.75415707,1,Late,High Risk
10798,1,1,4,2,251,6,1,0,3,1297,0,1,1,1,1,1,1,0.6690447,1,Late,High Risk
10799,2,1,4,2,253,5,2,0,9,1438,0,1,1,1,1,1,1,0.79273623,1,Late,High Risk
10800,4,1,4,3,245,6,2,1,2,1727,1,1,1,1,1,1,0,0.6458979,1,Late,High Risk
10801,3,1,5,5,253,6,1,0,1,1300,0,1,1,1,1,1,0,0.74704975,1,Late,High Risk
10802,4,1,5,3,234,5,1,1,7,1691,1,1,1,1,1,1,0,0.7404474,1,Late,High Risk
10803,0,1,4,5,229,5,1,0,3,1954,0,1,1,1,1,1,0,0.61809707,1,Late,High Risk
10804,1,1,5,2,250,5,1,0,9,1897,0,1,1,1,1,1,1,0.7665339,1,Late,High Risk
10805,2,1,4,3,268,5,2,1,7,1932,1,1,1,1,1,1,0,0.57066256,1,Late,Medium Risk
10806,4,1,5,5,269,5,2,0,3,1120,0,1,1,1,1,1,0,0.7765957,1,Late,High Risk
10807,3,1,5,3,242,5,1,1,3,1276,1,1,1,1,1,1,0,0.58733934,1,Late,Medium Risk
10808,4,1,5,5,223,6,2,0,10,1711,0,1,1,1,1,1,0,0.6723266,1,Late,High Risk
10809,0,1,2,4,155,5,1,1,9,1740,1,0,1,1,0,1,0,0.3890465,0,On Time,Medium Risk
10810,1,1,4,2,220,6,2,1,10,1878,1,1,1,1,1,1,1,0.6346595,1,Late,High Risk
10811,2,1,4,3,256,3,2,1,3,4480,0,1,1,0,1,1,0,0.5474825,1,Late,Medium Risk
10812,4,1,5,1,162,3,1,0,4,5869,1,1,1,0,0,1,1,0.6336894,1,Late,High Risk
10813,3,1,3,3,139,3,1,0,7,5199,1,0,1,0,0,1,0,0.6080926,1,Late,High Risk
10814,4,1,4,3,207,3,2,0,5,4847,1,1,1,0,0,1,0,0.5856646,1,Late,Medium Risk
10815,0,1,5,1,174,5,2,0,6,4677,0,1,1,0,0,1,1,0.7721616,1,Late,High Risk
10816,1,1,3,2,216,2,1,0,1,4350,1,0,1,0,1,0,1,0.5781475,1,Late,Medium Risk
10817,2,1,3,3,176,3,2,1,9,5575,0,0,1,0,0,1,0,0.657167,1,Late,High Risk
10818,4,1,4,3,223,2,1,0,3,5765,1,1,1,0,1,0,0,0.56959933,1,Late,Medium Risk
10819,3,0,4,1,135,4,1,0,5,5934,0,1,1,0,0,1,1,0.70908874,1,Late,High Risk
10820,4,0,4,4,249,3,2,0,4,5809,1,1,1,0,1,1,0,0.48594016,0,On Time,Medium Risk
10821,0,0,4,1,157,5,1,1,10,4871,0,1,1,0,0,1,1,0.71850216,1,Late,High Risk
10822,1,0,3,1,102,3,2,1,9,4459,1,0,1,0,0,1,1,0.6186167,1,Late,High Risk
10823,2,0,3,3,197,3,2,1,8,4568,0,0,1,0,0,1,0,0.6402556,1,Late,High Risk
10824,4,0,5,5,203,2,1,1,10,4790,1,1,1,0,0,0,0,0.62589014,1,Late,High Risk
10825,3,0,5,1,244,2,2,1,6,5217,0,1,1,0,1,0,1,0.6673249,1,Late,High Risk
10826,4,0,4,4,258,3,2,1,8,5324,1,1,1,0,1,1,0,0.5292341,1,Late,Medium Risk
10827,0,0,4,5,167,2,1,0,10,5067,0,1,1,0,0,0,0,0.66193634,1,Late,High Risk
10828,1,0,6,5,225,3,2,1,10,4972,0,1,1,0,1,1,0,0.6661793,1,Late,High Risk
10829,2,0,3,3,192,3,0,0,4,4339,1,0,1,0,0,1,0,0.38760653,0,On Time,Medium Risk
10830,4,0,4,4,199,4,0,1,1,4163,1,1,1,0,0,1,0,0.46719876,0,On Time,Medium Risk
10831,3,0,5,5,142,4,1,1,5,5749,0,1,1,0,0,1,0,0.6651375,1,Late,High Risk
10832,4,0,5,4,145,2,1,1,2,4753,0,1,1,0,0,0,0,0.7137082,1,Late,High Risk
10833,0,0,3,1,148,4,1,1,9,5536,0,0,1,0,0,1,1,0.7840646,1,Late,High Risk
10834,1,0,6,5,258,5,1,0,1,5376,0,1,1,0,1,1,0,0.5423688,1,Late,Medium Risk
10835,2,0,2,4,114,5,0,1,3,4423,0,0,1,0,0,1,0,0.7611362,1,Late,High Risk
10836,4,0,5,4,143,2,1,0,8,5291,0,1,1,0,0,0,0,0.6318612,1,Late,High Risk
10837,3,0,6,4,186,2,1,1,5,4851,1,1,1,0,0,0,0,0.7276341,1,Late,High Risk
10838,4,0,3,4,212,2,1,1,7,4742,0,0,1,0,0,0,0,0.7145022,1,Late,High Risk
10839,0,0,4,2,145,3,2,1,1,5400,0,1,1,0,0,1,1,0.7568712,1,Late,High Risk
10840,1,0,4,3,148,3,2,1,8,4240,1,1,1,0,0,1,0,0.65142083,1,Late,High Risk
10841,2,2,3,1,139,2,2,1,2,4534,0,0,1,0,0,0,1,0.7952166,1,Late,High Risk
10842,4,2,3,5,169,2,2,0,4,4466,1,0,1,0,0,0,0,0.6876207,1,Late,High Risk
10843,3,2,5,5,251,2,2,0,5,5178,1,1,1,0,1,0,0,0.71958065,1,Late,High Risk
10844,4,2,4,1,154,2,1,1,1,5578,0,1,1,0,0,0,1,0.7388325,1,Late,High Risk
10845,0,2,5,2,150,3,2,0,7,5980,0,1,1,0,0,1,1,0.7887884,1,Late,High Risk
10846,1,2,4,5,272,4,2,0,9,5034,1,1,1,0,1,1,0,0.67886245,1,Late,High Risk
10847,2,2,4,4,197,2,1,0,7,4684,0,1,1,0,0,0,0,0.64878213,1,Late,High Risk
10848,4,2,4,1,169,2,1,1,2,5702,1,1,1,0,0,0,1,0.7079003,1,Late,High Risk
10849,3,2,3,2,201,4,2,1,10,5565,0,0,1,0,0,1,1,0.7905539,1,Late,High Risk
10850,4,2,3,4,168,3,2,0,3,5303,1,0,1,0,0,1,0,0.63391304,1,Late,High Risk
10851,0,2,4,1,202,3,1,1,7,4788,0,1,1,0,0,1,1,0.70008475,1,Late,High Risk
10852,1,2,5,1,241,4,2,1,7,5519,1,1,1,0,1,1,1,0.55452514,1,Late,Medium Risk
10853,2,2,5,5,152,4,1,0,10,5913,1,1,1,0,0,1,0,0.80306685,1,Late,High Risk
10854,4,2,5,3,139,2,2,0,3,5261,0,1,1,0,0,0,0,0.74816775,1,Late,High Risk
10855,3,2,5,5,204,5,2,0,10,4251,0,1,1,0,0,1,0,0.7722457,1,Late,High Risk
10856,4,2,3,3,198,2,1,1,7,4996,1,0,1,0,0,0,0,0.7066815,1,Late,High Risk
10857,0,2,6,5,206,2,1,0,6,5646,1,1,1,0,0,0,0,0.795271,1,Late,High Risk
10858,1,2,3,4,231,6,2,0,3,5910,1,0,1,0,1,1,0,0.5433417,1,Late,Medium Risk
10859,2,2,3,1,166,3,2,1,4,4716,0,0,1,0,0,1,1,0.64001065,1,Late,High Risk
10860,4,2,3,1,125,3,2,1,9,5489,0,0,1,0,0,1,1,0.5830091,1,Late,Medium Risk
10861,3,2,5,3,237,3,0,1,7,4208,1,1,1,0,1,1,0,0.52503663,1,Late,Medium Risk
10862,4,2,4,1,145,3,2,0,7,4386,1,1,1,0,0,1,1,0.684267,1,Late,High Risk
10863,0,2,6,4,242,3,2,1,9,5920,0,1,1,0,1,1,0,0.77042764,1,Late,High Risk
10864,1,2,4,2,261,3,1,1,4,5345,1,1,1,0,1,1,1,0.512285,1,Late,Medium Risk
10865,2,2,5,3,148,3,1,1,7,4714,0,1,1,0,0,1,0,0.6522783,1,Late,High Risk
10866,4,2,3,3,148,4,1,0,2,5557,0,0,1,0,0,1,0,0.81586707,1,Late,High Risk
10867,3,2,4,3,185,2,1,1,3,5914,1,1,1,0,0,0,0,0.6121405,1,Late,High Risk
10868,4,2,4,3,195,3,1,1,7,4915,1,1,1,0,0,1,0,0.6323476,1,Late,High Risk
10869,0,2,4,4,219,3,2,1,10,4947,0,1,1,0,1,1,0,0.6653199,1,Late,High Risk
10870,1,2,4,2,146,3,2,1,7,4381,1,1,1,0,0,1,1,0.6689811,1,Late,High Risk
10871,2,2,4,3,125,4,2,1,7,4203,1,1,1,0,0,1,0,0.634757,1,Late,High Risk
10872,4,2,3,5,205,4,1,0,9,4819,1,0,1,0,0,1,0,0.6890768,1,Late,High Risk
10873,3,2,3,4,177,2,2,1,3,4240,1,0,1,0,0,0,0,0.7139311,1,Late,High Risk
10874,4,2,5,1,190,2,1,1,9,5226,0,1,1,0,0,0,1,0.8047911,1,Late,High Risk
10875,0,2,3,3,137,4,1,1,6,4803,1,0,1,0,0,1,0,0.6375931,1,Late,High Risk
10876,1,2,3,2,255,3,2,0,8,4471,0,0,1,0,1,1,1,0.62737703,1,Late,High Risk
10877,2,2,3,3,141,2,1,1,2,5923,0,0,1,0,0,0,0,0.7038977,1,Late,High Risk
10878,4,2,4,4,151,2,1,1,8,5724,0,1,1,0,0,0,0,0.6982221,1,Late,High Risk
10879,3,2,3,5,272,2,2,1,6,4652,0,0,1,0,1,0,0,0.7031629,1,Late,High Risk
10880,4,2,5,3,265,2,1,0,4,4641,1,1,1,0,1,0,0,0.6190167,1,Late,High Risk
10881,0,2,3,4,148,3,1,1,1,4387,0,0,1,0,0,1,0,0.70238364,1,Late,High Risk
10882,1,2,3,2,123,4,1,0,10,5891,0,0,1,0,0,1,1,0.88181657,1,Late,High Risk
10883,2,2,5,2,244,2,2,0,4,4992,1,1,1,0,1,0,1,0.57994616,1,Late,Medium Risk
10884,4,2,3,4,181,4,2,0,3,5163,1,0,1,0,0,1,0,0.7007325,1,Late,High Risk
10885,3,2,4,4,221,3,2,1,5,4024,0,1,1,0,1,1,0,0.5384092,1,Late,Medium Risk
10886,4,2,4,4,177,5,2,1,7,4070,1,1,1,0,0,1,0,0.4727771,0,On Time,Medium Risk
10887,0,2,4,2,226,2,1,0,2,4332,0,1,1,0,1,0,1,0.6695827,1,Late,High Risk
10888,1,2,4,1,275,3,2,0,7,5382,1,1,1,0,1,1,1,0.5046774,1,Late,Medium Risk
10889,2,2,4,4,192,2,1,1,1,4429,0,1,1,0,0,0,0,0.6225575,1,Late,High Risk
10890,4,2,5,5,243,2,2,0,5,4709,0,1,1,0,1,0,0,0.7183023,1,Late,High Risk
10891,3,2,4,3,188,4,2,1,7,4024,1,1,1,0,0,1,0,0.4303592,0,On Time,Medium Risk
10892,4,2,3,3,149,2,2,0,2,5311,0,0,1,0,0,0,0,0.80756164,1,Late,High Risk
10893,0,2,4,5,167,2,1,0,7,5800,0,1,1,0,0,0,0,0.75880665,1,Late,High Risk
10894,1,2,4,2,211,3,1,1,4,5989,0,1,1,0,0,1,1,0.7106782,1,Late,High Risk
10895,2,2,3,2,248,3,2,1,8,5171,0,0,1,0,1,1,1,0.6225465,1,Late,High Risk
10896,4,2,6,3,244,3,2,1,4,5277,1,1,1,0,1,1,0,0.5218846,1,Late,Medium Risk
10897,3,2,4,1,133,4,1,0,10,5258,0,1,1,0,0,1,1,0.8422572,1,Late,High Risk
10898,4,2,4,3,242,2,1,1,9,4876,0,1,1,0,1,0,0,0.68107104,1,Late,High Risk
10899,0,2,4,1,222,2,0,1,3,5665,1,1,1,0,1,0,1,0.6624763,1,Late,High Risk
10900,1,2,2,1,229,3,2,1,9,5075,0,0,1,0,1,1,1,0.5638653,1,Late,Medium Risk
10901,2,2,5,5,196,4,2,1,8,4604,1,1,1,0,0,1,0,0.7229704,1,Late,High Risk
10902,4,2,4,4,201,2,2,1,7,4320,0,1,1,0,0,0,0,0.61413974,1,Late,High Risk
10903,3,2,5,3,210,3,2,1,9,5912,0,1,1,0,0,1,0,0.7151838,1,Late,High Risk
10904,4,2,3,5,241,4,1,0,9,5526,1,0,1,0,1,1,0,0.60451615,1,Late,High Risk
10905,0,2,4,2,218,2,1,1,4,4299,1,1,1,0,1,0,1,0.6525295,1,Late,High Risk
10906,1,2,2,2,210,3,2,0,10,4324,1,0,1,0,0,1,1,0.61603135,1,Late,High Risk
10907,2,2,4,1,261,3,1,0,3,4673,1,1,1,0,1,1,1,0.4573857,0,On Time,Medium Risk
10908,4,2,2,1,125,4,1,1,1,4097,1,0,1,0,0,1,1,0.34209612,0,On Time,Medium Risk
10909,3,2,4,1,192,4,0,1,10,4570,1,1,1,0,0,1,1,0.61272305,1,Late,High Risk
10910,4,2,4,2,229,4,1,1,8,5385,0,1,1,0,1,1,1,0.77748734,1,Late,High Risk
10911,0,2,5,5,264,8,0,0,10,5759,1,1,1,0,1,1,0,0.27958325,0,On Time,Low Risk
10912,1,2,4,5,227,10,1,1,7,4403,0,1,1,0,1,1,0,0.7158025,1,Late,High Risk
10913,2,2,4,2,258,3,2,0,9,4977,1,1,1,0,1,1,1,0.5565642,1,Late,Medium Risk
10914,4,2,3,2,164,4,2,0,10,4560,1,0,1,0,0,1,1,0.7713217,1,Late,High Risk
10915,3,2,4,1,261,4,2,0,6,4888,0,1,1,0,1,1,1,0.61687183,1,Late,High Risk
10916,4,2,4,4,220,10,2,0,7,4598,0,1,1,0,1,1,0,0.7794669,1,Late,High Risk
10917,0,2,5,1,224,5,1,1,1,1600,0,1,1,1,1,1,1,0.58446527,1,Late,Medium Risk
10918,1,2,4,1,225,5,1,1,3,1488,0,1,1,1,1,1,1,0.60685617,1,Late,High Risk
10919,2,2,5,3,246,5,1,1,2,1185,0,1,1,1,1,1,0,0.6497643,1,Late,High Risk
10920,4,2,5,1,221,6,2,0,7,1841,1,1,1,1,1,1,1,0.66813844,1,Late,High Risk
10921,3,2,4,4,257,5,2,0,9,1869,1,1,1,1,1,1,0,0.5715174,1,Late,Medium Risk
10922,4,2,5,1,234,5,2,0,9,1932,1,1,1,1,1,1,1,0.78003937,1,Late,High Risk
10923,0,2,4,4,216,6,1,1,10,1255,0,1,1,1,1,1,0,0.6537408,1,Late,High Risk
10924,1,2,5,5,221,5,1,0,3,1220,0,1,1,1,1,1,0,0.71141106,1,Late,High Risk
10925,2,2,4,2,249,5,1,1,1,1200,0,1,1,1,1,1,1,0.6243756,1,Late,High Risk
10926,4,2,5,1,240,5,1,1,10,1373,1,1,1,1,1,1,1,0.6890516,1,Late,High Risk
10927,3,2,5,3,219,5,1,0,6,1553,0,1,1,1,1,1,0,0.6740292,1,Late,High Risk
10928,4,2,5,3,219,5,1,1,7,1993,1,1,1,1,1,1,0,0.46876502,0,On Time,Medium Risk
10929,0,2,3,5,278,4,2,0,8,1785,0,0,1,1,1,1,0,0.73662645,1,Late,High Risk
10930,1,2,5,4,232,5,2,1,5,1337,0,1,1,1,1,1,0,0.75145566,1,Late,High Risk
10931,2,2,4,4,253,5,1,0,2,1709,0,1,1,1,1,1,0,0.55228776,1,Late,Medium Risk
10932,4,2,4,3,253,5,1,1,6,1366,1,1,1,1,1,1,0,0.6658968,1,Late,High Risk
10933,3,2,4,2,261,5,1,0,8,1235,1,1,1,1,1,1,1,0.55077493,1,Late,Medium Risk
10934,4,1,5,1,251,6,1,0,3,1562,0,1,1,1,1,1,1,0.59591323,1,Late,Medium Risk
10935,0,1,5,4,275,5,1,1,4,1522,1,1,1,1,1,1,0,0.63902086,1,Late,High Risk
10936,1,1,4,2,229,6,2,0,5,1689,0,1,1,1,1,1,1,0.67328537,1,Late,High Risk
10937,2,1,5,3,257,5,2,1,8,1981,1,1,1,1,1,1,0,0.5662749,1,Late,Medium Risk
10938,4,1,5,3,229,5,1,0,10,1951,0,1,1,1,1,1,0,0.6680975,1,Late,High Risk
10939,3,1,4,2,255,5,2,1,2,1186,1,1,1,1,1,1,1,0.6486873,1,Late,High Risk
10940,4,1,5,4,242,5,1,0,10,1365,0,1,1,1,1,1,0,0.70236146,1,Late,High Risk
10941,0,1,4,1,192,4,1,1,3,1689,0,1,1,1,0,1,1,0.39848578,0,On Time,Medium Risk
10942,1,1,5,1,218,5,2,1,8,1651,1,1,1,1,1,1,1,0.71933806,1,Late,High Risk
10943,2,1,5,1,219,6,1,0,2,1650,1,1,1,1,1,1,1,0.5902224,1,Late,Medium Risk
10944,4,1,5,3,261,5,2,1,10,1434,1,1,1,1,1,1,0,0.59488946,1,Late,Medium Risk
10945,3,1,5,4,236,5,2,0,4,1948,0,1,1,1,1,1,0,0.6926867,1,Late,High Risk
10946,4,1,5,2,257,6,1,1,3,1379,1,1,1,1,1,1,1,0.4832084,0,On Time,Medium Risk
10947,0,1,4,2,252,5,2,1,7,1134,1,1,1,1,1,1,1,0.6202862,1,Late,High Risk
10948,1,1,4,1,232,5,2,1,9,1145,0,1,1,1,1,1,1,0.81920016,1,Late,High Risk
10949,2,1,5,4,229,5,1,0,3,1861,1,1,1,1,1,1,0,0.6140685,1,Late,High Risk
10950,4,1,3,4,202,3,2,1,7,1946,0,0,1,1,0,1,0,0.28580508,0,On Time,Low Risk
10951,3,1,4,3,228,5,2,1,8,1753,1,1,1,1,1,1,0,0.63215744,1,Late,High Risk
10952,4,1,5,2,244,6,1,1,1,1199,0,1,1,1,1,1,1,0.681545,1,Late,High Risk
10953,0,1,5,1,260,5,1,0,3,1705,0,1,1,1,1,1,1,0.6613265,1,Late,High Risk
10954,1,1,4,1,245,5,1,1,3,1496,1,1,1,1,1,1,1,0.65064883,1,Late,High Risk
10955,2,1,4,1,261,3,1,0,8,5206,1,1,1,0,1,1,1,0.541583,1,Late,Medium Risk
10956,4,0,2,5,125,4,1,1,5,5866,0,0,1,0,0,1,0,0.75973606,1,Late,High Risk
10957,3,0,4,3,192,4,0,1,7,4949,0,1,1,0,0,1,0,0.43241772,0,On Time,Medium Risk
10958,4,0,4,3,229,4,1,0,7,4829,0,1,1,0,1,1,0,0.6342042,1,Late,High Risk
10959,0,0,5,2,264,8,0,1,2,5252,1,1,1,0,1,1,1,0.5489411,1,Late,Medium Risk
10960,1,0,4,2,227,10,1,0,10,4619,0,1,1,0,1,1,1,0.8753752,1,Late,High Risk
10961,2,0,4,4,258,3,2,1,4,4578,0,1,1,0,1,1,0,0.5547025,1,Late,Medium Risk
10962,4,0,3,2,164,4,2,1,6,5761,0,0,1,0,0,1,1,0.7120929,1,Late,High Risk
10963,3,0,4,1,261,4,2,0,7,5600,1,1,1,0,1,1,1,0.5206426,1,Late,Medium Risk
10964,4,0,4,5,220,10,2,1,8,4100,1,1,1,0,1,1,0,0.41556153,0,On Time,Medium Risk
10965,0,0,5,3,224,5,1,1,5,1842,0,1,1,1,1,1,0,0.6280329,1,Late,High Risk
10966,1,0,4,3,225,5,1,1,1,1755,0,1,1,1,1,1,0,0.5520469,1,Late,Medium Risk
10967,2,0,5,5,246,5,1,0,6,1300,0,1,1,1,1,1,0,0.75084496,1,Late,High Risk
10968,4,0,5,4,221,6,2,1,5,1944,0,1,1,1,1,1,0,0.6579873,1,Late,High Risk
10969,3,0,4,4,257,5,2,0,4,1668,0,1,1,1,1,1,0,0.60854256,1,Late,High Risk
10970,4,0,5,2,234,5,2,1,7,1524,0,1,1,1,1,1,1,0.7824867,1,Late,High Risk
10971,0,0,4,4,216,6,1,1,5,1272,0,1,1,1,1,1,0,0.7213205,1,Late,High Risk
10972,1,0,5,5,221,5,1,1,8,1718,0,1,1,1,1,1,0,0.7262737,1,Late,High Risk
10973,2,0,4,1,249,5,1,0,10,1762,1,1,1,1,1,1,1,0.5836787,1,Late,Medium Risk
10974,4,0,5,2,240,5,1,0,7,1923,0,1,1,1,1,1,1,0.7406088,1,Late,High Risk
10975,3,0,5,2,219,5,1,0,9,1505,0,1,1,1,1,1,1,0.7637411,1,Late,High Risk
10976,4,0,5,2,219,5,1,1,10,1276,0,1,1,1,1,1,1,0.7710468,1,Late,High Risk
10977,0,0,3,2,278,4,2,1,9,1631,0,0,1,1,1,1,1,0.7345038,1,Late,High Risk
10978,1,2,5,4,232,5,2,0,4,1561,0,1,1,1,1,1,0,0.71394473,1,Late,High Risk
10979,2,2,4,1,253,5,1,0,2,1362,0,1,1,1,1,1,1,0.5768401,1,Late,Medium Risk
10980,4,2,4,2,253,5,1,0,3,1086,1,1,1,1,1,1,1,0.7206658,1,Late,High Risk
10981,3,2,4,4,261,5,1,0,4,1649,1,1,1,1,1,1,0,0.5235666,1,Late,Medium Risk
10982,4,2,5,2,251,6,1,1,10,1196,0,1,1,1,1,1,1,0.6003273,1,Late,High Risk
10983,0,2,5,1,275,5,1,1,7,1623,1,1,1,1,1,1,1,0.621517,1,Late,High Risk
10984,1,2,4,3,229,6,2,1,1,1235,1,1,1,1,1,1,0,0.6158463,1,Late,High Risk
10985,2,2,5,1,257,5,2,1,1,1102,1,1,1,1,1,1,1,0.54955494,1,Late,Medium Risk
10986,4,2,5,1,229,5,1,0,10,1040,1,1,1,1,1,1,1,0.6337162,1,Late,High Risk
10987,3,2,4,5,255,5,2,1,5,1458,1,1,1,1,1,1,0,0.63743544,1,Late,High Risk
10988,4,2,5,3,242,5,1,0,10,1846,1,1,1,1,1,1,0,0.6002163,1,Late,High Risk
10989,0,2,4,3,192,4,1,0,2,1830,0,1,1,1,0,1,0,0.28011706,0,On Time,Low Risk
10990,1,2,5,1,218,5,2,0,9,1603,0,1,1,1,1,1,1,0.7689067,1,Late,High Risk
10991,2,2,5,4,219,6,1,1,3,1098,0,1,1,1,1,1,0,0.7643322,1,Late,High Risk
10992,4,2,5,2,261,5,2,1,9,1227,1,1,1,1,1,1,1,0.5115235,1,Late,Medium Risk
10993,3,2,5,1,236,5,2,1,3,1906,0,1,1,1,1,1,1,0.75739044,1,Late,High Risk
10994,4,2,5,1,257,6,1,0,1,1150,0,1,1,1,1,1,1,0.6239401,1,Late,High Risk
10995,0,2,4,1,252,5,2,0,1,1538,1,1,1,1,1,1,1,0.5639657,1,Late,Medium Risk
10996,1,2,4,1,232,5,2,0,6,1247,0,1,1,1,1,1,1,0.8032443,1,Late,High Risk
10997,2,2,5,4,242,5,1,0,4,1155,0,1,1,1,1,1,0,0.5977785,1,Late,Medium Risk
10998,4,2,5,2,223,6,2,1,2,1210,0,1,1,1,1,1,1,0.76939803,1,Late,High Risk
10999,3,2,2,5,155,5,1,0,6,1639,0,0,1,1,0,1,0,0.5242109,1,Late,Medium Risk
